line,size,line_impedance,line_length
0,48,0.78,0.37
1,160,0.45,0.4
2,136,0.46,0.12
3,87,0.74,0.37
4,181,0.6,0.31
5,168,0.46,0.26
6,146,0.53,0.16
7,178,0.69,0.25
8,102,0.29,0.32
9,62,0.69,0.2
10,117,0.38,0.16
11,53,0.38,0.15
12,125,0.7,0.18
13,82,0.49,0.16
14,133,0.29,0.17
15,28,0.8,0.2
16,186,0.45,0.39
17,105,0.33,0.33
18,61,0.68,0.24
19,79,0.27,0.28
20,51,0.48,0.14
21,134,0.76,0.1
22,144,0.71,0.29
23,157,0.7,0.3
24,42,0.32,0.26
25,74,0.53,0.1
26,169,0.24,0.34
27,174,0.4,0.26
28,173,0.72,0.35
29,177,0.68,0.2
30,70,0.3,0.36
31,87,0.53,0.33
32,72,0.51,0.32
33,43,0.67,0.2
34,186,0.28,0.39
35,129,0.57,0.36
36,105,0.62,0.33
37,95,0.67,0.29
38,31,0.74,0.38
39,138,0.65,0.3
40,67,0.36,0.16
41,147,0.49,0.35
42,185,0.43,0.13
43,76,0.25,0.26
44,168,0.4,0.23
45,134,0.65,0.36
46,23,0.22,0.39
47,74,0.27,0.35
48,143,0.53,0.29
49,148,0.54,0.16
50,144,0.63,0.11
51,194,0.26,0.15
52,91,0.33,0.2
53,47,0.71,0.38
54,190,0.68,0.24
55,45,0.33,0.32
56,192,0.27,0.29
57,147,0.55,0.35
58,155,0.35,0.39
59,142,0.78,0.16
60,144,0.65,0.23
61,103,0.24,0.21
62,144,0.71,0.19
63,33,0.25,0.39
64,170,0.38,0.13
65,113,0.62,0.14
66,63,0.31,0.34
67,50,0.8,0.36
68,149,0.23,0.11
69,117,0.51,0.15
70,25,0.62,0.16
71,64,0.63,0.26
72,101,0.29,0.15
73,161,0.61,0.18
74,91,0.68,0.17
75,95,0.35,0.18
76,114,0.41,0.3
77,104,0.7,0.2
78,181,0.58,0.32
79,180,0.75,0.16
80,68,0.66,0.29
81,53,0.65,0.19
82,124,0.46,0.12
83,177,0.66,0.11
84,157,0.66,0.19
85,71,0.55,0.25
86,122,0.69,0.2
87,136,0.66,0.17
88,144,0.66,0.12
89,132,0.66,0.21
90,116,0.68,0.24
91,52,0.26,0.34
92,184,0.36,0.22
93,21,0.73,0.11
94,135,0.29,0.25
95,42,0.73,0.31
96,159,0.7,0.21
97,106,0.62,0.38
98,183,0.55,0.26
99,138,0.73,0.14
100,140,0.36,0.11
101,94,0.59,0.28
102,98,0.53,0.37
103,26,0.34,0.36
104,70,0.38,0.36
105,182,0.49,0.4
106,137,0.41,0.36
107,196,0.74,0.23
108,178,0.66,0.11
109,179,0.22,0.19
110,57,0.77,0.21
111,126,0.6,0.13
112,57,0.62,0.26
113,35,0.51,0.25
114,90,0.44,0.19
115,21,0.78,0.12
116,188,0.51,0.34
117,160,0.63,0.31
118,172,0.44,0.23
119,183,0.58,0.28
120,132,0.54,0.38
121,43,0.74,0.35
122,50,0.56,0.28
123,134,0.69,0.21
124,37,0.35,0.38
125,133,0.24,0.2
126,108,0.46,0.3
127,190,0.75,0.35
128,190,0.41,0.19
129,110,0.57,0.31
130,97,0.63,0.23
131,20,0.5,0.28
132,58,0.26,0.16
133,46,0.41,0.24
134,126,0.79,0.24
135,98,0.23,0.34
136,149,0.47,0.3
137,79,0.41,0.13
138,142,0.7,0.31
139,53,0.45,0.31
140,99,0.51,0.3
141,123,0.36,0.3
142,63,0.34,0.17
143,167,0.28,0.33
144,138,0.75,0.19
145,87,0.69,0.28
146,164,0.7,0.34
147,139,0.28,0.32
148,144,0.32,0.3
149,69,0.46,0.33
150,106,0.25,0.3
151,163,0.61,0.14
152,23,0.47,0.21
153,82,0.35,0.38
154,103,0.71,0.24
155,115,0.68,0.21
156,83,0.47,0.34
157,89,0.47,0.21
158,22,0.36,0.18
159,95,0.35,0.29
160,106,0.23,0.33
161,103,0.4,0.35
162,141,0.44,0.3
163,109,0.58,0.38
164,77,0.27,0.1
165,45,0.67,0.1
166,129,0.43,0.32
167,109,0.59,0.2
168,173,0.25,0.24
169,193,0.5,0.14
170,170,0.78,0.35
171,147,0.23,0.34
172,56,0.71,0.12
173,175,0.44,0.17
174,34,0.58,0.33
175,23,0.42,0.2
176,117,0.23,0.35
177,118,0.22,0.28
178,118,0.36,0.36
179,145,0.5,0.12
180,27,0.53,0.26
181,133,0.64,0.1
182,25,0.78,0.18
183,32,0.31,0.4
184,118,0.79,0.37
185,127,0.27,0.21
186,56,0.29,0.32
187,145,0.71,0.15
188,96,0.55,0.37
189,121,0.68,0.17
190,198,0.6,0.17
191,175,0.77,0.11
192,72,0.29,0.28
193,182,0.48,0.18
194,30,0.51,0.32
195,71,0.53,0.35
196,101,0.69,0.3
197,162,0.53,0.27
198,20,0.76,0.31
199,131,0.73,0.19
200,103,0.66,0.22
201,119,0.64,0.21
202,24,0.43,0.18
203,105,0.79,0.2
204,153,0.4,0.11
205,31,0.65,0.13
206,41,0.42,0.31
207,104,0.49,0.27
208,168,0.41,0.21
209,41,0.47,0.32
210,35,0.34,0.24
211,135,0.35,0.17
212,101,0.25,0.36
213,48,0.6,0.36
214,70,0.34,0.14
215,156,0.58,0.3
216,67,0.73,0.28
217,71,0.67,0.25
218,152,0.73,0.17
219,39,0.4,0.25
220,147,0.78,0.38
221,169,0.78,0.14
222,76,0.6,0.22
223,21,0.61,0.17
224,185,0.77,0.21
225,143,0.22,0.32
226,150,0.68,0.37
227,35,0.7,0.33
228,97,0.7,0.27
229,180,0.64,0.32
230,79,0.27,0.14
231,160,0.69,0.29
232,102,0.68,0.15
233,151,0.52,0.37
234,179,0.25,0.17
235,182,0.67,0.37
236,188,0.23,0.23
237,55,0.76,0.3
238,34,0.79,0.12
239,96,0.2,0.23
240,55,0.77,0.19
241,175,0.2,0.14
242,112,0.63,0.38
243,97,0.37,0.37
244,120,0.6,0.26
245,183,0.37,0.13
246,175,0.4,0.25
247,162,0.48,0.29
248,107,0.7,0.31
249,179,0.22,0.32
250,175,0.38,0.22
251,138,0.6,0.29
252,58,0.52,0.37
253,72,0.61,0.38
254,182,0.53,0.28
255,64,0.22,0.39
256,44,0.22,0.21
257,161,0.76,0.11
258,65,0.73,0.18
259,132,0.33,0.37
260,136,0.22,0.28
261,170,0.67,0.38
262,50,0.45,0.25
263,145,0.4,0.27
264,155,0.69,0.34
265,48,0.71,0.3
266,48,0.34,0.25
267,70,0.53,0.21
268,40,0.32,0.23
269,93,0.69,0.17
270,139,0.28,0.28
271,182,0.71,0.31
272,55,0.45,0.38
273,52,0.24,0.37
274,138,0.51,0.33
275,94,0.43,0.32
276,117,0.29,0.22
277,56,0.22,0.18
278,96,0.59,0.36
279,23,0.55,0.14
280,187,0.71,0.3
281,37,0.47,0.3
282,23,0.76,0.34
283,20,0.25,0.12
284,81,0.21,0.3
285,94,0.59,0.2
286,85,0.25,0.37
287,105,0.6,0.36
288,158,0.4,0.36
289,153,0.66,0.12
290,64,0.59,0.38
291,39,0.32,0.11
292,37,0.36,0.36
293,79,0.52,0.14
294,46,0.21,0.33
295,143,0.23,0.2
296,79,0.47,0.18
297,36,0.71,0.17
298,73,0.71,0.2
299,27,0.6,0.18
300,197,0.74,0.11
301,90,0.63,0.28
302,176,0.39,0.21
303,68,0.68,0.19
304,91,0.24,0.37
305,168,0.66,0.15
306,92,0.54,0.36
307,178,0.48,0.19
308,77,0.53,0.36
309,20,0.25,0.31
310,148,0.55,0.17
311,66,0.52,0.39
312,80,0.53,0.15
313,89,0.74,0.15
314,147,0.63,0.36
315,26,0.32,0.2
316,194,0.45,0.28
317,110,0.56,0.23
318,197,0.75,0.17
319,92,0.78,0.25
320,66,0.76,0.19
321,146,0.61,0.19
322,55,0.47,0.36
323,80,0.41,0.13
324,147,0.24,0.12
325,116,0.71,0.33
326,24,0.39,0.19
327,168,0.48,0.19
328,92,0.74,0.29
329,198,0.7,0.33
330,123,0.35,0.29
331,32,0.34,0.36
332,163,0.71,0.25
333,104,0.55,0.38
334,98,0.44,0.34
335,53,0.32,0.2
336,82,0.63,0.17
337,76,0.48,0.37
338,24,0.63,0.16
339,50,0.71,0.12
340,103,0.34,0.4
341,105,0.22,0.19
342,122,0.58,0.3
343,194,0.64,0.27
344,153,0.26,0.22
345,106,0.72,0.3
346,46,0.24,0.18
347,110,0.26,0.36
348,169,0.38,0.16
349,98,0.46,0.39
350,93,0.4,0.18
351,128,0.7,0.33
352,193,0.5,0.39
353,94,0.77,0.11
354,140,0.75,0.15
355,98,0.31,0.22
356,109,0.35,0.15
357,22,0.47,0.26
358,137,0.23,0.31
359,86,0.39,0.39
360,198,0.45,0.37
361,172,0.71,0.34
362,174,0.26,0.23
363,180,0.56,0.31
364,159,0.78,0.12
365,29,0.26,0.25
366,138,0.66,0.34
367,197,0.3,0.35
368,22,0.54,0.21
369,109,0.75,0.2
370,21,0.8,0.2
371,181,0.73,0.21
372,42,0.64,0.13
373,200,0.7,0.3
374,84,0.58,0.38
375,167,0.74,0.12
376,189,0.77,0.21
377,48,0.78,0.29
378,191,0.62,0.36
379,60,0.5,0.11
380,53,0.49,0.28
381,167,0.32,0.27
382,21,0.21,0.32
383,133,0.64,0.27
384,154,0.22,0.37
385,55,0.77,0.33
386,189,0.8,0.14
387,198,0.55,0.34
388,70,0.54,0.34
389,117,0.57,0.19
390,186,0.23,0.28
391,182,0.33,0.23
392,26,0.28,0.25
393,131,0.42,0.39
394,159,0.42,0.31
395,23,0.43,0.26
396,173,0.2,0.29
397,62,0.32,0.14
398,130,0.76,0.15
399,46,0.69,0.15
400,108,0.4,0.18
401,145,0.41,0.25
402,110,0.61,0.28
403,36,0.45,0.34
404,29,0.75,0.22
405,119,0.38,0.34
406,156,0.41,0.17
407,120,0.44,0.35
408,88,0.28,0.11
409,47,0.22,0.24
410,96,0.47,0.13
411,97,0.57,0.37
412,143,0.64,0.22
413,159,0.27,0.16
414,194,0.61,0.24
415,22,0.62,0.38
416,199,0.24,0.36
417,195,0.27,0.34
418,62,0.26,0.27
419,99,0.56,0.35
420,168,0.4,0.12
421,182,0.5,0.24
422,118,0.31,0.36
423,117,0.21,0.1
424,189,0.7,0.24
425,34,0.63,0.24
426,82,0.42,0.16
427,63,0.47,0.14
428,32,0.5,0.25
429,73,0.57,0.2
430,110,0.64,0.22
431,120,0.78,0.36
432,37,0.53,0.22
433,125,0.5,0.13
434,174,0.49,0.19
435,77,0.69,0.11
436,137,0.78,0.24
437,145,0.6,0.39
438,90,0.66,0.13
439,195,0.2,0.22
440,89,0.27,0.29
441,69,0.31,0.27
442,44,0.55,0.33
443,148,0.39,0.29
444,78,0.58,0.2
445,145,0.61,0.24
446,54,0.23,0.2
447,186,0.77,0.13
448,84,0.75,0.18
449,134,0.53,0.29
450,126,0.23,0.22
451,79,0.54,0.38
452,93,0.66,0.35
453,21,0.5,0.26
454,174,0.78,0.35
455,108,0.42,0.33
456,69,0.48,0.36
457,167,0.44,0.22
458,102,0.72,0.14
459,177,0.51,0.36
460,57,0.73,0.4
461,170,0.56,0.16
462,37,0.42,0.13
463,97,0.32,0.28
464,177,0.69,0.35
465,165,0.28,0.15
466,75,0.48,0.17
467,142,0.62,0.38
468,121,0.26,0.29
469,89,0.58,0.24
470,151,0.66,0.35
471,168,0.37,0.18
472,184,0.78,0.31
473,120,0.29,0.33
474,45,0.31,0.25
475,82,0.46,0.36
476,96,0.24,0.3
477,22,0.36,0.23
478,65,0.67,0.12
479,147,0.32,0.15
480,146,0.69,0.36
481,83,0.39,0.26
482,54,0.73,0.15
483,88,0.55,0.16
484,58,0.58,0.37
485,148,0.4,0.36
486,106,0.38,0.38
487,65,0.52,0.14
488,129,0.5,0.17
489,137,0.29,0.11
490,154,0.53,0.25
491,107,0.8,0.33
492,41,0.31,0.23
493,49,0.48,0.28
494,127,0.37,0.17
495,41,0.61,0.23
496,108,0.41,0.26
497,100,0.58,0.39
498,47,0.46,0.15
499,135,0.43,0.36
500,151,0.34,0.37
501,114,0.52,0.14
502,46,0.49,0.17
503,94,0.29,0.28
504,140,0.51,0.3
505,159,0.32,0.3
506,60,0.39,0.24
507,129,0.43,0.39
508,83,0.23,0.12
509,63,0.61,0.16
510,115,0.62,0.24
511,114,0.2,0.37
512,185,0.42,0.29
513,146,0.5,0.22
514,154,0.6,0.23
515,146,0.4,0.22
516,148,0.52,0.37
517,137,0.36,0.22
518,63,0.58,0.33
519,172,0.22,0.17
520,95,0.58,0.12
521,156,0.79,0.22
522,82,0.37,0.11
523,154,0.52,0.34
524,200,0.56,0.11
525,23,0.2,0.27
526,138,0.44,0.22
527,119,0.74,0.16
528,160,0.56,0.29
529,182,0.33,0.22
530,191,0.26,0.26
531,145,0.53,0.39
532,119,0.24,0.14
533,154,0.62,0.33
534,141,0.7,0.13
535,152,0.56,0.32
536,111,0.34,0.37
537,82,0.56,0.39
538,71,0.49,0.2
539,69,0.68,0.35
540,183,0.21,0.2
541,182,0.65,0.13
542,26,0.66,0.4
543,134,0.26,0.24
544,79,0.41,0.38
545,170,0.42,0.38
546,118,0.31,0.2
547,136,0.63,0.15
548,115,0.73,0.38
549,44,0.27,0.14
550,176,0.78,0.4
551,35,0.7,0.11
552,172,0.35,0.11
553,182,0.7,0.26
554,87,0.66,0.29
555,67,0.22,0.14
556,23,0.37,0.24
557,92,0.73,0.24
558,118,0.49,0.14
559,73,0.61,0.17
560,167,0.39,0.27
561,158,0.56,0.22
562,174,0.49,0.4
563,158,0.3,0.29
564,164,0.36,0.13
565,29,0.69,0.12
566,160,0.53,0.17
567,175,0.78,0.34
568,50,0.44,0.14
569,52,0.73,0.24
570,163,0.51,0.23
571,135,0.66,0.19
572,181,0.39,0.3
573,85,0.34,0.22
574,121,0.27,0.38
575,126,0.51,0.38
576,128,0.46,0.2
577,137,0.6,0.2
578,112,0.2,0.37
579,142,0.79,0.32
580,98,0.62,0.38
581,105,0.34,0.34
582,79,0.51,0.1
583,50,0.76,0.3
584,66,0.64,0.3
585,26,0.29,0.35
586,25,0.22,0.18
587,195,0.24,0.34
588,127,0.49,0.29
589,120,0.54,0.16
590,94,0.58,0.38
591,96,0.45,0.4
592,178,0.6,0.17
593,103,0.55,0.26
594,149,0.77,0.31
595,166,0.74,0.25
596,46,0.6,0.28
597,151,0.26,0.23
598,87,0.78,0.23
599,77,0.69,0.29
600,147,0.46,0.28
601,110,0.43,0.29
602,66,0.66,0.37
603,81,0.65,0.17
604,99,0.59,0.3
605,162,0.36,0.24
606,40,0.68,0.32
607,157,0.71,0.32
608,167,0.3,0.17
609,83,0.51,0.36
610,138,0.36,0.17
611,107,0.57,0.37
612,41,0.25,0.2
613,132,0.65,0.23
614,175,0.53,0.36
615,140,0.55,0.21
616,100,0.38,0.19
617,81,0.57,0.25
618,142,0.68,0.34
619,150,0.33,0.35
620,154,0.49,0.31
621,172,0.69,0.4
622,135,0.65,0.27
623,194,0.79,0.25
624,54,0.27,0.35
625,34,0.67,0.16
626,75,0.26,0.33
627,121,0.28,0.38
628,32,0.4,0.29
629,168,0.42,0.24
630,180,0.3,0.28
631,169,0.65,0.37
632,158,0.57,0.31
633,61,0.48,0.3
634,50,0.61,0.1
635,90,0.23,0.39
636,55,0.79,0.32
637,81,0.46,0.11
638,199,0.54,0.35
639,166,0.45,0.36
640,47,0.44,0.32
641,113,0.77,0.14
642,116,0.76,0.16
643,62,0.22,0.33
644,155,0.5,0.37
645,43,0.77,0.32
646,134,0.78,0.33
647,53,0.58,0.33
648,190,0.36,0.15
649,195,0.62,0.14
650,175,0.39,0.32
651,32,0.68,0.17
652,42,0.39,0.36
653,76,0.65,0.37
654,59,0.33,0.26
655,99,0.8,0.24
656,124,0.21,0.18
657,180,0.66,0.36
658,152,0.72,0.18
659,191,0.78,0.25
660,27,0.35,0.21
661,168,0.3,0.28
662,161,0.31,0.3
663,52,0.69,0.12
664,111,0.59,0.35
665,45,0.78,0.11
666,122,0.68,0.34
667,139,0.36,0.17
668,178,0.33,0.24
669,138,0.79,0.37
670,85,0.27,0.2
671,57,0.36,0.33
672,176,0.42,0.34
673,188,0.42,0.32
674,113,0.33,0.35
675,109,0.39,0.22
676,54,0.6,0.26
677,70,0.22,0.36
678,147,0.44,0.23
679,130,0.48,0.19
680,41,0.73,0.28
681,150,0.4,0.2
682,80,0.58,0.34
683,23,0.66,0.14
684,120,0.45,0.28
685,170,0.58,0.35
686,87,0.66,0.27
687,105,0.36,0.25
688,77,0.6,0.37
689,42,0.49,0.37
690,96,0.64,0.14
691,25,0.22,0.36
692,176,0.59,0.26
693,97,0.7,0.19
694,133,0.24,0.13
695,63,0.72,0.12
696,28,0.42,0.19
697,84,0.27,0.31
698,107,0.28,0.32
699,137,0.77,0.18
700,57,0.28,0.19
701,66,0.27,0.19
702,53,0.69,0.28
703,85,0.51,0.26
704,25,0.37,0.16
705,42,0.64,0.21
706,171,0.29,0.31
707,140,0.4,0.11
708,143,0.44,0.4
709,190,0.26,0.4
710,165,0.52,0.3
711,187,0.23,0.38
712,71,0.35,0.35
713,32,0.67,0.31
714,56,0.27,0.24
715,200,0.3,0.34
716,124,0.34,0.13
717,79,0.8,0.17
718,192,0.8,0.26
719,44,0.53,0.14
720,82,0.69,0.24
721,98,0.24,0.2
722,171,0.45,0.25
723,191,0.21,0.28
724,80,0.28,0.18
725,110,0.37,0.11
726,32,0.7,0.17
727,95,0.73,0.37
728,95,0.3,0.29
729,71,0.73,0.35
730,90,0.25,0.35
731,157,0.39,0.24
732,156,0.41,0.31
733,170,0.51,0.35
734,72,0.23,0.2
735,141,0.7,0.27
736,160,0.74,0.34
737,75,0.21,0.39
738,56,0.7,0.27
739,54,0.39,0.2
740,91,0.62,0.26
741,152,0.4,0.28
742,64,0.42,0.17
743,184,0.29,0.25
744,125,0.38,0.24
745,70,0.32,0.29
746,157,0.32,0.36
747,85,0.23,0.28
748,86,0.64,0.1
749,74,0.28,0.15
750,157,0.22,0.37
751,123,0.55,0.35
752,86,0.48,0.33
753,91,0.67,0.27
754,31,0.69,0.38
755,68,0.67,0.28
756,126,0.31,0.29
757,50,0.32,0.11
758,171,0.71,0.37
759,74,0.62,0.14
760,110,0.47,0.17
761,138,0.5,0.2
762,50,0.25,0.24
763,27,0.69,0.36
764,22,0.41,0.24
765,176,0.39,0.21
766,193,0.76,0.16
767,25,0.34,0.26
768,172,0.73,0.25
769,125,0.77,0.33
770,148,0.36,0.38
771,111,0.34,0.34
772,101,0.25,0.28
773,42,0.7,0.31
774,78,0.37,0.12
775,150,0.78,0.15
776,87,0.48,0.3
777,125,0.68,0.39
778,103,0.34,0.33
779,58,0.6,0.26
780,57,0.42,0.32
781,85,0.75,0.37
782,28,0.44,0.14
783,91,0.76,0.2
784,22,0.8,0.21
785,187,0.43,0.34
786,164,0.71,0.23
787,200,0.6,0.15
788,116,0.44,0.37
789,92,0.32,0.21
790,110,0.8,0.37
791,44,0.49,0.18
792,81,0.47,0.38
793,99,0.53,0.36
794,72,0.68,0.13
795,132,0.47,0.26
796,55,0.74,0.29
797,94,0.68,0.23
798,132,0.7,0.38
799,147,0.3,0.28
800,51,0.37,0.28
801,82,0.4,0.36
802,78,0.48,0.32
803,43,0.21,0.17
804,35,0.58,0.12
805,157,0.69,0.39
806,120,0.58,0.11
807,132,0.61,0.29
808,38,0.28,0.4
809,177,0.21,0.2
810,78,0.56,0.12
811,157,0.23,0.17
812,128,0.58,0.22
813,21,0.73,0.28
814,38,0.33,0.38
815,34,0.73,0.17
816,155,0.21,0.23
817,147,0.24,0.14
818,42,0.58,0.32
819,88,0.5,0.36
820,35,0.44,0.11
821,190,0.3,0.23
822,175,0.43,0.28
823,38,0.54,0.23
824,34,0.31,0.19
825,75,0.59,0.28
826,84,0.4,0.28
827,110,0.63,0.35
828,66,0.45,0.33
829,93,0.4,0.17
830,31,0.31,0.12
831,123,0.78,0.22
832,119,0.27,0.27
833,193,0.76,0.11
834,103,0.57,0.2
835,187,0.44,0.28
836,93,0.52,0.32
837,43,0.4,0.25
838,38,0.52,0.24
839,135,0.77,0.24
840,96,0.77,0.16
841,29,0.31,0.18
842,185,0.55,0.18
843,153,0.27,0.13
844,130,0.28,0.27
845,174,0.6,0.35
846,67,0.73,0.11
847,62,0.68,0.36
848,75,0.32,0.11
849,51,0.42,0.21
850,103,0.38,0.33
851,93,0.24,0.29
852,102,0.5,0.38
853,140,0.24,0.24
854,67,0.39,0.2
855,186,0.64,0.33
856,175,0.31,0.17
857,69,0.45,0.25
858,134,0.45,0.28
859,45,0.28,0.29
860,177,0.4,0.17
861,85,0.62,0.23
862,94,0.64,0.25
863,44,0.54,0.29
864,136,0.26,0.37
865,113,0.73,0.39
866,79,0.37,0.33
867,83,0.5,0.15
868,102,0.34,0.26
869,87,0.31,0.16
870,151,0.78,0.31
871,87,0.23,0.34
872,175,0.56,0.2
873,147,0.43,0.39
874,99,0.21,0.23
875,132,0.76,0.28
876,187,0.46,0.29
877,119,0.33,0.19
878,23,0.28,0.28
879,24,0.74,0.28
880,59,0.6,0.35
881,69,0.45,0.25
882,129,0.42,0.14
883,90,0.22,0.12
884,195,0.41,0.26
885,91,0.54,0.36
886,187,0.59,0.27
887,179,0.71,0.39
888,42,0.78,0.32
889,155,0.5,0.3
890,53,0.41,0.16
891,133,0.25,0.14
892,186,0.4,0.35
893,24,0.68,0.27
894,142,0.57,0.28
895,121,0.59,0.1
896,163,0.3,0.31
897,51,0.37,0.35
898,148,0.49,0.1
899,58,0.4,0.14
900,76,0.7,0.37
901,146,0.35,0.37
902,70,0.79,0.16
903,106,0.51,0.24
904,31,0.79,0.14
905,38,0.66,0.21
906,38,0.52,0.17
907,147,0.35,0.22
908,124,0.38,0.32
909,52,0.55,0.34
910,178,0.72,0.28
911,63,0.38,0.29
912,28,0.29,0.14
913,158,0.74,0.29
914,136,0.7,0.22
915,28,0.28,0.3
916,160,0.57,0.17
917,52,0.39,0.28
918,75,0.29,0.11
919,79,0.43,0.37
920,60,0.22,0.11
921,128,0.21,0.2
922,173,0.43,0.34
923,189,0.21,0.19
924,92,0.32,0.32
925,128,0.31,0.38
926,62,0.77,0.2
927,148,0.21,0.11
928,68,0.78,0.15
929,129,0.26,0.13
930,130,0.26,0.32
931,143,0.27,0.28
932,195,0.63,0.2
933,199,0.31,0.34
934,102,0.54,0.2
935,71,0.66,0.27
936,195,0.76,0.33
937,52,0.39,0.14
938,41,0.73,0.4
939,158,0.2,0.24
940,148,0.53,0.29
941,110,0.78,0.3
942,104,0.44,0.35
943,75,0.56,0.12
944,185,0.29,0.13
945,140,0.79,0.25
946,35,0.5,0.37
947,89,0.69,0.24
948,45,0.55,0.12
949,133,0.49,0.21
950,90,0.41,0.33
951,61,0.53,0.16
952,148,0.62,0.39
953,179,0.58,0.26
954,197,0.78,0.13
955,182,0.26,0.13
956,112,0.3,0.4
957,134,0.52,0.16
958,24,0.53,0.25
959,172,0.73,0.17
960,73,0.67,0.21
961,134,0.49,0.2
962,153,0.43,0.25
963,20,0.42,0.34
964,195,0.24,0.13
965,133,0.58,0.18
966,192,0.41,0.16
967,80,0.23,0.31
968,72,0.25,0.21
969,134,0.26,0.27
970,190,0.59,0.15
971,83,0.46,0.38
972,169,0.78,0.27
973,173,0.32,0.11
974,190,0.37,0.19
975,61,0.3,0.37
976,103,0.76,0.36
977,98,0.23,0.39
978,141,0.3,0.15
979,147,0.43,0.27
980,199,0.68,0.16
981,174,0.78,0.18
982,153,0.62,0.21
983,136,0.44,0.13
984,49,0.4,0.14
985,67,0.25,0.12
986,78,0.28,0.29
987,83,0.65,0.35
988,65,0.54,0.32
989,118,0.38,0.39
990,114,0.47,0.18
991,101,0.71,0.12
992,118,0.73,0.36
993,130,0.61,0.37
994,41,0.73,0.39
995,73,0.52,0.32
996,154,0.5,0.15
997,200,0.23,0.22
998,74,0.4,0.14
999,117,0.61,0.36
1000,126,0.3,0.25
1001,85,0.27,0.16
1002,118,0.28,0.2
1003,110,0.6,0.1
1004,58,0.75,0.28
1005,103,0.27,0.25
1006,64,0.5,0.29
1007,128,0.73,0.3
1008,65,0.38,0.26
1009,185,0.65,0.12
1010,105,0.38,0.1
1011,145,0.2,0.35
1012,140,0.7,0.21
1013,22,0.3,0.18
1014,154,0.62,0.1
1015,104,0.55,0.33
1016,177,0.3,0.26
1017,161,0.51,0.27
1018,109,0.3,0.31
1019,36,0.68,0.19
1020,27,0.34,0.19
1021,33,0.7,0.21
1022,29,0.45,0.32
1023,129,0.72,0.21
1024,161,0.63,0.37
1025,160,0.34,0.13
1026,119,0.32,0.38
1027,20,0.23,0.19
1028,76,0.57,0.16
1029,133,0.72,0.32
1030,72,0.29,0.25
1031,27,0.72,0.36
1032,135,0.55,0.12
1033,30,0.21,0.35
1034,52,0.7,0.3
1035,118,0.53,0.16
1036,99,0.5,0.28
1037,182,0.66,0.18
1038,55,0.58,0.25
1039,191,0.45,0.26
1040,120,0.49,0.14
1041,65,0.34,0.35
1042,160,0.62,0.2
1043,198,0.3,0.23
1044,75,0.64,0.33
1045,36,0.67,0.32
1046,186,0.29,0.36
1047,68,0.61,0.13
1048,152,0.7,0.21
1049,142,0.61,0.18
1050,76,0.24,0.27
1051,87,0.69,0.25
1052,111,0.59,0.35
1053,179,0.43,0.19
1054,62,0.3,0.17
1055,66,0.4,0.25
1056,184,0.39,0.1
1057,45,0.66,0.22
1058,47,0.69,0.38
1059,77,0.48,0.35
1060,147,0.67,0.29
1061,178,0.52,0.18
1062,130,0.78,0.11
1063,65,0.55,0.2
1064,79,0.55,0.19
1065,29,0.44,0.13
1066,57,0.66,0.32
1067,64,0.7,0.13
1068,171,0.47,0.18
1069,41,0.45,0.19
1070,59,0.45,0.32
1071,63,0.34,0.18
1072,122,0.75,0.16
1073,127,0.45,0.18
1074,84,0.57,0.13
1075,144,0.46,0.37
1076,200,0.62,0.32
1077,189,0.69,0.4
1078,195,0.75,0.36
1079,165,0.34,0.15
1080,191,0.54,0.17
1081,109,0.46,0.12
1082,171,0.37,0.15
1083,164,0.42,0.28
1084,144,0.22,0.35
1085,97,0.37,0.18
1086,79,0.56,0.21
1087,150,0.62,0.31
1088,62,0.4,0.3
1089,94,0.37,0.12
1090,49,0.44,0.33
1091,99,0.43,0.14
1092,25,0.7,0.1
1093,181,0.74,0.29
1094,105,0.79,0.35
1095,112,0.69,0.32
1096,88,0.76,0.26
1097,181,0.26,0.23
1098,25,0.55,0.23
1099,70,0.39,0.18
1100,45,0.66,0.25
1101,110,0.37,0.39
1102,48,0.24,0.23
1103,47,0.67,0.34
1104,147,0.32,0.19
1105,93,0.44,0.23
1106,82,0.26,0.1
1107,149,0.77,0.22
1108,69,0.66,0.13
1109,107,0.77,0.13
1110,166,0.21,0.26
1111,26,0.5,0.2
1112,182,0.52,0.28
1113,192,0.67,0.24
1114,166,0.77,0.31
1115,109,0.32,0.19
1116,58,0.68,0.36
1117,172,0.33,0.15
1118,77,0.48,0.25
1119,191,0.23,0.22
1120,181,0.68,0.1
1121,195,0.75,0.37
1122,91,0.78,0.31
1123,54,0.2,0.19
1124,139,0.37,0.18
1125,173,0.51,0.37
1126,82,0.51,0.11
1127,55,0.62,0.18
1128,35,0.46,0.2
1129,29,0.38,0.29
1130,82,0.37,0.25
1131,131,0.38,0.22
1132,178,0.2,0.24
1133,54,0.39,0.27
1134,33,0.73,0.26
1135,41,0.38,0.35
1136,154,0.41,0.29
1137,56,0.65,0.19
1138,22,0.71,0.2
1139,66,0.54,0.3
1140,71,0.38,0.11
1141,89,0.59,0.21
1142,109,0.36,0.15
1143,45,0.32,0.29
1144,187,0.34,0.21
1145,119,0.38,0.34
1146,147,0.56,0.28
1147,75,0.42,0.17
1148,107,0.21,0.35
1149,115,0.22,0.15
1150,176,0.29,0.1
1151,111,0.77,0.15
1152,57,0.67,0.34
1153,152,0.57,0.37
1154,81,0.32,0.35
1155,85,0.68,0.21
1156,84,0.49,0.33
1157,152,0.25,0.27
1158,68,0.33,0.29
1159,56,0.34,0.24
1160,107,0.78,0.2
1161,57,0.37,0.11
1162,170,0.55,0.33
1163,34,0.39,0.15
1164,41,0.73,0.31
1165,125,0.38,0.36
1166,25,0.37,0.25
1167,90,0.21,0.25
1168,99,0.76,0.28
1169,175,0.59,0.23
1170,196,0.35,0.39
1171,128,0.41,0.37
1172,124,0.38,0.16
1173,38,0.3,0.24
1174,94,0.71,0.15
1175,151,0.21,0.14
1176,83,0.28,0.37
1177,163,0.73,0.39
1178,66,0.31,0.11
1179,163,0.41,0.22
1180,142,0.71,0.35
1181,49,0.24,0.21
1182,148,0.49,0.37
1183,183,0.45,0.28
1184,61,0.48,0.36
1185,102,0.79,0.26
1186,102,0.34,0.22
1187,99,0.79,0.3
1188,148,0.53,0.19
1189,195,0.29,0.27
1190,40,0.57,0.35
1191,175,0.67,0.26
1192,116,0.56,0.14
1193,149,0.51,0.13
1194,145,0.67,0.29
1195,51,0.24,0.36
1196,137,0.21,0.22
1197,53,0.58,0.28
1198,84,0.75,0.34
1199,77,0.64,0.31
1200,113,0.31,0.32
1201,39,0.55,0.37
1202,107,0.79,0.16
1203,46,0.36,0.21
1204,133,0.45,0.39
1205,149,0.65,0.34
1206,29,0.25,0.11
1207,91,0.47,0.36
1208,160,0.34,0.35
1209,99,0.48,0.31
1210,184,0.55,0.19
1211,108,0.52,0.12
1212,101,0.27,0.12
1213,156,0.52,0.2
1214,159,0.66,0.38
1215,120,0.54,0.39
1216,161,0.31,0.39
1217,43,0.37,0.2
1218,166,0.72,0.28
1219,47,0.46,0.34
1220,23,0.62,0.11
1221,187,0.37,0.25
1222,195,0.44,0.13
1223,125,0.44,0.2
1224,68,0.72,0.17
1225,200,0.35,0.32
1226,68,0.25,0.27
1227,186,0.53,0.25
1228,109,0.5,0.32
1229,179,0.8,0.16
1230,137,0.34,0.27
1231,110,0.41,0.27
1232,30,0.23,0.31
1233,91,0.62,0.27
1234,24,0.41,0.31
1235,148,0.78,0.13
1236,200,0.24,0.29
1237,111,0.35,0.25
1238,187,0.75,0.19
1239,41,0.78,0.34
1240,56,0.4,0.32
1241,143,0.39,0.14
1242,124,0.3,0.11
1243,93,0.53,0.16
1244,85,0.21,0.26
1245,102,0.23,0.21
1246,56,0.37,0.22
1247,32,0.53,0.18
1248,121,0.39,0.4
1249,100,0.53,0.33
1250,162,0.26,0.15
1251,158,0.53,0.39
1252,143,0.64,0.38
1253,186,0.45,0.16
1254,176,0.21,0.3
1255,113,0.6,0.2
1256,39,0.34,0.19
1257,57,0.29,0.29
1258,26,0.23,0.1
1259,87,0.73,0.22
1260,187,0.22,0.32
1261,62,0.42,0.4
1262,143,0.45,0.13
1263,99,0.22,0.21
1264,67,0.75,0.19
1265,151,0.59,0.35
1266,185,0.21,0.22
1267,50,0.78,0.28
1268,163,0.65,0.2
1269,143,0.45,0.26
1270,93,0.31,0.16
1271,96,0.25,0.27
1272,38,0.61,0.27
1273,130,0.28,0.13
1274,46,0.34,0.28
1275,47,0.77,0.34
1276,20,0.31,0.31
1277,71,0.58,0.28
1278,102,0.71,0.12
1279,116,0.26,0.28
1280,196,0.78,0.23
1281,54,0.56,0.2
1282,54,0.25,0.15
1283,119,0.56,0.32
1284,193,0.36,0.18
1285,45,0.46,0.28
1286,189,0.74,0.33
1287,90,0.63,0.25
1288,50,0.71,0.15
1289,170,0.64,0.25
1290,72,0.42,0.26
1291,77,0.48,0.39
1292,28,0.52,0.17
1293,76,0.37,0.33
1294,138,0.59,0.38
1295,186,0.35,0.12
1296,57,0.49,0.39
1297,35,0.41,0.38
1298,84,0.79,0.14
1299,141,0.77,0.15
1300,78,0.29,0.23
1301,169,0.26,0.18
1302,100,0.63,0.34
1303,72,0.74,0.25
1304,175,0.64,0.11
1305,84,0.6,0.11
1306,42,0.33,0.12
1307,157,0.67,0.31
1308,35,0.72,0.23
1309,140,0.48,0.14
1310,44,0.72,0.16
1311,177,0.65,0.38
1312,161,0.47,0.15
1313,85,0.48,0.18
1314,181,0.64,0.18
1315,187,0.49,0.31
1316,188,0.3,0.28
1317,22,0.26,0.21
1318,91,0.28,0.27
1319,187,0.37,0.11
1320,27,0.52,0.15
1321,180,0.42,0.38
1322,175,0.63,0.15
1323,56,0.77,0.33
1324,149,0.48,0.28
1325,169,0.22,0.17
1326,42,0.76,0.18
1327,152,0.66,0.17
1328,60,0.37,0.24
1329,83,0.31,0.18
1330,164,0.65,0.3
1331,195,0.2,0.27
1332,128,0.78,0.32
1333,39,0.51,0.29
1334,126,0.42,0.12
1335,28,0.36,0.39
1336,97,0.22,0.38
1337,129,0.36,0.29
1338,150,0.34,0.2
1339,65,0.25,0.34
1340,53,0.34,0.25
1341,128,0.79,0.2
1342,43,0.45,0.36
1343,180,0.35,0.31
1344,151,0.52,0.35
1345,52,0.79,0.34
1346,32,0.4,0.1
1347,131,0.76,0.32
1348,24,0.26,0.38
1349,104,0.53,0.21
1350,84,0.38,0.3
1351,48,0.22,0.11
1352,94,0.33,0.26
1353,33,0.7,0.16
1354,140,0.77,0.19
1355,37,0.76,0.21
1356,141,0.26,0.31
1357,31,0.69,0.23
1358,26,0.49,0.25
1359,52,0.63,0.19
1360,183,0.72,0.19
1361,110,0.27,0.19
1362,40,0.66,0.19
1363,95,0.21,0.17
1364,166,0.78,0.17
1365,100,0.34,0.24
1366,176,0.24,0.29
1367,56,0.75,0.31
1368,183,0.61,0.37
1369,139,0.69,0.16
1370,166,0.6,0.31
1371,64,0.48,0.11
1372,181,0.39,0.2
1373,41,0.32,0.4
1374,72,0.23,0.12
1375,71,0.22,0.21
1376,182,0.59,0.26
1377,174,0.4,0.15
1378,133,0.51,0.29
1379,85,0.71,0.36
1380,49,0.58,0.35
1381,58,0.72,0.28
1382,143,0.28,0.39
1383,101,0.53,0.16
1384,161,0.44,0.29
1385,100,0.65,0.31
1386,66,0.28,0.33
1387,86,0.42,0.34
1388,195,0.42,0.33
1389,79,0.51,0.22
1390,45,0.62,0.32
1391,80,0.77,0.13
1392,152,0.39,0.18
1393,187,0.58,0.27
1394,191,0.68,0.13
1395,164,0.69,0.21
1396,52,0.61,0.2
1397,164,0.41,0.32
1398,126,0.48,0.13
1399,99,0.24,0.19
1400,137,0.65,0.26
1401,44,0.65,0.31
1402,107,0.44,0.14
1403,183,0.38,0.15
1404,161,0.44,0.26
1405,139,0.41,0.25
1406,167,0.6,0.11
1407,140,0.62,0.4
1408,91,0.75,0.25
1409,39,0.41,0.33
1410,109,0.41,0.22
1411,188,0.71,0.14
1412,114,0.49,0.32
1413,46,0.54,0.32
1414,125,0.55,0.16
1415,33,0.66,0.22
1416,158,0.32,0.26
1417,59,0.56,0.18
1418,178,0.68,0.21
1419,168,0.37,0.34
1420,98,0.32,0.28
1421,100,0.62,0.3
1422,131,0.64,0.14
1423,146,0.21,0.28
1424,82,0.76,0.11
1425,130,0.73,0.18
1426,148,0.77,0.35
1427,35,0.67,0.19
1428,193,0.63,0.27
1429,166,0.63,0.38
1430,56,0.36,0.4
1431,150,0.47,0.36
1432,123,0.23,0.37
1433,98,0.46,0.23
1434,87,0.22,0.22
1435,124,0.26,0.39
1436,46,0.58,0.38
1437,170,0.55,0.22
1438,178,0.21,0.21
1439,35,0.8,0.26
1440,60,0.6,0.36
1441,172,0.68,0.28
1442,123,0.44,0.12
1443,58,0.33,0.28
1444,115,0.49,0.15
1445,162,0.43,0.14
1446,194,0.34,0.33
1447,35,0.21,0.16
1448,99,0.4,0.35
1449,56,0.5,0.11
1450,40,0.79,0.19
1451,53,0.69,0.28
1452,112,0.37,0.28
1453,59,0.56,0.26
1454,114,0.53,0.28
1455,54,0.37,0.11
1456,27,0.79,0.13
1457,88,0.4,0.35
1458,26,0.44,0.16
1459,140,0.28,0.18
1460,23,0.35,0.18
1461,88,0.22,0.29
1462,23,0.54,0.39
1463,158,0.48,0.2
1464,94,0.72,0.37
1465,77,0.74,0.32
1466,146,0.45,0.3
1467,179,0.75,0.2
1468,74,0.36,0.11
1469,109,0.66,0.32
1470,111,0.47,0.28
1471,92,0.55,0.25
1472,31,0.71,0.24
1473,115,0.29,0.21
1474,186,0.47,0.14
1475,180,0.34,0.21
1476,100,0.51,0.22
1477,64,0.76,0.25
1478,110,0.76,0.33
1479,198,0.55,0.28
1480,165,0.23,0.23
1481,110,0.43,0.15
1482,159,0.53,0.14
1483,139,0.76,0.21
1484,172,0.56,0.25
1485,63,0.23,0.25
1486,110,0.5,0.31
1487,104,0.77,0.34
1488,176,0.5,0.27
1489,146,0.45,0.17
1490,85,0.46,0.26
1491,155,0.46,0.24
1492,118,0.4,0.15
1493,51,0.36,0.3
1494,65,0.7,0.35
1495,138,0.32,0.35
1496,49,0.72,0.37
1497,102,0.52,0.18
1498,189,0.72,0.13
1499,25,0.36,0.28
1500,147,0.7,0.21
1501,79,0.71,0.21
1502,25,0.28,0.19
1503,34,0.68,0.32
1504,96,0.66,0.39
1505,20,0.2,0.14
1506,38,0.67,0.23
1507,195,0.71,0.28
1508,95,0.69,0.2
1509,100,0.8,0.36
1510,95,0.55,0.34
1511,101,0.72,0.21
1512,105,0.7,0.25
1513,167,0.23,0.12
1514,28,0.23,0.36
1515,189,0.25,0.36
1516,110,0.75,0.29
1517,40,0.75,0.1
1518,27,0.32,0.18
1519,44,0.79,0.25
1520,33,0.25,0.27
1521,143,0.78,0.1
1522,193,0.77,0.2
1523,98,0.25,0.38
1524,67,0.48,0.31
1525,190,0.31,0.28
1526,80,0.66,0.25
1527,98,0.66,0.39
1528,114,0.79,0.23
1529,76,0.23,0.18
1530,142,0.73,0.18
1531,44,0.21,0.35
1532,35,0.69,0.14
1533,178,0.48,0.36
1534,162,0.29,0.37
1535,127,0.78,0.18
1536,58,0.7,0.35
1537,48,0.53,0.16
1538,179,0.57,0.39
1539,161,0.51,0.11
1540,60,0.46,0.37
1541,166,0.53,0.19
1542,182,0.63,0.36
1543,81,0.4,0.18
1544,182,0.66,0.35
1545,171,0.34,0.1
1546,132,0.77,0.39
1547,48,0.2,0.15
1548,116,0.57,0.16
1549,110,0.53,0.13
1550,159,0.43,0.15
1551,63,0.78,0.22
1552,118,0.52,0.36
1553,58,0.66,0.27
1554,140,0.41,0.39
1555,34,0.4,0.27
1556,139,0.29,0.17
1557,199,0.6,0.11
1558,34,0.8,0.13
1559,182,0.57,0.16
1560,173,0.79,0.23
1561,49,0.4,0.14
1562,180,0.72,0.2
1563,171,0.21,0.38
1564,80,0.29,0.33
1565,59,0.55,0.27
1566,94,0.44,0.33
1567,36,0.67,0.21
1568,69,0.48,0.19
1569,79,0.31,0.11
1570,121,0.68,0.11
1571,196,0.61,0.27
1572,131,0.47,0.22
1573,27,0.33,0.16
1574,124,0.72,0.31
1575,151,0.37,0.11
1576,105,0.58,0.1
1577,140,0.25,0.29
1578,90,0.58,0.23
1579,153,0.48,0.29
1580,132,0.55,0.21
1581,168,0.68,0.39
1582,193,0.46,0.18
1583,99,0.56,0.21
1584,82,0.57,0.22
1585,156,0.54,0.18
1586,129,0.36,0.38
1587,84,0.34,0.25
1588,98,0.31,0.33
1589,86,0.43,0.12
1590,74,0.53,0.13
1591,61,0.6,0.28
1592,59,0.4,0.14
1593,161,0.27,0.26
1594,86,0.64,0.12
1595,59,0.64,0.38
1596,140,0.6,0.34
1597,120,0.72,0.16
1598,93,0.68,0.27
1599,122,0.4,0.39
1600,117,0.77,0.32
1601,134,0.73,0.4
1602,101,0.22,0.23
1603,193,0.55,0.24
1604,42,0.67,0.4
1605,127,0.42,0.28
1606,56,0.53,0.17
1607,153,0.72,0.1
1608,191,0.63,0.15
1609,32,0.27,0.2
1610,71,0.26,0.32
1611,189,0.7,0.23
1612,84,0.35,0.28
1613,136,0.76,0.22
1614,52,0.41,0.35
1615,32,0.42,0.36
1616,129,0.64,0.13
1617,34,0.58,0.19
1618,179,0.77,0.18
1619,59,0.28,0.18
1620,130,0.53,0.39
1621,133,0.29,0.22
1622,175,0.41,0.23
1623,139,0.43,0.32
1624,140,0.79,0.2
1625,197,0.39,0.28
1626,43,0.38,0.26
1627,89,0.49,0.25
1628,26,0.44,0.27
1629,79,0.63,0.26
1630,180,0.24,0.31
1631,89,0.6,0.15
1632,87,0.46,0.37
1633,71,0.31,0.35
1634,168,0.42,0.29
1635,63,0.3,0.33
1636,58,0.44,0.16
1637,92,0.22,0.21
1638,121,0.39,0.11
1639,126,0.67,0.14
1640,68,0.3,0.14
1641,29,0.32,0.31
1642,59,0.39,0.29
1643,20,0.74,0.12
1644,194,0.24,0.17
1645,164,0.63,0.34
1646,43,0.25,0.17
1647,152,0.34,0.37
1648,167,0.23,0.28
1649,90,0.62,0.21
1650,109,0.23,0.27
1651,49,0.49,0.12
1652,37,0.39,0.35
1653,110,0.51,0.13
1654,167,0.51,0.21
1655,79,0.78,0.24
1656,109,0.33,0.26
1657,67,0.57,0.15
1658,95,0.77,0.18
1659,65,0.71,0.33
1660,162,0.53,0.31
1661,65,0.55,0.35
1662,189,0.22,0.34
1663,146,0.61,0.17
1664,129,0.32,0.33
1665,46,0.6,0.18
1666,73,0.34,0.17
1667,172,0.2,0.15
1668,180,0.61,0.21
1669,32,0.74,0.28
1670,54,0.45,0.32
1671,129,0.36,0.17
1672,172,0.66,0.11
1673,21,0.4,0.31
1674,43,0.72,0.26
1675,73,0.44,0.33
1676,79,0.52,0.11
1677,23,0.24,0.18
1678,64,0.39,0.27
1679,24,0.68,0.35
1680,163,0.31,0.35
1681,189,0.28,0.18
1682,73,0.69,0.38
1683,130,0.21,0.35
1684,122,0.42,0.12
1685,96,0.36,0.28
1686,95,0.34,0.19
1687,147,0.32,0.31
1688,39,0.78,0.32
1689,105,0.26,0.33
1690,200,0.8,0.33
1691,96,0.68,0.22
1692,168,0.26,0.39
1693,65,0.79,0.39
1694,154,0.76,0.16
1695,37,0.73,0.17
1696,31,0.47,0.34
1697,171,0.56,0.19
1698,153,0.68,0.16
1699,73,0.66,0.33
1700,85,0.67,0.38
1701,79,0.78,0.25
1702,80,0.39,0.15
1703,62,0.45,0.23
1704,115,0.73,0.37
1705,135,0.58,0.28
1706,137,0.44,0.12
1707,169,0.43,0.26
1708,195,0.22,0.33
1709,95,0.4,0.29
1710,135,0.56,0.18
1711,180,0.53,0.18
1712,53,0.27,0.35
1713,154,0.54,0.23
1714,70,0.72,0.4
1715,133,0.46,0.32
1716,159,0.45,0.34
1717,20,0.26,0.32
1718,156,0.53,0.16
1719,30,0.66,0.32
1720,93,0.21,0.4
1721,158,0.23,0.27
1722,150,0.51,0.24
1723,75,0.31,0.3
1724,136,0.59,0.11
1725,194,0.78,0.23
1726,31,0.39,0.12
1727,44,0.39,0.33
1728,113,0.43,0.12
1729,103,0.58,0.17
1730,185,0.25,0.13
1731,92,0.55,0.32
1732,85,0.2,0.21
1733,73,0.33,0.2
1734,41,0.35,0.34
1735,138,0.46,0.32
1736,78,0.63,0.15
1737,97,0.74,0.27
1738,180,0.24,0.19
1739,105,0.28,0.16
1740,22,0.77,0.22
1741,77,0.43,0.25
1742,116,0.77,0.19
1743,153,0.51,0.21
1744,173,0.68,0.33
1745,150,0.58,0.19
1746,171,0.32,0.14
1747,43,0.38,0.21
1748,79,0.49,0.39
1749,183,0.73,0.38
1750,145,0.6,0.29
1751,52,0.43,0.33
1752,178,0.29,0.32
1753,154,0.45,0.31
1754,199,0.49,0.35
1755,30,0.53,0.31
1756,137,0.65,0.3
1757,165,0.74,0.12
1758,65,0.76,0.18
1759,198,0.68,0.11
1760,108,0.75,0.28
1761,64,0.37,0.33
1762,144,0.43,0.31
1763,188,0.23,0.12
1764,162,0.44,0.17
1765,134,0.43,0.3
1766,141,0.24,0.36
1767,93,0.55,0.22
1768,94,0.64,0.35
1769,33,0.32,0.28
1770,120,0.22,0.19
1771,180,0.68,0.35
1772,195,0.57,0.11
1773,83,0.55,0.14
1774,53,0.37,0.19
1775,123,0.73,0.25
1776,106,0.54,0.11
1777,61,0.6,0.33
1778,130,0.63,0.22
1779,111,0.72,0.18
1780,61,0.52,0.13
1781,77,0.24,0.21
1782,79,0.52,0.15
1783,148,0.69,0.21
1784,125,0.43,0.24
1785,168,0.6,0.12
1786,57,0.27,0.28
1787,117,0.73,0.31
1788,180,0.2,0.33
1789,91,0.53,0.35
1790,111,0.61,0.39
1791,88,0.59,0.32
1792,148,0.77,0.12
1793,116,0.5,0.38
1794,32,0.57,0.17
1795,60,0.68,0.27
1796,31,0.54,0.26
1797,45,0.7,0.35
1798,99,0.62,0.24
1799,182,0.32,0.25
1800,191,0.63,0.11
1801,130,0.39,0.11
1802,37,0.69,0.39
1803,197,0.71,0.38
1804,150,0.76,0.26
1805,24,0.72,0.3
1806,64,0.29,0.35
1807,122,0.45,0.29
1808,99,0.67,0.35
1809,178,0.48,0.13
1810,124,0.66,0.23
1811,168,0.44,0.14
1812,80,0.21,0.39
1813,130,0.5,0.36
1814,45,0.2,0.33
1815,58,0.7,0.29
1816,185,0.65,0.28
1817,115,0.6,0.13
1818,58,0.47,0.24
1819,62,0.44,0.23
1820,70,0.67,0.15
1821,79,0.61,0.3
1822,121,0.56,0.31
1823,171,0.68,0.2
1824,55,0.7,0.12
1825,82,0.52,0.26
1826,46,0.62,0.21
1827,181,0.67,0.37
1828,188,0.66,0.2
1829,157,0.56,0.33
1830,115,0.29,0.17
1831,101,0.65,0.23
1832,85,0.7,0.18
1833,123,0.39,0.14
1834,27,0.6,0.27
1835,146,0.39,0.36
1836,145,0.33,0.32
1837,102,0.6,0.39
1838,124,0.24,0.16
1839,34,0.22,0.31
1840,176,0.34,0.26
1841,111,0.28,0.35
1842,54,0.54,0.26
1843,75,0.25,0.34
1844,137,0.58,0.26
1845,148,0.29,0.16
1846,184,0.59,0.26
1847,158,0.64,0.37
1848,100,0.54,0.34
1849,78,0.6,0.34
1850,52,0.33,0.16
1851,167,0.36,0.11
1852,33,0.38,0.2
1853,150,0.77,0.28
1854,128,0.48,0.35
1855,108,0.21,0.19
1856,196,0.76,0.3
1857,130,0.46,0.17
1858,106,0.53,0.16
1859,183,0.55,0.3
1860,185,0.51,0.13
1861,28,0.27,0.1
1862,185,0.53,0.39
1863,90,0.7,0.18
1864,196,0.43,0.14
1865,46,0.25,0.17
1866,181,0.74,0.3
1867,28,0.41,0.21
1868,198,0.71,0.25
1869,48,0.38,0.21
1870,116,0.69,0.29
1871,174,0.29,0.23
1872,148,0.68,0.34
1873,115,0.72,0.35
1874,71,0.75,0.24
1875,48,0.63,0.3
1876,97,0.51,0.25
1877,38,0.57,0.11
1878,151,0.59,0.19
1879,152,0.33,0.21
1880,112,0.77,0.25
1881,69,0.26,0.24
1882,57,0.65,0.3
1883,133,0.36,0.22
1884,131,0.58,0.12
1885,159,0.79,0.31
1886,112,0.8,0.34
1887,101,0.48,0.18
1888,96,0.73,0.2
1889,132,0.7,0.25
1890,122,0.64,0.14
1891,118,0.31,0.28
1892,153,0.61,0.3
1893,192,0.61,0.33
1894,160,0.66,0.27
1895,61,0.32,0.17
1896,52,0.33,0.26
1897,97,0.62,0.35
1898,59,0.57,0.37
1899,42,0.69,0.28
1900,101,0.25,0.17
1901,108,0.35,0.26
1902,63,0.6,0.17
1903,72,0.24,0.15
1904,189,0.24,0.1
1905,171,0.45,0.33
1906,28,0.74,0.21
1907,72,0.36,0.21
1908,128,0.78,0.31
1909,90,0.52,0.35
1910,150,0.35,0.28
1911,189,0.68,0.37
1912,131,0.75,0.13
1913,106,0.25,0.33
1914,39,0.72,0.21
1915,151,0.6,0.2
1916,27,0.22,0.22
1917,181,0.69,0.25
1918,72,0.49,0.29
1919,153,0.54,0.25
1920,67,0.67,0.19
1921,85,0.44,0.28
1922,120,0.29,0.33
1923,43,0.73,0.26
1924,150,0.22,0.37
1925,117,0.54,0.39
1926,166,0.31,0.3
1927,164,0.22,0.13
1928,130,0.25,0.22
1929,142,0.62,0.2
1930,141,0.62,0.19
1931,168,0.59,0.37
1932,34,0.79,0.37
1933,32,0.43,0.37
1934,110,0.78,0.17
1935,95,0.27,0.19
1936,159,0.4,0.33
1937,36,0.78,0.28
1938,24,0.35,0.31
1939,191,0.28,0.28
1940,110,0.7,0.3
1941,170,0.4,0.12
1942,174,0.57,0.21
1943,110,0.55,0.33
1944,184,0.22,0.36
1945,75,0.57,0.18
1946,38,0.28,0.11
1947,23,0.21,0.35
1948,134,0.72,0.23
1949,117,0.79,0.23
1950,178,0.73,0.34
1951,152,0.39,0.2
1952,135,0.57,0.18
1953,173,0.46,0.3
1954,190,0.75,0.22
1955,185,0.61,0.31
1956,187,0.23,0.36
1957,101,0.68,0.31
1958,158,0.44,0.4
1959,66,0.74,0.13
1960,125,0.74,0.22
1961,20,0.51,0.14
1962,162,0.68,0.34
1963,196,0.75,0.34
1964,142,0.79,0.33
1965,58,0.67,0.35
1966,51,0.57,0.29
1967,103,0.29,0.33
1968,56,0.75,0.32
1969,145,0.62,0.28
1970,97,0.47,0.33
1971,54,0.56,0.38
1972,47,0.51,0.14
1973,159,0.39,0.3
1974,41,0.27,0.35
1975,59,0.78,0.11
1976,37,0.7,0.36
1977,24,0.6,0.13
1978,39,0.65,0.37
1979,147,0.5,0.23
1980,113,0.38,0.24
1981,161,0.4,0.33
1982,101,0.22,0.3
1983,139,0.27,0.4
1984,131,0.43,0.26
1985,36,0.27,0.25
1986,150,0.52,0.11
1987,91,0.5,0.27
1988,191,0.75,0.13
1989,164,0.42,0.11
1990,80,0.72,0.22
1991,136,0.69,0.35
1992,25,0.6,0.15
1993,30,0.71,0.38
1994,82,0.37,0.2
1995,88,0.37,0.22
1996,195,0.72,0.35
1997,180,0.34,0.27
1998,88,0.44,0.3
1999,177,0.64,0.16
2000,96,0.57,0.33
2001,77,0.5,0.17
2002,62,0.68,0.32
2003,155,0.65,0.21
2004,147,0.39,0.22
2005,47,0.22,0.37
2006,135,0.36,0.24
2007,179,0.53,0.36
2008,35,0.53,0.3
2009,147,0.66,0.37
2010,164,0.69,0.16
2011,150,0.36,0.26
2012,60,0.3,0.27
2013,31,0.42,0.1
2014,136,0.3,0.15
2015,153,0.24,0.35
2016,20,0.61,0.29
2017,82,0.31,0.13
2018,57,0.73,0.28
2019,131,0.48,0.35
2020,26,0.27,0.19
2021,172,0.71,0.36
2022,56,0.36,0.27
2023,177,0.54,0.37
2024,20,0.57,0.33
2025,144,0.68,0.24
2026,161,0.41,0.25
2027,106,0.37,0.36
2028,136,0.59,0.12
2029,110,0.49,0.29
2030,50,0.43,0.26
2031,21,0.35,0.1
2032,96,0.74,0.2
2033,42,0.29,0.38
2034,138,0.43,0.18
2035,101,0.4,0.25
2036,21,0.48,0.29
2037,35,0.35,0.11
2038,168,0.67,0.39
2039,67,0.48,0.37
2040,176,0.33,0.13
2041,192,0.26,0.24
2042,193,0.28,0.4
2043,100,0.63,0.34
2044,164,0.29,0.12
2045,142,0.21,0.26
2046,79,0.55,0.25
2047,83,0.32,0.21
2048,117,0.76,0.14
2049,52,0.41,0.1
2050,172,0.73,0.4
2051,33,0.53,0.31
2052,165,0.54,0.36
2053,143,0.64,0.23
2054,172,0.28,0.21
2055,146,0.45,0.39
2056,176,0.58,0.37
2057,136,0.48,0.22
2058,120,0.42,0.36
2059,195,0.8,0.26
2060,149,0.66,0.32
2061,169,0.79,0.32
2062,184,0.31,0.26
2063,83,0.24,0.4
2064,46,0.49,0.2
2065,69,0.41,0.25
2066,75,0.49,0.14
2067,200,0.25,0.22
2068,96,0.78,0.33
2069,133,0.66,0.25
2070,32,0.23,0.2
2071,43,0.55,0.26
2072,35,0.23,0.36
2073,159,0.64,0.12
2074,154,0.67,0.13
2075,21,0.29,0.14
2076,37,0.63,0.2
2077,56,0.46,0.31
2078,24,0.42,0.39
2079,117,0.72,0.31
2080,23,0.3,0.37
2081,145,0.56,0.2
2082,41,0.57,0.39
2083,50,0.51,0.21
2084,178,0.3,0.17
2085,185,0.53,0.4
2086,37,0.61,0.34
2087,52,0.58,0.15
2088,26,0.6,0.39
2089,31,0.38,0.21
2090,200,0.55,0.3
2091,96,0.32,0.28
2092,124,0.56,0.23
2093,191,0.37,0.17
2094,90,0.75,0.36
2095,168,0.73,0.19
2096,132,0.37,0.4
2097,141,0.59,0.25
2098,162,0.34,0.11
2099,100,0.58,0.36
2100,26,0.52,0.32
2101,65,0.45,0.25
2102,58,0.25,0.37
2103,195,0.43,0.12
2104,189,0.3,0.28
2105,100,0.6,0.38
2106,70,0.68,0.3
2107,25,0.78,0.33
2108,45,0.24,0.38
2109,133,0.41,0.24
2110,94,0.58,0.28
2111,185,0.69,0.38
2112,194,0.24,0.38
2113,198,0.72,0.26
2114,172,0.77,0.28
2115,183,0.28,0.35
2116,151,0.59,0.31
2117,40,0.51,0.14
2118,144,0.29,0.38
2119,31,0.58,0.21
2120,21,0.71,0.34
2121,125,0.42,0.18
2122,21,0.24,0.19
2123,50,0.66,0.28
2124,119,0.2,0.22
2125,192,0.77,0.33
2126,92,0.54,0.16
2127,157,0.27,0.14
2128,177,0.68,0.34
2129,119,0.32,0.2
2130,148,0.75,0.28
2131,56,0.71,0.13
2132,65,0.24,0.19
2133,186,0.56,0.3
2134,41,0.33,0.33
2135,92,0.38,0.24
2136,91,0.4,0.2
2137,109,0.76,0.28
2138,71,0.8,0.25
2139,55,0.31,0.19
2140,94,0.65,0.25
2141,168,0.76,0.2
2142,168,0.36,0.29
2143,85,0.39,0.17
2144,106,0.75,0.26
2145,67,0.48,0.21
2146,100,0.22,0.13
2147,96,0.55,0.23
2148,165,0.51,0.16
2149,54,0.42,0.38
2150,44,0.57,0.23
2151,191,0.23,0.19
2152,120,0.7,0.24
2153,24,0.23,0.14
2154,119,0.34,0.14
2155,71,0.24,0.3
2156,76,0.25,0.36
2157,96,0.43,0.28
2158,58,0.41,0.31
2159,141,0.6,0.16
2160,75,0.24,0.14
2161,158,0.35,0.34
2162,21,0.77,0.16
2163,173,0.63,0.11
2164,58,0.28,0.35
2165,49,0.24,0.27
2166,128,0.65,0.24
2167,196,0.23,0.2
2168,98,0.32,0.26
2169,25,0.31,0.18
2170,67,0.5,0.25
2171,41,0.33,0.37
2172,96,0.79,0.16
2173,116,0.65,0.33
2174,40,0.45,0.21
2175,200,0.37,0.18
2176,74,0.35,0.38
2177,81,0.47,0.17
2178,73,0.75,0.18
2179,28,0.38,0.25
2180,101,0.4,0.4
2181,106,0.2,0.12
2182,198,0.62,0.36
2183,159,0.35,0.18
2184,92,0.32,0.11
2185,70,0.51,0.28
2186,196,0.73,0.23
2187,67,0.21,0.22
2188,181,0.57,0.13
2189,185,0.24,0.23
2190,56,0.58,0.32
2191,123,0.28,0.38
2192,74,0.22,0.27
2193,146,0.46,0.3
2194,121,0.47,0.35
2195,100,0.33,0.26
2196,93,0.22,0.11
2197,140,0.45,0.39
2198,76,0.59,0.3
2199,116,0.66,0.27
2200,169,0.75,0.36
2201,68,0.29,0.31
2202,159,0.25,0.32
2203,119,0.45,0.37
2204,139,0.28,0.23
2205,183,0.34,0.17
2206,60,0.37,0.39
2207,165,0.58,0.18
2208,102,0.8,0.29
2209,193,0.48,0.18
2210,43,0.22,0.27
2211,91,0.37,0.32
2212,68,0.31,0.35
2213,88,0.74,0.34
2214,189,0.69,0.18
2215,98,0.32,0.2
2216,57,0.51,0.15
2217,137,0.4,0.3
2218,148,0.64,0.17
2219,52,0.57,0.19
2220,133,0.37,0.24
2221,130,0.73,0.28
2222,41,0.28,0.18
2223,85,0.53,0.28
2224,82,0.27,0.28
2225,64,0.69,0.32
2226,111,0.32,0.1
2227,21,0.59,0.39
2228,80,0.51,0.2
2229,65,0.49,0.37
2230,141,0.4,0.21
2231,52,0.54,0.2
2232,110,0.51,0.35
2233,116,0.24,0.36
2234,157,0.31,0.32
2235,136,0.45,0.39
2236,68,0.58,0.36
2237,70,0.7,0.39
2238,117,0.67,0.27
2239,59,0.2,0.29
2240,98,0.5,0.28
2241,191,0.23,0.3
2242,57,0.62,0.21
2243,174,0.41,0.17
2244,172,0.52,0.24
2245,149,0.29,0.14
2246,27,0.68,0.21
2247,126,0.29,0.16
2248,158,0.59,0.21
2249,29,0.76,0.23
2250,35,0.25,0.21
2251,22,0.61,0.32
2252,106,0.3,0.29
2253,186,0.63,0.28
2254,136,0.58,0.14
2255,139,0.74,0.32
2256,130,0.59,0.1
2257,191,0.24,0.11
2258,130,0.3,0.19
2259,135,0.66,0.27
2260,37,0.29,0.18
2261,200,0.65,0.2
2262,131,0.25,0.18
2263,103,0.67,0.18
2264,129,0.36,0.32
2265,173,0.64,0.14
2266,70,0.54,0.18
2267,195,0.77,0.39
2268,152,0.64,0.2
2269,158,0.35,0.15
2270,158,0.29,0.14
2271,73,0.3,0.39
2272,85,0.23,0.17
2273,56,0.66,0.33
2274,104,0.53,0.4
2275,87,0.49,0.33
2276,192,0.77,0.29
2277,129,0.31,0.24
2278,167,0.55,0.25
2279,160,0.61,0.26
2280,21,0.4,0.34
2281,57,0.48,0.11
2282,41,0.32,0.16
2283,150,0.4,0.19
2284,166,0.65,0.31
2285,200,0.36,0.39
2286,88,0.21,0.11
2287,35,0.44,0.11
2288,130,0.42,0.39
2289,170,0.58,0.26
2290,175,0.57,0.23
2291,152,0.44,0.29
2292,81,0.64,0.15
2293,183,0.38,0.18
2294,145,0.75,0.37
2295,184,0.71,0.11
2296,148,0.57,0.17
2297,135,0.26,0.28
2298,85,0.6,0.28
2299,179,0.71,0.25
2300,173,0.24,0.24
2301,125,0.62,0.25
2302,112,0.67,0.31
2303,91,0.39,0.34
2304,159,0.71,0.4
2305,49,0.4,0.34
2306,178,0.28,0.2
2307,105,0.21,0.3
2308,85,0.6,0.31
2309,134,0.37,0.3
2310,125,0.61,0.24
2311,128,0.61,0.29
2312,189,0.21,0.31
2313,151,0.51,0.39
2314,71,0.65,0.14
2315,146,0.71,0.33
2316,66,0.53,0.17
2317,175,0.39,0.11
2318,161,0.77,0.2
2319,50,0.57,0.24
2320,43,0.45,0.11
2321,89,0.27,0.17
2322,168,0.45,0.24
2323,23,0.41,0.11
2324,193,0.63,0.11
2325,75,0.8,0.11
2326,92,0.38,0.25
2327,29,0.39,0.11
2328,194,0.35,0.36
2329,24,0.43,0.21
2330,67,0.25,0.37
2331,135,0.34,0.3
2332,170,0.65,0.14
2333,89,0.33,0.28
2334,20,0.23,0.2
2335,44,0.75,0.31
2336,137,0.79,0.37
2337,142,0.78,0.15
2338,22,0.69,0.15
2339,43,0.45,0.4
2340,143,0.26,0.32
2341,66,0.45,0.14
2342,134,0.75,0.27
2343,187,0.44,0.38
2344,42,0.45,0.23
2345,154,0.53,0.35
2346,129,0.75,0.39
2347,34,0.56,0.3
2348,144,0.21,0.33
2349,154,0.56,0.31
2350,135,0.74,0.33
2351,197,0.56,0.15
2352,157,0.4,0.11
2353,26,0.25,0.14
2354,22,0.32,0.23
2355,159,0.22,0.26
2356,156,0.66,0.19
2357,80,0.68,0.11
2358,185,0.57,0.33
2359,30,0.23,0.11
2360,146,0.72,0.11
2361,164,0.38,0.11
2362,167,0.35,0.33
2363,87,0.57,0.32
2364,161,0.25,0.16
2365,55,0.73,0.27
2366,90,0.41,0.22
2367,64,0.37,0.38
2368,175,0.49,0.15
2369,200,0.5,0.1
2370,192,0.31,0.2
2371,124,0.55,0.38
2372,127,0.62,0.25
2373,87,0.5,0.2
2374,33,0.32,0.23
2375,124,0.73,0.2
2376,140,0.2,0.35
2377,175,0.65,0.16
2378,78,0.26,0.16
2379,130,0.35,0.38
2380,101,0.75,0.34
2381,192,0.5,0.2
2382,118,0.36,0.21
2383,87,0.76,0.17
2384,171,0.22,0.21
2385,24,0.79,0.13
2386,74,0.46,0.23
2387,112,0.66,0.27
2388,133,0.52,0.26
2389,21,0.5,0.23
2390,139,0.29,0.11
2391,120,0.27,0.14
2392,69,0.31,0.39
2393,130,0.47,0.31
2394,148,0.67,0.27
2395,161,0.38,0.17
2396,154,0.69,0.23
2397,136,0.27,0.33
2398,53,0.67,0.13
2399,113,0.52,0.15
2400,35,0.49,0.31
2401,104,0.38,0.38
2402,166,0.23,0.21
2403,140,0.49,0.2
2404,58,0.46,0.21
2405,41,0.78,0.22
2406,147,0.6,0.27
2407,182,0.28,0.38
2408,73,0.5,0.32
2409,32,0.76,0.22
2410,62,0.53,0.22
2411,62,0.34,0.2
2412,45,0.79,0.34
2413,31,0.38,0.15
2414,87,0.41,0.19
2415,195,0.76,0.1
2416,151,0.72,0.37
2417,63,0.39,0.27
2418,62,0.31,0.3
2419,91,0.29,0.26
2420,134,0.21,0.14
2421,176,0.35,0.28
2422,192,0.47,0.11
2423,165,0.52,0.32
2424,141,0.27,0.29
2425,176,0.32,0.2
2426,134,0.23,0.13
2427,78,0.67,0.14
2428,118,0.51,0.29
2429,134,0.32,0.11
2430,52,0.39,0.27
2431,62,0.62,0.17
2432,137,0.72,0.38
2433,190,0.58,0.32
2434,83,0.65,0.31
2435,95,0.25,0.17
2436,182,0.22,0.23
2437,141,0.42,0.31
2438,123,0.24,0.24
2439,106,0.57,0.4
2440,36,0.2,0.17
2441,146,0.43,0.35
2442,87,0.47,0.33
2443,162,0.3,0.13
2444,144,0.41,0.11
2445,103,0.32,0.17
2446,117,0.28,0.19
2447,125,0.79,0.15
2448,78,0.51,0.24
2449,161,0.79,0.17
2450,192,0.74,0.15
2451,109,0.74,0.19
2452,83,0.27,0.33
2453,157,0.64,0.29
2454,142,0.72,0.12
2455,178,0.25,0.18
2456,182,0.8,0.15
2457,55,0.3,0.13
2458,149,0.53,0.36
2459,171,0.2,0.28
2460,74,0.67,0.14
2461,142,0.5,0.23
2462,49,0.65,0.16
2463,149,0.55,0.36
2464,182,0.66,0.15
2465,87,0.46,0.22
2466,142,0.45,0.34
2467,55,0.33,0.1
2468,115,0.65,0.27
2469,110,0.57,0.23
2470,168,0.48,0.33
2471,74,0.71,0.11
2472,102,0.57,0.38
2473,94,0.22,0.1
2474,58,0.73,0.29
2475,93,0.48,0.27
2476,199,0.45,0.31
2477,124,0.57,0.36
2478,156,0.6,0.18
2479,79,0.31,0.27
2480,136,0.64,0.27
2481,94,0.52,0.32
2482,168,0.58,0.33
2483,62,0.25,0.11
2484,62,0.28,0.28
2485,165,0.59,0.21
2486,54,0.77,0.15
2487,151,0.77,0.36
2488,46,0.55,0.18
2489,59,0.28,0.35
2490,123,0.26,0.26
2491,33,0.38,0.17
2492,155,0.79,0.35
2493,22,0.28,0.31
2494,84,0.65,0.26
2495,142,0.78,0.31
2496,186,0.37,0.22
2497,129,0.53,0.35
2498,43,0.48,0.39
2499,185,0.7,0.26
2500,143,0.7,0.12
2501,139,0.33,0.3
2502,179,0.53,0.35
2503,55,0.64,0.3
2504,132,0.74,0.18
2505,196,0.26,0.35
2506,197,0.64,0.34
2507,168,0.68,0.3
2508,26,0.47,0.28
2509,25,0.66,0.24
2510,84,0.21,0.27
2511,122,0.21,0.27
2512,67,0.57,0.32
2513,194,0.53,0.18
2514,124,0.2,0.39
2515,181,0.6,0.38
2516,108,0.4,0.34
2517,34,0.66,0.19
2518,123,0.43,0.35
2519,110,0.67,0.26
2520,177,0.6,0.11
2521,80,0.36,0.32
2522,81,0.52,0.17
2523,172,0.75,0.3
2524,22,0.36,0.13
2525,50,0.75,0.15
2526,50,0.67,0.39
2527,144,0.26,0.25
2528,180,0.53,0.16
2529,89,0.75,0.16
2530,135,0.73,0.3
2531,172,0.31,0.25
2532,28,0.8,0.3
2533,109,0.69,0.35
2534,146,0.26,0.35
2535,197,0.29,0.29
2536,144,0.38,0.4
2537,83,0.67,0.12
2538,84,0.58,0.26
2539,115,0.22,0.18
2540,36,0.57,0.16
2541,166,0.27,0.36
2542,101,0.68,0.23
2543,27,0.66,0.28
2544,168,0.41,0.15
2545,122,0.6,0.18
2546,80,0.6,0.13
2547,177,0.23,0.22
2548,82,0.32,0.28
2549,189,0.58,0.13
2550,102,0.53,0.17
2551,99,0.58,0.35
2552,118,0.78,0.2
2553,115,0.34,0.26
2554,92,0.61,0.24
2555,189,0.22,0.15
2556,78,0.48,0.28
2557,32,0.32,0.18
2558,103,0.76,0.19
2559,107,0.65,0.11
2560,194,0.76,0.26
2561,65,0.25,0.12
2562,143,0.52,0.38
2563,158,0.59,0.2
2564,172,0.67,0.27
2565,140,0.53,0.13
2566,49,0.43,0.15
2567,165,0.2,0.31
2568,76,0.69,0.32
2569,33,0.69,0.13
2570,189,0.76,0.33
2571,97,0.57,0.31
2572,187,0.22,0.39
2573,185,0.54,0.19
2574,177,0.39,0.31
2575,159,0.53,0.17
2576,141,0.52,0.16
2577,65,0.55,0.1
2578,195,0.25,0.2
2579,66,0.77,0.2
2580,87,0.52,0.18
2581,190,0.48,0.35
2582,75,0.62,0.14
2583,122,0.22,0.28
2584,71,0.3,0.36
2585,154,0.64,0.33
2586,79,0.26,0.28
2587,38,0.24,0.17
2588,98,0.37,0.34
2589,73,0.77,0.21
2590,84,0.5,0.35
2591,161,0.57,0.23
2592,139,0.3,0.19
2593,39,0.59,0.36
2594,29,0.46,0.21
2595,30,0.44,0.35
2596,139,0.6,0.14
2597,161,0.26,0.16
2598,159,0.33,0.31
2599,80,0.73,0.31
2600,164,0.37,0.16
2601,177,0.65,0.22
2602,90,0.6,0.29
2603,111,0.64,0.29
2604,133,0.66,0.3
2605,61,0.21,0.36
2606,83,0.21,0.39
2607,25,0.36,0.31
2608,93,0.38,0.38
2609,65,0.27,0.2
2610,168,0.48,0.15
2611,34,0.71,0.38
2612,136,0.34,0.36
2613,23,0.5,0.19
2614,185,0.22,0.19
2615,36,0.47,0.21
2616,53,0.75,0.21
2617,197,0.72,0.22
2618,91,0.42,0.27
2619,23,0.46,0.1
2620,23,0.51,0.17
2621,125,0.6,0.27
2622,144,0.67,0.31
2623,155,0.73,0.19
2624,159,0.73,0.39
2625,108,0.64,0.33
2626,84,0.65,0.2
2627,46,0.71,0.25
2628,107,0.7,0.18
2629,30,0.8,0.12
2630,30,0.63,0.17
2631,189,0.67,0.21
2632,66,0.36,0.25
2633,20,0.68,0.29
2634,179,0.58,0.15
2635,91,0.21,0.22
2636,50,0.78,0.13
2637,159,0.76,0.12
2638,72,0.5,0.15
2639,76,0.77,0.3
2640,193,0.67,0.28
2641,122,0.41,0.23
2642,169,0.4,0.19
2643,138,0.38,0.18
2644,152,0.46,0.34
2645,110,0.4,0.18
2646,177,0.68,0.14
2647,195,0.25,0.14
2648,31,0.69,0.38
2649,66,0.48,0.14
2650,114,0.31,0.21
2651,150,0.5,0.38
2652,71,0.77,0.13
2653,80,0.45,0.3
2654,174,0.46,0.34
2655,161,0.66,0.32
2656,82,0.43,0.2
2657,24,0.69,0.37
2658,32,0.3,0.38
2659,21,0.52,0.37
2660,198,0.75,0.29
2661,57,0.27,0.36
2662,31,0.69,0.33
2663,185,0.56,0.36
2664,79,0.43,0.38
2665,108,0.24,0.21
2666,25,0.67,0.22
2667,135,0.77,0.18
2668,177,0.76,0.15
2669,193,0.36,0.27
2670,120,0.35,0.31
2671,99,0.55,0.25
2672,83,0.29,0.39
2673,94,0.59,0.36
2674,43,0.79,0.36
2675,185,0.72,0.27
2676,61,0.35,0.28
2677,100,0.22,0.17
2678,148,0.76,0.28
2679,173,0.27,0.33
2680,47,0.79,0.32
2681,125,0.45,0.31
2682,26,0.45,0.34
2683,108,0.34,0.13
2684,57,0.48,0.13
2685,95,0.32,0.39
2686,22,0.76,0.16
2687,75,0.51,0.21
2688,127,0.31,0.25
2689,154,0.54,0.11
2690,48,0.63,0.38
2691,143,0.66,0.26
2692,70,0.7,0.11
2693,168,0.64,0.17
2694,191,0.47,0.16
2695,138,0.72,0.14
2696,87,0.63,0.31
2697,64,0.4,0.17
2698,118,0.62,0.19
2699,194,0.58,0.2
2700,149,0.43,0.38
2701,90,0.53,0.12
2702,86,0.7,0.23
2703,86,0.56,0.36
2704,77,0.62,0.33
2705,154,0.49,0.17
2706,109,0.26,0.38
2707,65,0.37,0.22
2708,174,0.39,0.13
2709,53,0.55,0.25
2710,65,0.78,0.4
2711,107,0.69,0.36
2712,118,0.35,0.38
2713,126,0.23,0.18
2714,90,0.8,0.18
2715,168,0.38,0.35
2716,145,0.77,0.35
2717,20,0.42,0.19
2718,168,0.61,0.35
2719,60,0.65,0.24
2720,170,0.58,0.39
2721,148,0.8,0.17
2722,133,0.68,0.3
2723,177,0.51,0.12
2724,90,0.75,0.14
2725,40,0.2,0.35
2726,41,0.26,0.24
2727,81,0.39,0.27
2728,71,0.38,0.24
2729,119,0.48,0.18
2730,65,0.54,0.3
2731,142,0.45,0.18
2732,90,0.63,0.27
2733,140,0.37,0.32
2734,163,0.52,0.39
2735,46,0.79,0.15
2736,127,0.33,0.34
2737,20,0.26,0.29
2738,52,0.44,0.26
2739,104,0.34,0.24
2740,131,0.77,0.21
2741,183,0.66,0.27
2742,152,0.45,0.38
2743,145,0.71,0.14
2744,74,0.23,0.19
2745,138,0.46,0.31
2746,25,0.58,0.22
2747,178,0.24,0.23
2748,182,0.78,0.11
2749,86,0.65,0.23
2750,180,0.34,0.21
2751,108,0.27,0.26
2752,77,0.5,0.16
2753,82,0.22,0.19
2754,122,0.31,0.24
2755,74,0.37,0.35
2756,119,0.21,0.28
2757,107,0.22,0.34
2758,176,0.6,0.32
2759,89,0.31,0.26
2760,140,0.58,0.19
2761,45,0.54,0.35
2762,105,0.69,0.28
2763,29,0.31,0.31
2764,175,0.42,0.33
2765,175,0.3,0.29
2766,45,0.62,0.21
2767,88,0.35,0.18
2768,172,0.53,0.29
2769,21,0.27,0.31
2770,172,0.24,0.4
2771,20,0.4,0.25
2772,171,0.51,0.32
2773,133,0.45,0.15
2774,129,0.48,0.14
2775,45,0.75,0.31
2776,29,0.74,0.2
2777,22,0.32,0.23
2778,169,0.67,0.4
2779,101,0.56,0.16
2780,111,0.38,0.21
2781,20,0.42,0.17
2782,143,0.48,0.19
2783,194,0.6,0.39
2784,137,0.59,0.12
2785,177,0.52,0.4
2786,196,0.54,0.37
2787,115,0.24,0.13
2788,90,0.45,0.35
2789,98,0.31,0.14
2790,127,0.73,0.36
2791,104,0.43,0.26
2792,27,0.58,0.25
2793,31,0.64,0.32
2794,77,0.66,0.16
2795,35,0.23,0.33
2796,45,0.68,0.11
2797,194,0.54,0.3
2798,176,0.65,0.23
2799,42,0.5,0.14
2800,135,0.8,0.36
2801,114,0.22,0.11
2802,53,0.6,0.29
2803,123,0.32,0.14
2804,174,0.56,0.39
2805,62,0.38,0.21
2806,173,0.69,0.34
2807,190,0.31,0.29
2808,79,0.47,0.27
2809,131,0.26,0.34
2810,152,0.34,0.13
2811,120,0.3,0.26
2812,44,0.66,0.38
2813,176,0.64,0.19
2814,45,0.25,0.37
2815,49,0.61,0.34
2816,112,0.23,0.39
2817,37,0.5,0.11
2818,175,0.68,0.28
2819,39,0.23,0.32
2820,92,0.55,0.15
2821,55,0.45,0.32
2822,119,0.3,0.18
2823,27,0.51,0.32
2824,189,0.49,0.13
2825,165,0.5,0.21
2826,22,0.46,0.34
2827,177,0.7,0.13
2828,164,0.66,0.38
2829,145,0.76,0.38
2830,145,0.78,0.29
2831,140,0.7,0.22
2832,71,0.21,0.14
2833,62,0.51,0.26
2834,67,0.74,0.26
2835,145,0.6,0.11
2836,160,0.72,0.38
2837,45,0.65,0.26
2838,125,0.29,0.34
2839,132,0.21,0.36
2840,135,0.79,0.19
2841,157,0.36,0.14
2842,45,0.54,0.36
2843,119,0.64,0.24
2844,193,0.39,0.35
2845,95,0.63,0.25
2846,162,0.72,0.22
2847,160,0.52,0.27
2848,171,0.58,0.22
2849,164,0.25,0.18
2850,185,0.25,0.2
2851,125,0.3,0.39
2852,117,0.76,0.25
2853,145,0.44,0.19
2854,140,0.44,0.28
2855,163,0.4,0.15
2856,172,0.36,0.17
2857,86,0.57,0.33
2858,103,0.62,0.33
2859,28,0.5,0.13
2860,170,0.55,0.2
2861,90,0.72,0.14
2862,150,0.36,0.35
2863,135,0.27,0.29
2864,175,0.32,0.33
2865,111,0.24,0.2
2866,44,0.27,0.23
2867,118,0.32,0.16
2868,77,0.38,0.2
2869,66,0.55,0.27
2870,94,0.3,0.24
2871,107,0.72,0.21
2872,153,0.28,0.2
2873,190,0.38,0.31
2874,65,0.61,0.18
2875,69,0.31,0.2
2876,74,0.71,0.3
2877,113,0.78,0.3
2878,163,0.68,0.12
2879,124,0.75,0.11
2880,95,0.31,0.37
2881,21,0.41,0.19
2882,143,0.64,0.31
2883,47,0.33,0.23
2884,161,0.53,0.37
2885,195,0.67,0.2
2886,158,0.68,0.14
2887,52,0.35,0.11
2888,93,0.7,0.18
2889,56,0.21,0.16
2890,136,0.22,0.37
2891,149,0.47,0.24
2892,199,0.55,0.11
2893,126,0.71,0.3
2894,38,0.55,0.36
2895,92,0.49,0.32
2896,46,0.63,0.3
2897,172,0.21,0.3
2898,101,0.29,0.25
2899,34,0.77,0.35
2900,143,0.76,0.32
2901,26,0.58,0.21
2902,137,0.63,0.21
2903,71,0.26,0.1
2904,91,0.42,0.15
2905,89,0.24,0.4
2906,73,0.26,0.12
2907,108,0.23,0.23
2908,165,0.49,0.29
2909,111,0.48,0.2
2910,193,0.46,0.36
2911,146,0.69,0.29
2912,28,0.68,0.27
2913,98,0.68,0.28
2914,146,0.52,0.31
2915,86,0.52,0.24
2916,85,0.3,0.12
2917,189,0.36,0.15
2918,105,0.38,0.33
2919,67,0.59,0.2
2920,85,0.26,0.29
2921,171,0.66,0.38
2922,157,0.75,0.18
2923,25,0.74,0.11
2924,172,0.59,0.11
2925,152,0.65,0.17
2926,85,0.63,0.28
2927,153,0.27,0.3
2928,151,0.36,0.33
2929,136,0.29,0.25
2930,26,0.52,0.22
2931,95,0.37,0.35
2932,158,0.38,0.3
2933,126,0.37,0.15
2934,165,0.48,0.17
2935,68,0.29,0.21
2936,197,0.3,0.2
2937,124,0.27,0.26
2938,22,0.3,0.23
2939,75,0.73,0.29
2940,59,0.23,0.22
2941,157,0.79,0.28
2942,121,0.5,0.24
2943,183,0.55,0.12
2944,181,0.78,0.37
2945,88,0.37,0.21
2946,194,0.4,0.37
2947,139,0.25,0.25
2948,55,0.31,0.23
2949,200,0.75,0.19
2950,159,0.51,0.3
2951,149,0.74,0.36
2952,38,0.58,0.34
2953,194,0.31,0.38
2954,92,0.21,0.16
2955,190,0.45,0.27
2956,86,0.69,0.37
2957,49,0.55,0.1
2958,186,0.38,0.39
2959,137,0.3,0.11
2960,147,0.31,0.32
2961,23,0.7,0.12
2962,175,0.27,0.19
2963,96,0.62,0.34
2964,127,0.61,0.12
2965,78,0.2,0.28
2966,43,0.76,0.27
2967,173,0.54,0.27
2968,70,0.75,0.29
2969,23,0.47,0.39
2970,39,0.32,0.11
2971,106,0.28,0.38
2972,150,0.75,0.34
2973,141,0.54,0.38
2974,127,0.64,0.11
2975,133,0.27,0.19
2976,114,0.22,0.19
2977,67,0.41,0.13
2978,165,0.56,0.26
2979,131,0.2,0.35
2980,150,0.55,0.37
2981,50,0.61,0.34
2982,92,0.32,0.33
2983,78,0.25,0.37
2984,181,0.37,0.27
2985,184,0.6,0.17
2986,57,0.46,0.32
2987,24,0.38,0.29
2988,72,0.74,0.3
2989,127,0.24,0.27
2990,66,0.77,0.18
2991,127,0.77,0.22
2992,43,0.66,0.18
2993,48,0.29,0.14
2994,195,0.52,0.22
2995,47,0.58,0.14
2996,118,0.74,0.12
2997,30,0.27,0.21
2998,21,0.35,0.26
2999,195,0.64,0.21
3000,40,0.63,0.28
3001,34,0.67,0.36
3002,117,0.51,0.26
3003,33,0.2,0.17
3004,105,0.6,0.33
3005,53,0.51,0.17
3006,185,0.31,0.35
3007,160,0.67,0.35
3008,189,0.6,0.3
3009,137,0.49,0.39
3010,153,0.63,0.31
3011,141,0.77,0.36
3012,129,0.36,0.34
3013,57,0.56,0.29
3014,20,0.59,0.1
3015,196,0.77,0.16
3016,124,0.73,0.18
3017,188,0.7,0.17
3018,195,0.44,0.11
3019,53,0.38,0.26
3020,173,0.35,0.39
3021,98,0.32,0.26
3022,194,0.29,0.27
3023,199,0.27,0.36
3024,99,0.22,0.27
3025,42,0.67,0.24
3026,170,0.46,0.4
3027,137,0.77,0.38
3028,134,0.37,0.17
3029,142,0.59,0.14
3030,182,0.38,0.37
3031,148,0.33,0.15
3032,110,0.39,0.32
3033,152,0.46,0.28
3034,158,0.54,0.15
3035,60,0.76,0.26
3036,128,0.29,0.22
3037,96,0.59,0.2
3038,139,0.69,0.33
3039,69,0.67,0.22
3040,200,0.47,0.16
3041,40,0.45,0.16
3042,163,0.74,0.27
3043,190,0.35,0.1
3044,109,0.68,0.2
3045,98,0.71,0.26
3046,119,0.59,0.35
3047,187,0.79,0.21
3048,175,0.5,0.29
3049,156,0.73,0.12
3050,69,0.24,0.29
3051,28,0.62,0.3
3052,131,0.72,0.28
3053,132,0.21,0.36
3054,165,0.26,0.21
3055,160,0.24,0.23
3056,29,0.43,0.36
3057,194,0.2,0.32
3058,177,0.36,0.37
3059,128,0.66,0.19
3060,37,0.8,0.16
3061,152,0.29,0.12
3062,196,0.36,0.1
3063,52,0.67,0.39
3064,34,0.35,0.18
3065,32,0.52,0.26
3066,68,0.23,0.14
3067,82,0.56,0.25
3068,94,0.68,0.23
3069,138,0.68,0.34
3070,52,0.77,0.34
3071,20,0.63,0.31
3072,127,0.45,0.22
3073,199,0.7,0.18
3074,127,0.36,0.24
3075,143,0.32,0.29
3076,135,0.46,0.16
3077,130,0.38,0.19
3078,179,0.4,0.32
3079,38,0.57,0.25
3080,97,0.62,0.27
3081,80,0.72,0.37
3082,175,0.22,0.25
3083,189,0.25,0.31
3084,168,0.63,0.29
3085,81,0.78,0.15
3086,171,0.75,0.35
3087,104,0.38,0.26
3088,185,0.33,0.32
3089,152,0.39,0.34
3090,132,0.47,0.14
3091,187,0.4,0.24
3092,72,0.47,0.11
3093,95,0.76,0.17
3094,124,0.42,0.22
3095,179,0.24,0.38
3096,100,0.31,0.37
3097,74,0.33,0.3
3098,134,0.75,0.18
3099,26,0.66,0.37
3100,85,0.25,0.4
3101,125,0.54,0.24
3102,112,0.78,0.37
3103,180,0.21,0.24
3104,83,0.79,0.38
3105,67,0.49,0.23
3106,128,0.55,0.22
3107,83,0.58,0.22
3108,90,0.39,0.11
3109,39,0.75,0.36
3110,198,0.76,0.19
3111,79,0.78,0.18
3112,23,0.72,0.19
3113,81,0.59,0.14
3114,168,0.74,0.32
3115,82,0.65,0.26
3116,130,0.37,0.31
3117,94,0.32,0.28
3118,147,0.52,0.32
3119,115,0.62,0.29
3120,134,0.26,0.31
3121,144,0.73,0.28
3122,54,0.21,0.4
3123,57,0.34,0.17
3124,41,0.65,0.1
3125,56,0.46,0.19
3126,36,0.72,0.4
3127,145,0.35,0.39
3128,22,0.67,0.31
3129,194,0.7,0.35
3130,45,0.43,0.33
3131,108,0.26,0.19
3132,80,0.35,0.16
3133,175,0.59,0.13
3134,158,0.64,0.14
3135,89,0.59,0.36
3136,145,0.32,0.13
3137,186,0.72,0.16
3138,79,0.46,0.2
3139,88,0.52,0.13
3140,23,0.27,0.38
3141,23,0.48,0.16
3142,132,0.63,0.26
3143,85,0.56,0.1
3144,56,0.52,0.37
3145,43,0.42,0.29
3146,175,0.55,0.35
3147,128,0.62,0.36
3148,188,0.39,0.26
3149,30,0.45,0.37
3150,154,0.25,0.12
3151,45,0.23,0.19
3152,165,0.6,0.38
3153,194,0.67,0.37
3154,48,0.58,0.33
3155,197,0.29,0.18
3156,200,0.39,0.34
3157,40,0.63,0.21
3158,188,0.68,0.33
3159,29,0.29,0.21
3160,20,0.6,0.28
3161,120,0.43,0.1
3162,51,0.59,0.27
3163,88,0.73,0.21
3164,26,0.37,0.31
3165,199,0.72,0.28
3166,90,0.61,0.18
3167,137,0.45,0.11
3168,44,0.32,0.39
3169,133,0.26,0.38
3170,39,0.76,0.38
3171,122,0.24,0.16
3172,81,0.37,0.16
3173,47,0.46,0.19
3174,84,0.45,0.35
3175,55,0.66,0.19
3176,119,0.22,0.38
3177,119,0.56,0.36
3178,175,0.77,0.24
3179,169,0.28,0.23
3180,164,0.72,0.27
3181,47,0.4,0.28
3182,72,0.66,0.18
3183,56,0.79,0.14
3184,150,0.41,0.38
3185,30,0.22,0.39
3186,145,0.78,0.28
3187,33,0.56,0.21
3188,31,0.25,0.2
3189,53,0.38,0.26
3190,78,0.48,0.17
3191,51,0.77,0.2
3192,136,0.27,0.26
3193,171,0.56,0.16
3194,189,0.46,0.3
3195,141,0.79,0.38
3196,81,0.3,0.18
3197,179,0.37,0.4
3198,146,0.47,0.24
3199,145,0.35,0.14
3200,100,0.43,0.31
3201,171,0.28,0.37
3202,118,0.62,0.29
3203,173,0.6,0.32
3204,70,0.72,0.38
3205,40,0.73,0.3
3206,91,0.29,0.39
3207,69,0.45,0.22
3208,90,0.32,0.34
3209,71,0.4,0.26
3210,165,0.21,0.25
3211,188,0.72,0.2
3212,187,0.68,0.29
3213,132,0.24,0.21
3214,34,0.53,0.21
3215,189,0.67,0.21
3216,147,0.52,0.23
3217,123,0.58,0.36
3218,191,0.4,0.36
3219,54,0.6,0.12
3220,185,0.76,0.37
3221,199,0.54,0.1
3222,136,0.36,0.39
3223,141,0.48,0.33
3224,136,0.49,0.27
3225,45,0.66,0.13
3226,145,0.32,0.21
3227,96,0.48,0.15
3228,145,0.63,0.13
3229,181,0.42,0.26
3230,200,0.73,0.32
3231,101,0.74,0.35
3232,47,0.35,0.14
3233,135,0.7,0.11
3234,194,0.76,0.28
3235,131,0.33,0.37
3236,178,0.39,0.18
3237,141,0.37,0.19
3238,197,0.79,0.4
3239,199,0.33,0.23
3240,44,0.48,0.31
3241,96,0.41,0.3
3242,40,0.51,0.32
3243,98,0.71,0.3
3244,63,0.35,0.11
3245,152,0.71,0.11
3246,125,0.46,0.19
3247,128,0.45,0.32
3248,129,0.4,0.22
3249,65,0.3,0.28
3250,88,0.59,0.33
3251,104,0.47,0.37
3252,145,0.56,0.25
3253,74,0.6,0.26
3254,171,0.47,0.13
3255,88,0.44,0.29
3256,83,0.37,0.29
3257,126,0.23,0.33
3258,117,0.48,0.27
3259,137,0.41,0.19
3260,94,0.59,0.32
3261,139,0.71,0.27
3262,48,0.56,0.21
3263,117,0.4,0.26
3264,34,0.57,0.11
3265,191,0.48,0.16
3266,96,0.43,0.31
3267,23,0.26,0.38
3268,152,0.46,0.23
3269,99,0.66,0.29
3270,87,0.27,0.11
3271,175,0.47,0.19
3272,122,0.25,0.19
3273,68,0.46,0.16
3274,137,0.7,0.11
3275,137,0.58,0.16
3276,56,0.53,0.31
3277,37,0.64,0.26
3278,39,0.66,0.24
3279,122,0.43,0.22
3280,185,0.57,0.14
3281,141,0.73,0.17
3282,37,0.69,0.16
3283,129,0.53,0.2
3284,32,0.31,0.32
3285,82,0.55,0.14
3286,84,0.58,0.12
3287,180,0.5,0.34
3288,95,0.33,0.39
3289,172,0.68,0.12
3290,94,0.4,0.22
3291,155,0.34,0.24
3292,174,0.51,0.35
3293,170,0.68,0.14
3294,193,0.5,0.19
3295,128,0.23,0.3
3296,198,0.25,0.25
3297,105,0.54,0.37
3298,37,0.61,0.15
3299,30,0.32,0.31
3300,134,0.37,0.21
3301,181,0.38,0.31
3302,191,0.77,0.33
3303,49,0.24,0.26
3304,47,0.64,0.27
3305,37,0.66,0.27
3306,184,0.45,0.39
3307,38,0.79,0.12
3308,166,0.44,0.31
3309,171,0.71,0.37
3310,67,0.6,0.38
3311,100,0.76,0.18
3312,144,0.71,0.11
3313,188,0.7,0.27
3314,27,0.28,0.34
3315,149,0.38,0.29
3316,105,0.78,0.37
3317,92,0.54,0.33
3318,181,0.53,0.34
3319,176,0.71,0.3
3320,103,0.29,0.35
3321,144,0.65,0.39
3322,53,0.27,0.35
3323,197,0.72,0.23
3324,188,0.39,0.16
3325,133,0.55,0.28
3326,184,0.56,0.18
3327,65,0.27,0.34
3328,61,0.66,0.36
3329,126,0.6,0.18
3330,164,0.56,0.27
3331,176,0.21,0.26
3332,103,0.45,0.32
3333,127,0.56,0.17
3334,65,0.68,0.4
3335,37,0.47,0.36
3336,34,0.61,0.24
3337,110,0.71,0.13
3338,22,0.31,0.22
3339,155,0.55,0.3
3340,163,0.45,0.24
3341,29,0.26,0.28
3342,120,0.7,0.28
3343,77,0.23,0.14
3344,91,0.38,0.28
3345,32,0.39,0.17
3346,169,0.27,0.12
3347,34,0.77,0.4
3348,44,0.61,0.32
3349,146,0.38,0.29
3350,142,0.69,0.29
3351,190,0.78,0.15
3352,73,0.74,0.4
3353,23,0.69,0.36
3354,197,0.55,0.27
3355,198,0.32,0.38
3356,163,0.6,0.22
3357,72,0.62,0.24
3358,91,0.21,0.32
3359,76,0.53,0.39
3360,22,0.36,0.35
3361,48,0.28,0.36
3362,154,0.59,0.38
3363,48,0.64,0.35
3364,86,0.38,0.24
3365,156,0.65,0.4
3366,106,0.66,0.34
3367,91,0.55,0.31
3368,130,0.73,0.32
3369,188,0.54,0.23
3370,79,0.72,0.36
3371,81,0.73,0.28
3372,118,0.78,0.29
3373,157,0.68,0.36
3374,114,0.54,0.17
3375,191,0.38,0.23
3376,157,0.73,0.22
3377,82,0.58,0.34
3378,172,0.39,0.21
3379,64,0.24,0.23
3380,20,0.41,0.11
3381,149,0.74,0.33
3382,156,0.27,0.17
3383,104,0.46,0.21
3384,21,0.45,0.26
3385,74,0.26,0.33
3386,144,0.72,0.13
3387,176,0.29,0.29
3388,34,0.55,0.35
3389,195,0.51,0.34
3390,91,0.58,0.24
3391,47,0.32,0.26
3392,69,0.21,0.12
3393,115,0.64,0.34
3394,182,0.59,0.31
3395,200,0.58,0.22
3396,171,0.22,0.37
3397,77,0.74,0.35
3398,134,0.46,0.17
3399,25,0.21,0.18
3400,92,0.61,0.37
3401,166,0.27,0.14
3402,30,0.7,0.32
3403,107,0.49,0.19
3404,26,0.63,0.17
3405,20,0.6,0.37
3406,98,0.74,0.24
3407,95,0.77,0.26
3408,53,0.72,0.15
3409,127,0.24,0.13
3410,77,0.22,0.32
3411,44,0.8,0.13
3412,40,0.75,0.35
3413,61,0.62,0.38
3414,36,0.23,0.14
3415,45,0.44,0.35
3416,77,0.67,0.11
3417,69,0.8,0.33
3418,54,0.64,0.34
3419,166,0.21,0.32
3420,151,0.66,0.16
3421,21,0.26,0.26
3422,108,0.69,0.16
3423,91,0.59,0.27
3424,137,0.34,0.16
3425,153,0.67,0.28
3426,156,0.5,0.22
3427,110,0.54,0.37
3428,144,0.56,0.33
3429,80,0.59,0.24
3430,112,0.79,0.17
3431,99,0.2,0.37
3432,46,0.42,0.3
3433,135,0.65,0.12
3434,106,0.64,0.39
3435,162,0.72,0.15
3436,112,0.59,0.4
3437,23,0.34,0.22
3438,98,0.2,0.4
3439,54,0.51,0.1
3440,180,0.61,0.22
3441,105,0.56,0.14
3442,167,0.53,0.37
3443,80,0.72,0.14
3444,72,0.71,0.37
3445,193,0.45,0.34
3446,90,0.76,0.38
3447,82,0.48,0.16
3448,79,0.56,0.14
3449,46,0.67,0.26
3450,172,0.39,0.13
3451,141,0.44,0.29
3452,107,0.23,0.28
3453,43,0.73,0.14
3454,30,0.42,0.27
3455,136,0.26,0.36
3456,181,0.22,0.11
3457,92,0.22,0.38
3458,200,0.6,0.18
3459,131,0.21,0.23
3460,54,0.57,0.31
3461,63,0.29,0.37
3462,149,0.78,0.23
3463,115,0.45,0.13
3464,95,0.42,0.14
3465,39,0.68,0.29
3466,23,0.49,0.14
3467,82,0.77,0.13
3468,194,0.66,0.25
3469,89,0.33,0.17
3470,88,0.57,0.24
3471,164,0.8,0.14
3472,20,0.61,0.13
3473,32,0.54,0.21
3474,120,0.75,0.37
3475,27,0.69,0.16
3476,81,0.59,0.4
3477,42,0.72,0.22
3478,190,0.33,0.28
3479,118,0.28,0.34
3480,185,0.39,0.15
3481,165,0.46,0.3
3482,149,0.61,0.17
3483,188,0.61,0.29
3484,43,0.21,0.21
3485,127,0.23,0.37
3486,199,0.35,0.2
3487,176,0.7,0.22
3488,164,0.64,0.29
3489,56,0.2,0.32
3490,157,0.63,0.34
3491,55,0.8,0.25
3492,157,0.71,0.14
3493,42,0.28,0.18
3494,125,0.34,0.25
3495,170,0.45,0.37
3496,126,0.55,0.34
3497,128,0.6,0.28
3498,119,0.61,0.19
3499,104,0.32,0.29
3500,44,0.67,0.4
3501,120,0.59,0.32
3502,138,0.72,0.11
3503,36,0.67,0.18
3504,60,0.45,0.25
3505,199,0.71,0.38
3506,188,0.23,0.31
3507,30,0.71,0.19
3508,162,0.62,0.23
3509,20,0.58,0.23
3510,67,0.56,0.29
3511,192,0.58,0.1
3512,68,0.44,0.21
3513,67,0.36,0.27
3514,20,0.5,0.14
3515,86,0.22,0.25
3516,133,0.79,0.28
3517,157,0.62,0.31
3518,78,0.44,0.3
3519,78,0.47,0.28
3520,99,0.28,0.12
3521,57,0.74,0.11
3522,47,0.72,0.28
3523,112,0.29,0.2
3524,126,0.65,0.24
3525,46,0.67,0.17
3526,182,0.29,0.23
3527,40,0.55,0.24
3528,90,0.8,0.33
3529,169,0.69,0.28
3530,198,0.65,0.12
3531,140,0.23,0.33
3532,200,0.32,0.27
3533,50,0.53,0.22
3534,65,0.21,0.11
3535,33,0.71,0.3
3536,197,0.63,0.19
3537,121,0.25,0.28
3538,73,0.5,0.38
3539,35,0.22,0.19
3540,37,0.25,0.14
3541,156,0.45,0.18
3542,30,0.73,0.19
3543,70,0.62,0.21
3544,199,0.52,0.24
3545,51,0.22,0.37
3546,176,0.34,0.32
3547,191,0.51,0.17
3548,77,0.46,0.16
3549,159,0.67,0.11
3550,177,0.55,0.26
3551,153,0.61,0.21
3552,196,0.74,0.18
3553,145,0.26,0.29
3554,24,0.7,0.14
3555,44,0.39,0.23
3556,59,0.42,0.29
3557,52,0.65,0.18
3558,194,0.49,0.19
3559,149,0.34,0.12
3560,66,0.52,0.36
3561,21,0.61,0.12
3562,130,0.37,0.38
3563,162,0.71,0.12
3564,33,0.75,0.29
3565,172,0.71,0.12
3566,55,0.68,0.22
3567,140,0.75,0.38
3568,148,0.73,0.26
3569,39,0.77,0.15
3570,55,0.62,0.31
3571,96,0.25,0.23
3572,64,0.33,0.23
3573,120,0.49,0.15
3574,128,0.74,0.34
3575,34,0.78,0.26
3576,131,0.36,0.13
3577,124,0.61,0.19
3578,112,0.45,0.27
3579,156,0.42,0.26
3580,178,0.66,0.38
3581,69,0.63,0.26
3582,133,0.39,0.37
3583,168,0.5,0.13
3584,127,0.79,0.16
3585,113,0.73,0.32
3586,80,0.24,0.26
3587,88,0.27,0.13
3588,42,0.45,0.26
3589,190,0.66,0.25
3590,26,0.48,0.39
3591,116,0.36,0.35
3592,146,0.47,0.38
3593,109,0.52,0.35
3594,196,0.41,0.33
3595,81,0.38,0.38
3596,56,0.4,0.17
3597,149,0.61,0.35
3598,118,0.41,0.14
3599,156,0.58,0.29
3600,146,0.33,0.13
3601,71,0.25,0.36
3602,51,0.41,0.12
3603,30,0.75,0.14
3604,41,0.38,0.31
3605,110,0.43,0.3
3606,104,0.75,0.25
3607,138,0.71,0.16
3608,88,0.62,0.28
3609,85,0.44,0.28
3610,56,0.61,0.13
3611,157,0.56,0.12
3612,31,0.69,0.21
3613,158,0.69,0.22
3614,94,0.27,0.25
3615,91,0.61,0.16
3616,57,0.24,0.35
3617,38,0.46,0.38
3618,102,0.27,0.31
3619,149,0.52,0.38
3620,81,0.7,0.2
3621,106,0.23,0.15
3622,187,0.51,0.13
3623,102,0.77,0.33
3624,33,0.49,0.3
3625,199,0.51,0.15
3626,78,0.44,0.17
3627,73,0.45,0.1
3628,63,0.29,0.29
3629,189,0.57,0.19
3630,37,0.44,0.38
3631,172,0.47,0.31
3632,35,0.78,0.15
3633,108,0.21,0.11
3634,107,0.58,0.28
3635,51,0.28,0.24
3636,69,0.58,0.3
3637,127,0.41,0.32
3638,140,0.66,0.34
3639,54,0.36,0.24
3640,132,0.38,0.32
3641,45,0.54,0.35
3642,120,0.63,0.24
3643,53,0.47,0.19
3644,48,0.51,0.39
3645,189,0.78,0.32
3646,70,0.49,0.36
3647,74,0.31,0.3
3648,176,0.3,0.24
3649,89,0.73,0.16
3650,192,0.29,0.4
3651,118,0.39,0.17
3652,74,0.44,0.18
3653,171,0.52,0.35
3654,195,0.54,0.18
3655,103,0.44,0.22
3656,36,0.53,0.29
3657,169,0.34,0.26
3658,79,0.24,0.29
3659,116,0.2,0.23
3660,164,0.63,0.22
3661,142,0.61,0.23
3662,172,0.65,0.16
3663,74,0.8,0.17
3664,181,0.61,0.31
3665,158,0.66,0.18
3666,181,0.47,0.25
3667,90,0.38,0.17
3668,162,0.75,0.23
3669,54,0.36,0.18
3670,175,0.67,0.32
3671,123,0.42,0.21
3672,193,0.45,0.29
3673,49,0.3,0.36
3674,72,0.43,0.27
3675,149,0.33,0.11
3676,150,0.66,0.11
3677,185,0.33,0.13
3678,149,0.74,0.23
3679,137,0.21,0.19
3680,134,0.58,0.12
3681,113,0.75,0.31
3682,47,0.76,0.16
3683,158,0.25,0.39
3684,133,0.63,0.28
3685,101,0.59,0.18
3686,171,0.42,0.37
3687,27,0.35,0.22
3688,75,0.72,0.25
3689,196,0.39,0.19
3690,33,0.39,0.22
3691,126,0.24,0.25
3692,35,0.56,0.37
3693,145,0.5,0.25
3694,163,0.36,0.11
3695,170,0.27,0.39
3696,25,0.75,0.16
3697,118,0.65,0.38
3698,124,0.74,0.14
3699,173,0.27,0.15
3700,36,0.7,0.37
3701,47,0.7,0.31
3702,120,0.38,0.11
3703,179,0.62,0.36
3704,163,0.41,0.31
3705,180,0.63,0.16
3706,149,0.67,0.36
3707,98,0.38,0.26
3708,76,0.79,0.29
3709,146,0.48,0.28
3710,181,0.23,0.22
3711,174,0.58,0.17
3712,81,0.79,0.4
3713,154,0.8,0.2
3714,75,0.53,0.16
3715,179,0.59,0.32
3716,47,0.23,0.13
3717,183,0.28,0.33
3718,51,0.71,0.19
3719,188,0.56,0.22
3720,148,0.55,0.22
3721,20,0.3,0.27
3722,49,0.23,0.15
3723,60,0.26,0.19
3724,21,0.48,0.19
3725,90,0.53,0.16
3726,73,0.66,0.32
3727,78,0.54,0.1
3728,156,0.48,0.38
3729,96,0.44,0.14
3730,20,0.59,0.36
3731,107,0.2,0.34
3732,168,0.55,0.17
3733,96,0.34,0.33
3734,148,0.21,0.14
3735,29,0.32,0.24
3736,193,0.57,0.35
3737,100,0.76,0.28
3738,162,0.46,0.12
3739,35,0.77,0.18
3740,56,0.27,0.38
3741,188,0.59,0.21
3742,31,0.57,0.33
3743,185,0.64,0.29
3744,172,0.2,0.3
3745,40,0.53,0.15
3746,61,0.24,0.3
3747,149,0.55,0.23
3748,57,0.48,0.13
3749,139,0.29,0.31
3750,40,0.22,0.16
3751,113,0.56,0.33
3752,53,0.35,0.31
3753,143,0.48,0.14
3754,130,0.71,0.24
3755,181,0.3,0.2
3756,152,0.65,0.13
3757,27,0.68,0.36
3758,183,0.51,0.32
3759,178,0.42,0.3
3760,75,0.42,0.28
3761,49,0.54,0.28
3762,194,0.74,0.28
3763,108,0.43,0.29
3764,29,0.54,0.23
3765,48,0.59,0.29
3766,117,0.62,0.13
3767,82,0.76,0.36
3768,86,0.75,0.1
3769,30,0.71,0.35
3770,39,0.78,0.3
3771,184,0.21,0.25
3772,38,0.68,0.14
3773,118,0.52,0.11
3774,54,0.54,0.2
3775,28,0.47,0.15
3776,130,0.43,0.25
3777,126,0.78,0.28
3778,28,0.52,0.26
3779,114,0.29,0.4
3780,171,0.54,0.23
3781,198,0.77,0.2
3782,20,0.21,0.36
3783,57,0.54,0.14
3784,71,0.56,0.28
3785,168,0.27,0.27
3786,80,0.32,0.2
3787,37,0.59,0.11
3788,154,0.3,0.39
3789,160,0.66,0.12
3790,171,0.69,0.37
3791,139,0.63,0.21
3792,48,0.6,0.13
3793,147,0.4,0.27
3794,25,0.74,0.35
3795,27,0.42,0.14
3796,112,0.4,0.36
3797,185,0.45,0.14
3798,177,0.78,0.37
3799,27,0.38,0.28
3800,120,0.7,0.39
3801,162,0.79,0.17
3802,75,0.59,0.23
3803,76,0.68,0.18
3804,121,0.45,0.14
3805,109,0.37,0.28
3806,83,0.63,0.32
3807,197,0.77,0.25
3808,91,0.53,0.28
3809,61,0.38,0.34
3810,81,0.57,0.34
3811,65,0.44,0.19
3812,51,0.33,0.18
3813,129,0.48,0.19
3814,143,0.2,0.1
3815,112,0.67,0.28
3816,76,0.45,0.36
3817,103,0.31,0.15
3818,21,0.3,0.35
3819,127,0.78,0.35
3820,48,0.36,0.37
3821,65,0.47,0.37
3822,111,0.47,0.25
3823,41,0.3,0.17
3824,195,0.36,0.13
3825,43,0.59,0.2
3826,134,0.47,0.18
3827,67,0.3,0.39
3828,117,0.78,0.19
3829,95,0.64,0.18
3830,187,0.66,0.26
3831,157,0.38,0.33
3832,101,0.61,0.38
3833,112,0.24,0.14
3834,86,0.74,0.2
3835,118,0.78,0.24
3836,192,0.45,0.29
3837,130,0.54,0.23
3838,194,0.57,0.1
3839,196,0.35,0.28
3840,190,0.45,0.3
3841,76,0.42,0.31
3842,28,0.54,0.11
3843,143,0.37,0.14
3844,66,0.43,0.15
3845,85,0.27,0.17
3846,27,0.77,0.38
3847,197,0.27,0.36
3848,154,0.56,0.29
3849,176,0.25,0.29
3850,79,0.37,0.18
3851,159,0.29,0.34
3852,120,0.5,0.13
3853,35,0.41,0.22
3854,82,0.43,0.26
3855,122,0.79,0.27
3856,86,0.57,0.34
3857,146,0.68,0.26
3858,129,0.66,0.12
3859,197,0.29,0.2
3860,131,0.54,0.18
3861,195,0.69,0.27
3862,104,0.29,0.29
3863,134,0.6,0.4
3864,200,0.45,0.25
3865,182,0.35,0.12
3866,161,0.38,0.23
3867,94,0.67,0.33
3868,41,0.52,0.23
3869,31,0.54,0.29
3870,161,0.21,0.13
3871,64,0.73,0.23
3872,118,0.76,0.21
3873,160,0.38,0.11
3874,43,0.43,0.24
3875,46,0.71,0.2
3876,44,0.65,0.1
3877,188,0.3,0.18
3878,61,0.27,0.24
3879,158,0.78,0.35
3880,118,0.47,0.4
3881,133,0.66,0.34
3882,34,0.56,0.29
3883,190,0.79,0.12
3884,177,0.27,0.22
3885,182,0.29,0.16
3886,99,0.57,0.37
3887,154,0.49,0.39
3888,59,0.8,0.4
3889,88,0.39,0.21
3890,188,0.49,0.16
3891,161,0.26,0.23
3892,97,0.59,0.19
3893,155,0.69,0.18
3894,60,0.47,0.36
3895,86,0.2,0.21
3896,131,0.3,0.39
3897,159,0.79,0.38
3898,101,0.34,0.11
3899,104,0.47,0.3
3900,144,0.42,0.29
3901,59,0.72,0.23
3902,95,0.6,0.39
3903,52,0.46,0.25
3904,88,0.39,0.26
3905,67,0.55,0.36
3906,54,0.71,0.15
3907,169,0.77,0.11
3908,113,0.26,0.12
3909,176,0.46,0.26
3910,113,0.52,0.22
3911,137,0.2,0.24
3912,174,0.69,0.3
3913,117,0.63,0.38
3914,196,0.57,0.11
3915,112,0.79,0.3
3916,68,0.29,0.38
3917,86,0.74,0.14
3918,155,0.6,0.37
3919,98,0.34,0.22
3920,64,0.21,0.27
3921,97,0.44,0.28
3922,98,0.53,0.15
3923,188,0.55,0.12
3924,29,0.46,0.38
3925,124,0.63,0.25
3926,29,0.75,0.32
3927,56,0.64,0.21
3928,127,0.57,0.36
3929,64,0.54,0.18
3930,182,0.49,0.23
3931,147,0.74,0.15
3932,116,0.6,0.16
3933,84,0.21,0.15
3934,131,0.63,0.12
3935,34,0.22,0.32
3936,99,0.56,0.29
3937,168,0.33,0.25
3938,102,0.43,0.32
3939,188,0.44,0.32
3940,32,0.77,0.13
3941,150,0.56,0.39
3942,27,0.54,0.2
3943,38,0.39,0.27
3944,98,0.67,0.33
3945,197,0.44,0.3
3946,81,0.3,0.37
3947,104,0.72,0.19
3948,98,0.55,0.1
3949,156,0.78,0.26
3950,44,0.35,0.13
3951,94,0.22,0.32
3952,124,0.73,0.19
3953,34,0.68,0.2
3954,186,0.31,0.3
3955,116,0.74,0.36
3956,156,0.38,0.23
3957,67,0.77,0.39
3958,25,0.3,0.2
3959,21,0.64,0.15
3960,61,0.43,0.34
3961,69,0.27,0.31
3962,114,0.77,0.28
3963,171,0.35,0.31
3964,185,0.33,0.28
3965,156,0.38,0.26
3966,151,0.6,0.16
3967,90,0.38,0.27
3968,42,0.7,0.29
3969,142,0.46,0.16
3970,20,0.43,0.36
3971,28,0.75,0.36
3972,126,0.59,0.38
3973,140,0.8,0.38
3974,196,0.69,0.3
3975,57,0.64,0.31
3976,140,0.55,0.1
3977,199,0.47,0.13
3978,130,0.37,0.17
3979,57,0.56,0.18
3980,187,0.24,0.13
3981,90,0.32,0.38
3982,93,0.59,0.36
3983,76,0.32,0.12
3984,157,0.75,0.12
3985,47,0.52,0.37
3986,193,0.4,0.31
3987,34,0.33,0.37
3988,63,0.42,0.17
3989,175,0.72,0.25
3990,133,0.55,0.35
3991,189,0.65,0.35
3992,50,0.61,0.2
3993,200,0.24,0.22
3994,74,0.32,0.11
3995,98,0.42,0.39
3996,28,0.52,0.2
3997,127,0.44,0.19
3998,176,0.31,0.29
3999,111,0.53,0.15
4000,84,0.22,0.13
4001,196,0.27,0.17
4002,54,0.46,0.25
4003,95,0.66,0.19
4004,173,0.68,0.34
4005,176,0.27,0.11
4006,136,0.47,0.21
4007,171,0.36,0.39
4008,154,0.4,0.23
4009,87,0.8,0.13
4010,193,0.73,0.31
4011,142,0.63,0.33
4012,35,0.32,0.32
4013,163,0.47,0.13
4014,101,0.37,0.29
4015,81,0.3,0.17
4016,33,0.63,0.21
4017,100,0.24,0.4
4018,34,0.52,0.17
4019,25,0.44,0.11
4020,170,0.63,0.3
4021,175,0.76,0.39
4022,109,0.63,0.17
4023,66,0.4,0.25
4024,139,0.74,0.4
4025,147,0.29,0.27
4026,60,0.36,0.3
4027,98,0.49,0.23
4028,100,0.51,0.29
4029,190,0.24,0.21
4030,133,0.37,0.39
4031,165,0.44,0.18
4032,152,0.73,0.34
4033,180,0.77,0.11
4034,55,0.6,0.31
4035,178,0.61,0.36
4036,156,0.63,0.38
4037,171,0.42,0.29
4038,29,0.56,0.17
4039,148,0.38,0.26
4040,169,0.75,0.31
4041,47,0.54,0.2
4042,93,0.2,0.12
4043,20,0.65,0.36
4044,124,0.2,0.33
4045,96,0.39,0.19
4046,106,0.73,0.35
4047,36,0.64,0.23
4048,104,0.58,0.18
4049,194,0.37,0.13
4050,53,0.5,0.39
4051,92,0.48,0.39
4052,54,0.54,0.17
4053,144,0.33,0.28
4054,103,0.39,0.21
4055,129,0.26,0.21
4056,186,0.77,0.14
4057,55,0.71,0.22
4058,84,0.57,0.21
4059,170,0.26,0.29
4060,38,0.35,0.34
4061,87,0.45,0.13
4062,175,0.26,0.14
4063,32,0.62,0.39
4064,89,0.59,0.34
4065,148,0.45,0.14
4066,48,0.63,0.15
4067,149,0.39,0.22
4068,40,0.68,0.26
4069,129,0.29,0.29
4070,90,0.73,0.12
4071,117,0.73,0.21
4072,156,0.73,0.25
4073,47,0.69,0.33
4074,194,0.55,0.3
4075,42,0.33,0.23
4076,101,0.36,0.12
4077,130,0.38,0.39
4078,111,0.46,0.35
4079,67,0.26,0.28
4080,130,0.79,0.31
4081,129,0.51,0.19
4082,76,0.59,0.19
4083,162,0.44,0.3
4084,78,0.35,0.39
4085,76,0.53,0.22
4086,21,0.37,0.2
4087,33,0.56,0.31
4088,171,0.79,0.16
4089,188,0.63,0.31
4090,100,0.78,0.26
4091,168,0.55,0.16
4092,33,0.42,0.18
4093,64,0.39,0.14
4094,77,0.2,0.34
4095,130,0.63,0.14
4096,54,0.45,0.14
4097,200,0.55,0.28
4098,140,0.63,0.27
4099,27,0.55,0.11
4100,29,0.5,0.3
4101,37,0.8,0.3
4102,173,0.34,0.36
4103,71,0.23,0.34
4104,101,0.5,0.3
4105,121,0.36,0.14
4106,55,0.73,0.21
4107,127,0.78,0.38
4108,128,0.63,0.28
4109,143,0.65,0.16
4110,35,0.23,0.21
4111,164,0.37,0.14
4112,60,0.31,0.12
4113,150,0.69,0.4
4114,136,0.58,0.39
4115,163,0.59,0.29
4116,56,0.66,0.38
4117,179,0.3,0.19
4118,167,0.48,0.15
4119,60,0.7,0.31
4120,176,0.36,0.38
4121,125,0.61,0.12
4122,93,0.29,0.21
4123,191,0.36,0.15
4124,102,0.71,0.38
4125,181,0.33,0.33
4126,104,0.54,0.25
4127,106,0.57,0.17
4128,115,0.52,0.11
4129,134,0.27,0.27
4130,53,0.59,0.27
4131,138,0.51,0.3
4132,146,0.73,0.33
4133,189,0.79,0.24
4134,73,0.74,0.15
4135,93,0.48,0.24
4136,135,0.75,0.29
4137,135,0.33,0.22
4138,64,0.33,0.21
4139,188,0.77,0.18
4140,130,0.28,0.16
4141,195,0.38,0.3
4142,147,0.7,0.33
4143,195,0.75,0.31
4144,110,0.38,0.29
4145,126,0.52,0.12
4146,166,0.52,0.18
4147,86,0.31,0.33
4148,169,0.32,0.27
4149,49,0.41,0.27
4150,62,0.57,0.11
4151,51,0.48,0.28
4152,35,0.73,0.29
4153,72,0.49,0.25
4154,182,0.55,0.23
4155,60,0.76,0.39
4156,46,0.64,0.17
4157,46,0.4,0.35
4158,32,0.43,0.1
4159,120,0.5,0.35
4160,152,0.53,0.34
4161,56,0.58,0.28
4162,63,0.37,0.14
4163,86,0.27,0.35
4164,72,0.71,0.15
4165,60,0.31,0.3
4166,102,0.72,0.38
4167,84,0.24,0.21
4168,130,0.24,0.2
4169,73,0.52,0.25
4170,24,0.24,0.14
4171,94,0.66,0.17
4172,79,0.68,0.1
4173,119,0.62,0.3
4174,135,0.37,0.24
4175,120,0.25,0.18
4176,157,0.54,0.17
4177,200,0.61,0.18
4178,154,0.59,0.36
4179,186,0.64,0.27
4180,103,0.58,0.29
4181,41,0.24,0.33
4182,181,0.29,0.24
4183,128,0.39,0.28
4184,87,0.73,0.15
4185,86,0.39,0.16
4186,101,0.65,0.26
4187,111,0.48,0.36
4188,132,0.78,0.16
4189,134,0.79,0.35
4190,61,0.22,0.13
4191,69,0.46,0.22
4192,126,0.66,0.33
4193,181,0.65,0.37
4194,51,0.33,0.36
4195,191,0.7,0.32
4196,183,0.56,0.4
4197,71,0.4,0.17
4198,54,0.35,0.38
4199,103,0.49,0.16
4200,176,0.73,0.28
4201,145,0.33,0.13
4202,186,0.44,0.11
4203,70,0.76,0.28
4204,73,0.32,0.16
4205,167,0.63,0.39
4206,180,0.69,0.33
4207,192,0.27,0.14
4208,161,0.65,0.21
4209,107,0.3,0.1
4210,181,0.55,0.1
4211,75,0.52,0.27
4212,126,0.45,0.17
4213,51,0.68,0.26
4214,60,0.35,0.21
4215,64,0.6,0.21
4216,150,0.34,0.26
4217,51,0.22,0.13
4218,63,0.33,0.33
4219,190,0.38,0.19
4220,133,0.41,0.12
4221,48,0.45,0.24
4222,165,0.72,0.13
4223,177,0.44,0.36
4224,131,0.29,0.26
4225,177,0.77,0.22
4226,134,0.37,0.31
4227,167,0.78,0.27
4228,184,0.66,0.12
4229,34,0.24,0.14
4230,178,0.27,0.12
4231,94,0.22,0.39
4232,113,0.36,0.18
4233,45,0.68,0.3
4234,97,0.66,0.27
4235,180,0.36,0.13
4236,109,0.73,0.16
4237,36,0.51,0.32
4238,75,0.37,0.18
4239,198,0.41,0.37
4240,164,0.45,0.16
4241,154,0.71,0.29
4242,42,0.45,0.3
4243,198,0.33,0.11
4244,80,0.55,0.11
4245,178,0.26,0.1
4246,81,0.52,0.2
4247,157,0.29,0.27
4248,85,0.57,0.34
4249,95,0.5,0.14
4250,162,0.62,0.19
4251,162,0.24,0.31
4252,114,0.71,0.13
4253,168,0.38,0.13
4254,157,0.6,0.17
4255,105,0.22,0.38
4256,24,0.32,0.27
4257,50,0.38,0.39
4258,72,0.43,0.36
4259,155,0.48,0.14
4260,197,0.73,0.31
4261,181,0.65,0.2
4262,87,0.65,0.14
4263,108,0.71,0.22
4264,141,0.75,0.28
4265,166,0.44,0.2
4266,23,0.54,0.34
4267,140,0.37,0.14
4268,97,0.34,0.19
4269,126,0.32,0.37
4270,139,0.38,0.33
4271,82,0.77,0.1
4272,141,0.58,0.12
4273,34,0.38,0.23
4274,28,0.6,0.37
4275,70,0.5,0.1
4276,160,0.24,0.17
4277,87,0.5,0.29
4278,92,0.28,0.36
4279,110,0.74,0.3
4280,29,0.51,0.16
4281,149,0.77,0.2
4282,131,0.23,0.15
4283,81,0.64,0.15
4284,187,0.44,0.25
4285,55,0.52,0.24
4286,53,0.62,0.34
4287,187,0.2,0.31
4288,62,0.79,0.26
4289,137,0.7,0.19
4290,76,0.5,0.31
4291,89,0.55,0.18
4292,198,0.66,0.24
4293,76,0.43,0.15
4294,51,0.4,0.16
4295,55,0.36,0.1
4296,95,0.66,0.18
4297,67,0.68,0.21
4298,197,0.53,0.29
4299,107,0.65,0.2
4300,61,0.21,0.12
4301,159,0.26,0.16
4302,24,0.34,0.35
4303,173,0.54,0.34
4304,169,0.53,0.15
4305,61,0.44,0.39
4306,105,0.48,0.39
4307,188,0.46,0.36
4308,72,0.2,0.32
4309,151,0.75,0.24
4310,120,0.63,0.35
4311,119,0.68,0.24
4312,195,0.37,0.22
4313,36,0.26,0.26
4314,52,0.36,0.25
4315,183,0.74,0.4
4316,64,0.23,0.14
4317,75,0.69,0.29
4318,69,0.72,0.24
4319,129,0.74,0.27
4320,190,0.7,0.38
4321,133,0.66,0.15
4322,162,0.75,0.36
4323,124,0.24,0.33
4324,105,0.38,0.18
4325,62,0.36,0.14
4326,53,0.62,0.16
4327,93,0.69,0.13
4328,77,0.69,0.13
4329,61,0.47,0.11
4330,120,0.4,0.27
4331,48,0.69,0.34
4332,63,0.55,0.29
4333,70,0.37,0.39
4334,199,0.58,0.26
4335,178,0.59,0.11
4336,171,0.78,0.13
4337,74,0.76,0.15
4338,33,0.21,0.38
4339,114,0.55,0.13
4340,123,0.59,0.35
4341,50,0.37,0.27
4342,98,0.53,0.12
4343,182,0.62,0.29
4344,73,0.27,0.2
4345,152,0.56,0.34
4346,109,0.64,0.23
4347,54,0.54,0.29
4348,107,0.29,0.28
4349,106,0.62,0.38
4350,120,0.32,0.38
4351,107,0.52,0.13
4352,182,0.25,0.36
4353,177,0.7,0.11
4354,162,0.77,0.34
4355,128,0.61,0.27
4356,88,0.52,0.12
4357,186,0.76,0.2
4358,63,0.61,0.25
4359,115,0.35,0.35
4360,121,0.37,0.21
4361,144,0.23,0.34
4362,120,0.69,0.22
4363,101,0.72,0.13
4364,196,0.33,0.33
4365,126,0.67,0.28
4366,153,0.2,0.33
4367,89,0.33,0.4
4368,167,0.64,0.15
4369,126,0.39,0.39
4370,49,0.52,0.29
4371,115,0.4,0.36
4372,130,0.66,0.29
4373,98,0.5,0.15
4374,167,0.53,0.22
4375,121,0.47,0.12
4376,181,0.24,0.12
4377,95,0.35,0.35
4378,71,0.56,0.12
4379,28,0.35,0.33
4380,132,0.79,0.36
4381,46,0.55,0.32
4382,48,0.53,0.37
4383,117,0.36,0.12
4384,163,0.71,0.38
4385,175,0.75,0.24
4386,53,0.55,0.14
4387,182,0.26,0.26
4388,132,0.76,0.31
4389,189,0.35,0.15
4390,54,0.72,0.12
4391,169,0.27,0.12
4392,77,0.29,0.3
4393,39,0.28,0.26
4394,120,0.37,0.16
4395,94,0.66,0.29
4396,189,0.38,0.3
4397,106,0.3,0.12
4398,77,0.65,0.3
4399,126,0.52,0.23
4400,148,0.38,0.27
4401,171,0.44,0.38
4402,50,0.24,0.18
4403,172,0.63,0.17
4404,82,0.66,0.32
4405,132,0.33,0.26
4406,168,0.66,0.19
4407,102,0.58,0.12
4408,150,0.6,0.28
4409,65,0.71,0.24
4410,175,0.63,0.37
4411,103,0.64,0.19
4412,175,0.7,0.21
4413,58,0.78,0.22
4414,53,0.26,0.36
4415,48,0.32,0.39
4416,187,0.46,0.36
4417,184,0.74,0.3
4418,151,0.42,0.28
4419,166,0.56,0.39
4420,182,0.48,0.23
4421,57,0.26,0.32
4422,32,0.46,0.29
4423,76,0.78,0.37
4424,124,0.51,0.11
4425,103,0.68,0.37
4426,43,0.23,0.16
4427,125,0.78,0.37
4428,52,0.66,0.33
4429,193,0.7,0.14
4430,149,0.59,0.3
4431,88,0.23,0.18
4432,161,0.68,0.19
4433,58,0.37,0.2
4434,137,0.42,0.39
4435,25,0.57,0.13
4436,125,0.34,0.17
4437,132,0.63,0.17
4438,38,0.2,0.28
4439,103,0.71,0.21
4440,42,0.73,0.27
4441,161,0.22,0.25
4442,193,0.3,0.12
4443,84,0.55,0.29
4444,188,0.79,0.14
4445,97,0.59,0.16
4446,111,0.62,0.33
4447,50,0.64,0.33
4448,183,0.61,0.24
4449,56,0.58,0.35
4450,153,0.68,0.39
4451,121,0.53,0.24
4452,101,0.53,0.31
4453,41,0.62,0.28
4454,200,0.7,0.17
4455,115,0.61,0.23
4456,184,0.58,0.15
4457,130,0.5,0.35
4458,200,0.62,0.26
4459,26,0.27,0.33
4460,89,0.79,0.2
4461,143,0.36,0.4
4462,178,0.23,0.24
4463,86,0.5,0.23
4464,99,0.36,0.29
4465,194,0.55,0.27
4466,110,0.76,0.23
4467,176,0.64,0.14
4468,134,0.31,0.13
4469,134,0.61,0.33
4470,185,0.61,0.23
4471,67,0.78,0.28
4472,28,0.51,0.28
4473,135,0.25,0.19
4474,174,0.53,0.37
4475,185,0.77,0.27
4476,105,0.74,0.17
4477,125,0.28,0.21
4478,64,0.76,0.35
4479,166,0.27,0.35
4480,22,0.55,0.27
4481,118,0.56,0.25
4482,118,0.5,0.36
4483,200,0.69,0.3
4484,60,0.24,0.29
4485,146,0.34,0.38
4486,132,0.27,0.15
4487,111,0.43,0.23
4488,35,0.7,0.15
4489,145,0.28,0.26
4490,40,0.7,0.35
4491,26,0.38,0.11
4492,104,0.6,0.27
4493,180,0.55,0.17
4494,99,0.47,0.17
4495,115,0.72,0.4
4496,140,0.48,0.19
4497,118,0.46,0.17
4498,43,0.6,0.2
4499,89,0.61,0.22
4500,123,0.54,0.26
4501,138,0.56,0.25
4502,56,0.77,0.19
4503,29,0.59,0.26
4504,113,0.31,0.35
4505,124,0.75,0.3
4506,55,0.67,0.27
4507,119,0.49,0.1
4508,41,0.67,0.35
4509,108,0.7,0.34
4510,129,0.45,0.19
4511,139,0.31,0.34
4512,107,0.27,0.33
4513,131,0.6,0.27
4514,83,0.49,0.15
4515,63,0.39,0.26
4516,30,0.21,0.19
4517,76,0.31,0.39
4518,51,0.67,0.16
4519,56,0.28,0.32
4520,134,0.41,0.34
4521,29,0.74,0.1
4522,167,0.27,0.37
4523,187,0.61,0.21
4524,124,0.43,0.38
4525,49,0.35,0.19
4526,107,0.43,0.26
4527,161,0.49,0.15
4528,27,0.32,0.36
4529,116,0.21,0.33
4530,42,0.51,0.27
4531,70,0.31,0.27
4532,114,0.23,0.24
4533,63,0.76,0.13
4534,160,0.64,0.26
4535,177,0.58,0.2
4536,119,0.24,0.33
4537,107,0.62,0.36
4538,180,0.36,0.14
4539,73,0.79,0.1
4540,82,0.36,0.33
4541,43,0.44,0.35
4542,84,0.51,0.33
4543,74,0.47,0.13
4544,141,0.47,0.15
4545,30,0.69,0.39
4546,192,0.21,0.16
4547,111,0.35,0.18
4548,175,0.48,0.35
4549,199,0.24,0.3
4550,126,0.28,0.4
4551,110,0.33,0.26
4552,57,0.63,0.31
4553,85,0.41,0.1
4554,147,0.72,0.37
4555,193,0.71,0.1
4556,75,0.57,0.32
4557,92,0.79,0.39
4558,84,0.63,0.19
4559,118,0.67,0.2
4560,119,0.74,0.17
4561,91,0.4,0.21
4562,115,0.76,0.22
4563,112,0.72,0.2
4564,156,0.69,0.13
4565,123,0.39,0.23
4566,183,0.78,0.35
4567,182,0.21,0.38
4568,100,0.56,0.4
4569,153,0.46,0.36
4570,36,0.52,0.21
4571,161,0.62,0.39
4572,136,0.5,0.21
4573,105,0.77,0.23
4574,184,0.26,0.24
4575,163,0.37,0.12
4576,164,0.62,0.14
4577,189,0.71,0.3
4578,49,0.37,0.22
4579,40,0.34,0.37
4580,87,0.63,0.28
4581,172,0.68,0.28
4582,102,0.54,0.16
4583,121,0.23,0.18
4584,199,0.61,0.33
4585,106,0.78,0.26
4586,142,0.3,0.24
4587,180,0.4,0.3
4588,22,0.68,0.15
4589,65,0.31,0.34
4590,81,0.58,0.29
4591,59,0.3,0.17
4592,193,0.79,0.15
4593,167,0.39,0.12
4594,96,0.75,0.12
4595,92,0.21,0.35
4596,121,0.4,0.26
4597,107,0.7,0.19
4598,63,0.66,0.25
4599,101,0.61,0.19
4600,55,0.28,0.21
4601,174,0.45,0.28
4602,34,0.4,0.15
4603,166,0.75,0.24
4604,150,0.62,0.18
4605,188,0.39,0.28
4606,60,0.7,0.33
4607,70,0.8,0.21
4608,103,0.38,0.2
4609,118,0.68,0.32
4610,60,0.37,0.31
4611,107,0.32,0.25
4612,89,0.25,0.1
4613,55,0.32,0.21
4614,87,0.24,0.27
4615,122,0.76,0.23
4616,171,0.53,0.37
4617,193,0.62,0.12
4618,48,0.46,0.21
4619,139,0.63,0.21
4620,156,0.4,0.39
4621,88,0.68,0.23
4622,39,0.71,0.28
4623,79,0.48,0.2
4624,47,0.55,0.34
4625,139,0.39,0.14
4626,80,0.65,0.21
4627,25,0.8,0.15
4628,175,0.36,0.33
4629,121,0.76,0.14
4630,177,0.27,0.22
4631,198,0.61,0.24
4632,28,0.71,0.12
4633,82,0.7,0.27
4634,115,0.79,0.2
4635,171,0.76,0.36
4636,200,0.42,0.37
4637,120,0.2,0.35
4638,89,0.76,0.19
4639,200,0.55,0.22
4640,184,0.31,0.29
4641,123,0.46,0.25
4642,47,0.33,0.26
4643,110,0.75,0.21
4644,195,0.65,0.18
4645,67,0.74,0.22
4646,186,0.52,0.39
4647,40,0.44,0.37
4648,151,0.38,0.24
4649,122,0.8,0.31
4650,194,0.57,0.32
4651,122,0.24,0.33
4652,20,0.6,0.25
4653,174,0.2,0.21
4654,115,0.4,0.34
4655,55,0.73,0.27
4656,93,0.63,0.28
4657,181,0.73,0.13
4658,36,0.31,0.11
4659,124,0.54,0.28
4660,45,0.33,0.35
4661,97,0.42,0.24
4662,166,0.43,0.25
4663,149,0.6,0.19
4664,105,0.76,0.31
4665,177,0.37,0.17
4666,24,0.69,0.36
4667,50,0.73,0.31
4668,49,0.53,0.32
4669,119,0.34,0.16
4670,67,0.76,0.33
4671,41,0.44,0.19
4672,88,0.5,0.3
4673,128,0.65,0.24
4674,198,0.48,0.25
4675,174,0.63,0.39
4676,29,0.22,0.29
4677,60,0.21,0.34
4678,190,0.5,0.35
4679,174,0.77,0.39
4680,26,0.28,0.13
4681,199,0.31,0.39
4682,72,0.35,0.33
4683,68,0.25,0.16
4684,24,0.66,0.38
4685,94,0.57,0.18
4686,69,0.33,0.33
4687,22,0.58,0.19
4688,43,0.74,0.38
4689,195,0.21,0.21
4690,28,0.45,0.31
4691,103,0.25,0.26
4692,41,0.44,0.22
4693,132,0.33,0.18
4694,65,0.68,0.36
4695,113,0.64,0.31
4696,41,0.77,0.37
4697,199,0.7,0.14
4698,186,0.53,0.15
4699,81,0.62,0.26
4700,186,0.21,0.1
4701,160,0.65,0.21
4702,76,0.5,0.3
4703,109,0.22,0.3
4704,48,0.43,0.16
4705,132,0.47,0.23
4706,42,0.46,0.38
4707,69,0.21,0.16
4708,177,0.32,0.2
4709,129,0.67,0.12
4710,184,0.33,0.27
4711,197,0.54,0.19
4712,84,0.39,0.21
4713,196,0.65,0.21
4714,53,0.41,0.26
4715,38,0.29,0.25
4716,61,0.77,0.4
4717,107,0.37,0.1
4718,69,0.41,0.17
4719,60,0.59,0.4
4720,20,0.21,0.3
4721,93,0.78,0.1
4722,36,0.67,0.37
4723,90,0.43,0.22
4724,41,0.57,0.21
4725,109,0.62,0.39
4726,80,0.38,0.33
4727,93,0.5,0.37
4728,35,0.31,0.27
4729,139,0.35,0.21
4730,123,0.51,0.38
4731,20,0.21,0.16
4732,197,0.56,0.39
4733,59,0.25,0.32
4734,24,0.2,0.34
4735,119,0.57,0.28
4736,133,0.7,0.14
4737,173,0.38,0.26
4738,67,0.6,0.11
4739,130,0.49,0.12
4740,121,0.67,0.27
4741,115,0.45,0.16
4742,42,0.6,0.29
4743,197,0.59,0.34
4744,29,0.2,0.1
4745,96,0.39,0.35
4746,58,0.68,0.36
4747,74,0.45,0.17
4748,189,0.75,0.22
4749,158,0.54,0.13
4750,65,0.25,0.34
4751,79,0.22,0.15
4752,30,0.23,0.12
4753,41,0.55,0.18
4754,60,0.57,0.15
4755,172,0.51,0.15
4756,106,0.54,0.27
4757,76,0.48,0.17
4758,29,0.21,0.13
4759,98,0.5,0.16
4760,192,0.73,0.24
4761,151,0.74,0.33
4762,51,0.48,0.22
4763,177,0.77,0.16
4764,62,0.54,0.34
4765,56,0.42,0.16
4766,195,0.4,0.34
4767,52,0.49,0.3
4768,196,0.33,0.25
4769,23,0.24,0.36
4770,48,0.2,0.29
4771,89,0.43,0.29
4772,170,0.31,0.21
4773,178,0.32,0.26
4774,126,0.66,0.39
4775,21,0.25,0.35
4776,189,0.55,0.27
4777,184,0.71,0.12
4778,193,0.59,0.27
4779,91,0.53,0.33
4780,51,0.44,0.17
4781,143,0.73,0.18
4782,125,0.46,0.15
4783,102,0.36,0.13
4784,36,0.5,0.3
4785,56,0.24,0.13
4786,147,0.39,0.1
4787,61,0.67,0.15
4788,81,0.32,0.38
4789,193,0.45,0.37
4790,115,0.75,0.13
4791,153,0.34,0.21
4792,161,0.24,0.21
4793,120,0.21,0.23
4794,174,0.27,0.39
4795,175,0.42,0.24
4796,170,0.46,0.23
4797,77,0.74,0.11
4798,146,0.8,0.2
4799,120,0.57,0.38
4800,108,0.69,0.2
4801,52,0.75,0.14
4802,28,0.22,0.19
4803,138,0.25,0.32
4804,172,0.79,0.17
4805,26,0.29,0.37
4806,147,0.6,0.32
4807,34,0.2,0.3
4808,77,0.62,0.27
4809,48,0.41,0.36
4810,181,0.75,0.2
4811,167,0.72,0.25
4812,36,0.52,0.12
4813,21,0.25,0.25
4814,182,0.67,0.18
4815,133,0.67,0.11
4816,153,0.62,0.32
4817,156,0.69,0.23
4818,187,0.76,0.29
4819,132,0.41,0.14
4820,172,0.45,0.22
4821,143,0.61,0.21
4822,136,0.68,0.36
4823,146,0.34,0.21
4824,64,0.26,0.18
4825,125,0.59,0.26
4826,131,0.4,0.16
4827,142,0.79,0.28
4828,36,0.54,0.29
4829,57,0.46,0.17
4830,125,0.36,0.34
4831,74,0.33,0.38
4832,167,0.4,0.34
4833,86,0.21,0.17
4834,110,0.48,0.26
4835,122,0.49,0.36
4836,96,0.6,0.11
4837,168,0.48,0.12
4838,31,0.73,0.23
4839,31,0.75,0.39
4840,153,0.27,0.23
4841,179,0.34,0.37
4842,186,0.79,0.33
4843,44,0.59,0.39
4844,68,0.24,0.1
4845,39,0.28,0.29
4846,42,0.21,0.32
4847,111,0.33,0.28
4848,112,0.43,0.23
4849,143,0.62,0.27
4850,194,0.65,0.17
4851,156,0.66,0.29
4852,86,0.5,0.25
4853,62,0.3,0.16
4854,102,0.78,0.37
4855,147,0.65,0.36
4856,198,0.31,0.13
4857,142,0.39,0.27
4858,103,0.69,0.33
4859,99,0.33,0.39
4860,51,0.59,0.23
4861,147,0.62,0.29
4862,62,0.39,0.13
4863,156,0.48,0.16
4864,133,0.73,0.26
4865,42,0.26,0.16
4866,97,0.39,0.1
4867,131,0.55,0.18
4868,77,0.65,0.34
4869,42,0.2,0.28
4870,81,0.54,0.13
4871,97,0.68,0.38
4872,58,0.33,0.14
4873,31,0.57,0.19
4874,39,0.69,0.26
4875,168,0.43,0.28
4876,193,0.49,0.25
4877,114,0.28,0.17
4878,24,0.33,0.31
4879,187,0.55,0.33
4880,129,0.36,0.26
4881,152,0.28,0.19
4882,77,0.61,0.38
4883,192,0.36,0.36
4884,39,0.78,0.31
4885,45,0.66,0.15
4886,178,0.2,0.15
4887,97,0.46,0.17
4888,117,0.58,0.17
4889,153,0.62,0.25
4890,66,0.65,0.38
4891,120,0.4,0.12
4892,92,0.53,0.27
4893,185,0.22,0.13
4894,53,0.68,0.31
4895,94,0.45,0.3
4896,95,0.73,0.13
4897,60,0.25,0.13
4898,94,0.79,0.19
4899,118,0.59,0.33
4900,142,0.79,0.22
4901,199,0.42,0.14
4902,114,0.21,0.27
4903,60,0.71,0.21
4904,73,0.6,0.16
4905,190,0.36,0.13
4906,188,0.47,0.11
4907,36,0.72,0.25
4908,65,0.46,0.12
4909,41,0.43,0.13
4910,165,0.54,0.1
4911,102,0.49,0.13
4912,150,0.35,0.36
4913,176,0.25,0.37
4914,85,0.69,0.11
4915,171,0.33,0.37
4916,167,0.59,0.17
4917,66,0.28,0.25
4918,109,0.7,0.33
4919,63,0.53,0.16
4920,164,0.54,0.24
4921,162,0.71,0.32
4922,72,0.75,0.24
4923,140,0.46,0.12
4924,38,0.61,0.24
4925,130,0.67,0.17
4926,176,0.5,0.25
4927,75,0.52,0.26
4928,131,0.57,0.38
4929,165,0.3,0.13
4930,110,0.3,0.25
4931,119,0.76,0.13
4932,173,0.34,0.16
4933,174,0.34,0.1
4934,20,0.61,0.17
4935,85,0.76,0.22
4936,61,0.28,0.22
4937,179,0.35,0.32
4938,90,0.61,0.38
4939,66,0.32,0.31
4940,185,0.62,0.38
4941,148,0.38,0.26
4942,199,0.78,0.21
4943,197,0.49,0.22
4944,133,0.71,0.11
4945,118,0.22,0.26
4946,150,0.74,0.2
4947,44,0.63,0.11
4948,80,0.32,0.16
4949,109,0.36,0.38
4950,63,0.49,0.13
4951,139,0.61,0.4
4952,108,0.61,0.17
4953,61,0.66,0.12
4954,83,0.43,0.32
4955,45,0.45,0.34
4956,140,0.46,0.32
4957,31,0.47,0.14
4958,154,0.6,0.16
4959,146,0.3,0.22
4960,140,0.49,0.32
4961,64,0.67,0.21
4962,45,0.64,0.2
4963,45,0.51,0.12
4964,37,0.4,0.37
4965,31,0.76,0.36
4966,66,0.24,0.29
4967,98,0.44,0.1
4968,63,0.66,0.24
4969,131,0.75,0.2
4970,137,0.79,0.36
4971,173,0.25,0.17
4972,138,0.23,0.36
4973,36,0.26,0.15
4974,90,0.44,0.13
4975,52,0.7,0.21
4976,38,0.65,0.28
4977,171,0.24,0.17
4978,189,0.47,0.22
4979,188,0.53,0.33
4980,25,0.34,0.38
4981,23,0.6,0.3
4982,105,0.36,0.13
4983,122,0.79,0.22
4984,55,0.26,0.37
4985,173,0.38,0.17
4986,179,0.54,0.36
4987,132,0.21,0.1
4988,73,0.7,0.23
4989,183,0.59,0.23
4990,156,0.6,0.22
4991,114,0.2,0.12
4992,140,0.6,0.24
4993,188,0.37,0.36
4994,42,0.32,0.19
4995,159,0.54,0.36
4996,131,0.36,0.32
4997,31,0.58,0.12
4998,51,0.6,0.16
4999,136,0.45,0.24
5000,30,0.23,0.31
5001,87,0.59,0.14
5002,90,0.72,0.27
5003,87,0.45,0.38
5004,188,0.77,0.39
5005,135,0.44,0.14
5006,113,0.35,0.32
5007,54,0.24,0.28
5008,53,0.49,0.4
5009,124,0.4,0.18
5010,145,0.25,0.31
5011,109,0.5,0.14
5012,154,0.34,0.32
5013,65,0.57,0.28
5014,54,0.68,0.25
5015,139,0.61,0.18
5016,165,0.71,0.35
5017,61,0.28,0.17
5018,139,0.21,0.16
5019,183,0.51,0.11
5020,46,0.47,0.34
5021,88,0.68,0.39
5022,96,0.62,0.38
5023,89,0.27,0.36
5024,115,0.33,0.3
5025,157,0.36,0.3
5026,108,0.37,0.29
5027,109,0.54,0.36
5028,160,0.62,0.38
5029,152,0.38,0.27
5030,99,0.76,0.16
5031,83,0.74,0.23
5032,135,0.57,0.25
5033,152,0.59,0.31
5034,182,0.67,0.29
5035,74,0.37,0.22
5036,25,0.3,0.38
5037,74,0.79,0.19
5038,104,0.37,0.25
5039,39,0.49,0.17
5040,198,0.63,0.34
5041,169,0.29,0.31
5042,146,0.48,0.26
5043,174,0.7,0.28
5044,142,0.25,0.31
5045,104,0.24,0.4
5046,104,0.66,0.35
5047,100,0.68,0.29
5048,160,0.42,0.15
5049,59,0.43,0.26
5050,195,0.74,0.17
5051,76,0.75,0.29
5052,86,0.23,0.17
5053,46,0.43,0.2
5054,137,0.31,0.21
5055,31,0.36,0.11
5056,124,0.58,0.2
5057,150,0.56,0.25
5058,73,0.62,0.38
5059,157,0.59,0.37
5060,115,0.36,0.26
5061,81,0.77,0.38
5062,111,0.59,0.33
5063,114,0.47,0.3
5064,98,0.43,0.22
5065,129,0.32,0.4
5066,21,0.77,0.22
5067,127,0.56,0.22
5068,36,0.72,0.36
5069,135,0.65,0.28
5070,100,0.67,0.11
5071,54,0.6,0.13
5072,71,0.29,0.16
5073,164,0.74,0.13
5074,103,0.56,0.39
5075,99,0.79,0.28
5076,194,0.41,0.19
5077,196,0.55,0.35
5078,34,0.46,0.35
5079,25,0.59,0.21
5080,41,0.4,0.24
5081,121,0.42,0.2
5082,177,0.28,0.15
5083,60,0.34,0.11
5084,58,0.43,0.38
5085,157,0.26,0.11
5086,132,0.33,0.18
5087,190,0.52,0.13
5088,95,0.71,0.11
5089,99,0.61,0.25
5090,146,0.2,0.21
5091,65,0.34,0.32
5092,143,0.64,0.17
5093,86,0.64,0.36
5094,178,0.64,0.24
5095,20,0.61,0.37
5096,50,0.24,0.14
5097,129,0.5,0.33
5098,87,0.76,0.37
5099,115,0.78,0.4
5100,73,0.66,0.18
5101,32,0.51,0.37
5102,181,0.39,0.23
5103,24,0.39,0.18
5104,114,0.45,0.35
5105,97,0.48,0.26
5106,113,0.22,0.22
5107,113,0.35,0.13
5108,186,0.46,0.27
5109,114,0.24,0.38
5110,162,0.5,0.26
5111,156,0.57,0.12
5112,168,0.71,0.2
5113,186,0.49,0.39
5114,176,0.64,0.2
5115,120,0.71,0.15
5116,155,0.48,0.38
5117,172,0.6,0.38
5118,88,0.58,0.39
5119,57,0.75,0.33
5120,89,0.27,0.39
5121,97,0.75,0.24
5122,106,0.7,0.22
5123,103,0.31,0.2
5124,98,0.8,0.14
5125,140,0.62,0.22
5126,45,0.28,0.22
5127,50,0.22,0.2
5128,39,0.55,0.1
5129,34,0.56,0.12
5130,100,0.3,0.31
5131,40,0.46,0.28
5132,41,0.56,0.1
5133,94,0.27,0.28
5134,128,0.58,0.22
5135,122,0.2,0.38
5136,113,0.45,0.37
5137,111,0.45,0.29
5138,26,0.77,0.32
5139,149,0.76,0.14
5140,114,0.41,0.17
5141,94,0.31,0.13
5142,196,0.57,0.22
5143,113,0.47,0.2
5144,118,0.66,0.21
5145,50,0.22,0.14
5146,38,0.7,0.25
5147,124,0.78,0.4
5148,85,0.22,0.36
5149,87,0.67,0.29
5150,48,0.32,0.33
5151,93,0.39,0.38
5152,128,0.78,0.36
5153,128,0.63,0.4
5154,191,0.79,0.26
5155,103,0.69,0.25
5156,27,0.32,0.2
5157,127,0.66,0.4
5158,89,0.7,0.38
5159,39,0.34,0.39
5160,189,0.65,0.23
5161,75,0.28,0.11
5162,195,0.65,0.17
5163,58,0.8,0.38
5164,187,0.6,0.16
5165,29,0.43,0.17
5166,83,0.7,0.36
5167,98,0.29,0.24
5168,130,0.25,0.19
5169,121,0.62,0.11
5170,29,0.21,0.12
5171,200,0.7,0.22
5172,160,0.48,0.16
5173,200,0.68,0.38
5174,131,0.39,0.29
5175,113,0.4,0.26
5176,168,0.59,0.27
5177,117,0.28,0.31
5178,56,0.34,0.38
5179,24,0.52,0.38
5180,81,0.58,0.25
5181,39,0.56,0.25
5182,81,0.7,0.13
5183,102,0.48,0.39
5184,137,0.7,0.32
5185,156,0.22,0.16
5186,22,0.43,0.35
5187,188,0.57,0.16
5188,89,0.57,0.28
5189,174,0.63,0.21
5190,69,0.67,0.38
5191,114,0.41,0.24
5192,86,0.43,0.23
5193,124,0.7,0.1
5194,59,0.54,0.31
5195,153,0.22,0.3
5196,171,0.38,0.12
5197,178,0.54,0.28
5198,48,0.68,0.4
5199,60,0.76,0.39
5200,105,0.66,0.14
5201,178,0.67,0.31
5202,46,0.28,0.3
5203,151,0.28,0.2
5204,67,0.53,0.24
5205,31,0.75,0.28
5206,32,0.44,0.34
5207,59,0.78,0.18
5208,136,0.33,0.4
5209,172,0.8,0.2
5210,38,0.63,0.2
5211,177,0.54,0.35
5212,125,0.5,0.37
5213,124,0.72,0.13
5214,29,0.57,0.39
5215,98,0.22,0.12
5216,183,0.54,0.26
5217,101,0.76,0.32
5218,161,0.24,0.18
5219,40,0.31,0.34
5220,165,0.33,0.17
5221,116,0.77,0.32
5222,78,0.38,0.39
5223,168,0.25,0.12
5224,60,0.41,0.13
5225,197,0.8,0.24
5226,191,0.73,0.28
5227,49,0.44,0.23
5228,98,0.57,0.27
5229,141,0.76,0.22
5230,117,0.68,0.21
5231,163,0.44,0.24
5232,58,0.46,0.18
5233,191,0.21,0.13
5234,38,0.3,0.31
5235,116,0.57,0.39
5236,153,0.41,0.35
5237,61,0.42,0.24
5238,24,0.57,0.32
5239,83,0.48,0.37
5240,185,0.41,0.14
5241,120,0.52,0.31
5242,73,0.74,0.23
5243,77,0.7,0.35
5244,161,0.51,0.2
5245,70,0.74,0.27
5246,174,0.36,0.2
5247,115,0.21,0.36
5248,30,0.49,0.22
5249,29,0.3,0.33
5250,100,0.48,0.28
5251,84,0.4,0.19
5252,26,0.53,0.28
5253,146,0.47,0.4
5254,21,0.52,0.29
5255,98,0.29,0.23
5256,128,0.31,0.16
5257,146,0.28,0.22
5258,130,0.49,0.26
5259,160,0.36,0.36
5260,75,0.4,0.38
5261,154,0.51,0.39
5262,64,0.75,0.25
5263,112,0.28,0.37
5264,112,0.5,0.32
5265,190,0.53,0.25
5266,50,0.23,0.19
5267,50,0.69,0.22
5268,70,0.68,0.37
5269,169,0.24,0.15
5270,128,0.77,0.22
5271,40,0.59,0.4
5272,122,0.4,0.27
5273,121,0.43,0.3
5274,126,0.6,0.2
5275,76,0.68,0.12
5276,70,0.7,0.35
5277,89,0.69,0.32
5278,90,0.4,0.23
5279,35,0.69,0.39
5280,117,0.48,0.39
5281,135,0.48,0.16
5282,84,0.45,0.25
5283,109,0.31,0.24
5284,27,0.3,0.36
5285,174,0.76,0.39
5286,168,0.73,0.22
5287,121,0.61,0.31
5288,98,0.51,0.33
5289,106,0.78,0.39
5290,128,0.59,0.16
5291,172,0.38,0.37
5292,129,0.65,0.36
5293,164,0.47,0.37
5294,55,0.69,0.39
5295,158,0.45,0.31
5296,49,0.62,0.36
5297,99,0.33,0.14
5298,172,0.51,0.2
5299,158,0.4,0.37
5300,186,0.68,0.18
5301,55,0.61,0.39
5302,83,0.38,0.16
5303,121,0.22,0.23
5304,109,0.48,0.21
5305,46,0.42,0.24
5306,68,0.58,0.1
5307,117,0.7,0.14
5308,138,0.8,0.28
5309,119,0.46,0.33
5310,64,0.78,0.3
5311,169,0.72,0.21
5312,176,0.75,0.21
5313,93,0.6,0.32
5314,59,0.7,0.18
5315,93,0.63,0.1
5316,190,0.67,0.37
5317,181,0.34,0.16
5318,60,0.32,0.3
5319,62,0.39,0.17
5320,196,0.73,0.12
5321,83,0.36,0.31
5322,177,0.23,0.23
5323,167,0.39,0.39
5324,110,0.5,0.24
5325,143,0.7,0.16
5326,139,0.25,0.12
5327,85,0.26,0.2
5328,127,0.22,0.12
5329,91,0.63,0.39
5330,33,0.34,0.26
5331,84,0.65,0.31
5332,114,0.5,0.15
5333,102,0.2,0.39
5334,23,0.65,0.33
5335,108,0.29,0.29
5336,37,0.73,0.25
5337,153,0.34,0.28
5338,178,0.66,0.16
5339,121,0.51,0.32
5340,58,0.5,0.35
5341,51,0.53,0.28
5342,196,0.75,0.24
5343,170,0.65,0.23
5344,25,0.37,0.34
5345,123,0.7,0.14
5346,96,0.35,0.35
5347,52,0.29,0.22
5348,174,0.66,0.14
5349,45,0.28,0.27
5350,184,0.65,0.36
5351,130,0.23,0.24
5352,36,0.21,0.27
5353,118,0.63,0.26
5354,195,0.34,0.24
5355,154,0.42,0.2
5356,127,0.25,0.39
5357,44,0.54,0.25
5358,71,0.4,0.34
5359,167,0.55,0.24
5360,173,0.53,0.16
5361,150,0.36,0.23
5362,89,0.7,0.38
5363,134,0.6,0.14
5364,88,0.59,0.21
5365,194,0.46,0.39
5366,113,0.35,0.38
5367,119,0.54,0.18
5368,70,0.68,0.22
5369,89,0.38,0.14
5370,37,0.43,0.36
5371,93,0.51,0.18
5372,193,0.33,0.37
5373,128,0.48,0.23
5374,162,0.21,0.31
5375,140,0.52,0.19
5376,178,0.23,0.33
5377,200,0.48,0.2
5378,52,0.52,0.33
5379,97,0.27,0.34
5380,113,0.38,0.19
5381,43,0.36,0.2
5382,88,0.76,0.13
5383,175,0.57,0.16
5384,160,0.66,0.11
5385,22,0.44,0.25
5386,102,0.48,0.39
5387,72,0.65,0.26
5388,84,0.76,0.11
5389,176,0.78,0.29
5390,106,0.7,0.16
5391,149,0.28,0.34
5392,23,0.72,0.32
5393,82,0.52,0.35
5394,103,0.36,0.25
5395,52,0.49,0.33
5396,89,0.42,0.31
5397,197,0.78,0.38
5398,140,0.73,0.13
5399,191,0.53,0.2
5400,156,0.42,0.28
5401,72,0.74,0.32
5402,55,0.73,0.38
5403,119,0.73,0.26
5404,187,0.57,0.23
5405,190,0.77,0.28
5406,148,0.34,0.14
5407,62,0.65,0.31
5408,51,0.23,0.15
5409,96,0.21,0.17
5410,152,0.43,0.18
5411,131,0.2,0.19
5412,65,0.45,0.38
5413,28,0.61,0.38
5414,124,0.78,0.29
5415,160,0.25,0.17
5416,149,0.23,0.19
5417,34,0.37,0.11
5418,69,0.67,0.34
5419,123,0.3,0.33
5420,147,0.73,0.18
5421,79,0.61,0.27
5422,186,0.74,0.31
5423,55,0.47,0.17
5424,89,0.53,0.37
5425,129,0.73,0.37
5426,163,0.32,0.4
5427,189,0.29,0.4
5428,80,0.3,0.23
5429,168,0.28,0.12
5430,105,0.3,0.26
5431,48,0.76,0.24
5432,61,0.41,0.12
5433,200,0.52,0.13
5434,162,0.77,0.38
5435,119,0.71,0.11
5436,178,0.7,0.4
5437,29,0.73,0.18
5438,42,0.5,0.22
5439,161,0.71,0.17
5440,171,0.52,0.3
5441,184,0.54,0.4
5442,100,0.63,0.18
5443,49,0.61,0.14
5444,199,0.25,0.19
5445,184,0.48,0.18
5446,76,0.35,0.15
5447,98,0.67,0.4
5448,20,0.23,0.4
5449,108,0.47,0.22
5450,58,0.47,0.22
5451,86,0.58,0.18
5452,82,0.61,0.16
5453,40,0.71,0.27
5454,47,0.36,0.11
5455,82,0.49,0.33
5456,140,0.77,0.16
5457,146,0.25,0.37
5458,93,0.26,0.18
5459,57,0.68,0.39
5460,51,0.21,0.24
5461,125,0.45,0.26
5462,131,0.55,0.37
5463,111,0.47,0.27
5464,54,0.4,0.24
5465,163,0.58,0.16
5466,115,0.35,0.22
5467,73,0.78,0.24
5468,182,0.42,0.28
5469,136,0.71,0.3
5470,170,0.78,0.39
5471,40,0.7,0.32
5472,28,0.8,0.32
5473,112,0.37,0.36
5474,21,0.78,0.37
5475,169,0.47,0.34
5476,79,0.23,0.28
5477,137,0.72,0.36
5478,53,0.69,0.14
5479,46,0.29,0.14
5480,78,0.55,0.35
5481,114,0.37,0.17
5482,188,0.23,0.16
5483,36,0.6,0.38
5484,126,0.79,0.21
5485,98,0.44,0.18
5486,195,0.51,0.16
5487,178,0.5,0.11
5488,138,0.61,0.37
5489,173,0.21,0.14
5490,112,0.31,0.11
5491,136,0.33,0.27
5492,45,0.51,0.14
5493,197,0.29,0.34
5494,32,0.56,0.32
5495,26,0.37,0.23
5496,134,0.33,0.31
5497,140,0.61,0.28
5498,125,0.5,0.17
5499,106,0.6,0.25
5500,23,0.36,0.19
5501,159,0.22,0.32
5502,103,0.32,0.34
5503,124,0.74,0.33
5504,140,0.79,0.21
5505,191,0.29,0.35
5506,200,0.71,0.18
5507,112,0.51,0.34
5508,33,0.51,0.11
5509,82,0.23,0.33
5510,187,0.62,0.11
5511,159,0.4,0.39
5512,167,0.51,0.22
5513,173,0.62,0.19
5514,187,0.66,0.35
5515,136,0.7,0.23
5516,141,0.34,0.19
5517,118,0.62,0.11
5518,103,0.76,0.34
5519,68,0.62,0.38
5520,31,0.53,0.13
5521,185,0.39,0.32
5522,155,0.62,0.26
5523,96,0.67,0.25
5524,129,0.51,0.21
5525,155,0.61,0.25
5526,87,0.38,0.17
5527,50,0.39,0.17
5528,89,0.77,0.16
5529,122,0.7,0.15
5530,141,0.46,0.17
5531,122,0.48,0.28
5532,180,0.56,0.34
5533,85,0.51,0.28
5534,24,0.54,0.32
5535,32,0.22,0.38
5536,101,0.21,0.33
5537,165,0.39,0.34
5538,98,0.74,0.21
5539,41,0.76,0.2
5540,28,0.66,0.22
5541,149,0.74,0.15
5542,166,0.33,0.29
5543,155,0.46,0.4
5544,83,0.69,0.21
5545,37,0.76,0.32
5546,40,0.7,0.18
5547,38,0.6,0.25
5548,141,0.42,0.17
5549,159,0.67,0.22
5550,166,0.63,0.12
5551,196,0.3,0.24
5552,95,0.4,0.38
5553,26,0.4,0.19
5554,137,0.62,0.16
5555,82,0.63,0.15
5556,49,0.41,0.16
5557,97,0.78,0.38
5558,40,0.47,0.39
5559,107,0.43,0.36
5560,163,0.76,0.22
5561,137,0.51,0.21
5562,156,0.6,0.33
5563,188,0.74,0.17
5564,61,0.77,0.12
5565,154,0.63,0.34
5566,114,0.66,0.33
5567,67,0.65,0.14
5568,20,0.22,0.13
5569,130,0.26,0.25
5570,104,0.36,0.13
5571,135,0.23,0.21
5572,68,0.47,0.19
5573,144,0.26,0.24
5574,74,0.49,0.38
5575,136,0.25,0.28
5576,84,0.74,0.15
5577,160,0.49,0.25
5578,124,0.49,0.14
5579,58,0.63,0.26
5580,84,0.36,0.31
5581,194,0.29,0.36
5582,68,0.5,0.33
5583,184,0.33,0.32
5584,139,0.41,0.23
5585,117,0.46,0.2
5586,134,0.32,0.33
5587,112,0.42,0.28
5588,140,0.25,0.37
5589,31,0.56,0.11
5590,42,0.22,0.38
5591,188,0.57,0.11
5592,38,0.63,0.24
5593,136,0.77,0.12
5594,134,0.33,0.15
5595,55,0.56,0.17
5596,173,0.25,0.26
5597,115,0.69,0.36
5598,28,0.4,0.15
5599,153,0.23,0.15
5600,45,0.74,0.31
5601,50,0.79,0.17
5602,97,0.65,0.31
5603,148,0.22,0.23
5604,40,0.57,0.28
5605,37,0.29,0.2
5606,145,0.38,0.16
5607,146,0.23,0.17
5608,181,0.32,0.34
5609,62,0.27,0.11
5610,55,0.67,0.17
5611,182,0.68,0.14
5612,46,0.52,0.23
5613,89,0.79,0.15
5614,174,0.24,0.21
5615,43,0.31,0.15
5616,103,0.42,0.14
5617,52,0.43,0.27
5618,158,0.78,0.28
5619,75,0.4,0.39
5620,148,0.59,0.28
5621,124,0.63,0.34
5622,22,0.49,0.14
5623,39,0.78,0.36
5624,60,0.26,0.13
5625,21,0.27,0.26
5626,196,0.23,0.31
5627,98,0.4,0.28
5628,145,0.28,0.26
5629,176,0.3,0.4
5630,168,0.36,0.39
5631,61,0.72,0.18
5632,91,0.4,0.27
5633,104,0.77,0.14
5634,97,0.62,0.34
5635,22,0.54,0.17
5636,22,0.35,0.27
5637,188,0.43,0.28
5638,89,0.25,0.23
5639,75,0.31,0.33
5640,38,0.34,0.27
5641,167,0.65,0.24
5642,36,0.45,0.22
5643,121,0.43,0.24
5644,129,0.24,0.25
5645,91,0.77,0.37
5646,156,0.61,0.15
5647,129,0.21,0.14
5648,53,0.62,0.32
5649,112,0.3,0.17
5650,59,0.68,0.2
5651,113,0.35,0.34
5652,170,0.66,0.32
5653,159,0.45,0.24
5654,151,0.48,0.18
5655,119,0.32,0.17
5656,81,0.25,0.34
5657,160,0.29,0.15
5658,135,0.57,0.3
5659,171,0.63,0.21
5660,173,0.6,0.21
5661,90,0.37,0.37
5662,115,0.53,0.38
5663,109,0.29,0.3
5664,49,0.63,0.39
5665,171,0.28,0.3
5666,147,0.48,0.15
5667,129,0.27,0.39
5668,33,0.79,0.29
5669,112,0.26,0.38
5670,155,0.42,0.28
5671,31,0.3,0.17
5672,189,0.31,0.22
5673,60,0.79,0.18
5674,93,0.47,0.36
5675,173,0.46,0.34
5676,76,0.73,0.32
5677,82,0.55,0.36
5678,109,0.31,0.39
5679,154,0.78,0.22
5680,88,0.27,0.31
5681,50,0.52,0.1
5682,130,0.58,0.34
5683,144,0.69,0.24
5684,51,0.69,0.36
5685,163,0.59,0.24
5686,52,0.41,0.29
5687,39,0.3,0.3
5688,190,0.7,0.2
5689,25,0.3,0.23
5690,87,0.23,0.11
5691,79,0.58,0.26
5692,106,0.79,0.36
5693,52,0.47,0.37
5694,163,0.65,0.31
5695,71,0.55,0.13
5696,150,0.41,0.26
5697,181,0.45,0.3
5698,141,0.54,0.28
5699,124,0.68,0.21
5700,188,0.3,0.17
5701,126,0.28,0.17
5702,86,0.34,0.3
5703,118,0.8,0.23
5704,56,0.36,0.29
5705,184,0.6,0.21
5706,48,0.6,0.18
5707,20,0.47,0.13
5708,70,0.35,0.17
5709,36,0.75,0.35
5710,181,0.4,0.27
5711,119,0.23,0.3
5712,94,0.73,0.18
5713,79,0.2,0.16
5714,53,0.43,0.14
5715,108,0.33,0.17
5716,48,0.5,0.35
5717,22,0.36,0.11
5718,188,0.32,0.28
5719,122,0.5,0.12
5720,39,0.58,0.31
5721,22,0.45,0.2
5722,200,0.72,0.31
5723,97,0.64,0.26
5724,37,0.21,0.27
5725,149,0.39,0.36
5726,188,0.68,0.15
5727,87,0.53,0.17
5728,128,0.6,0.21
5729,120,0.4,0.35
5730,178,0.45,0.23
5731,178,0.31,0.19
5732,83,0.58,0.31
5733,32,0.41,0.38
5734,52,0.3,0.21
5735,113,0.31,0.15
5736,50,0.77,0.17
5737,44,0.71,0.27
5738,193,0.79,0.12
5739,40,0.5,0.11
5740,99,0.77,0.15
5741,102,0.55,0.27
5742,167,0.43,0.34
5743,32,0.68,0.22
5744,182,0.38,0.33
5745,177,0.66,0.35
5746,171,0.37,0.3
5747,135,0.33,0.35
5748,116,0.77,0.37
5749,181,0.54,0.28
5750,124,0.75,0.35
5751,76,0.71,0.18
5752,31,0.6,0.19
5753,30,0.66,0.23
5754,106,0.8,0.17
5755,116,0.58,0.38
5756,83,0.78,0.19
5757,166,0.58,0.17
5758,173,0.46,0.37
5759,125,0.58,0.35
5760,130,0.77,0.32
5761,75,0.32,0.25
5762,142,0.78,0.4
5763,184,0.26,0.28
5764,111,0.7,0.18
5765,173,0.6,0.13
5766,113,0.48,0.37
5767,180,0.66,0.12
5768,182,0.25,0.36
5769,144,0.46,0.22
5770,26,0.44,0.23
5771,127,0.23,0.28
5772,118,0.21,0.12
5773,130,0.78,0.39
5774,72,0.24,0.25
5775,161,0.39,0.31
5776,42,0.66,0.27
5777,195,0.59,0.39
5778,78,0.56,0.14
5779,122,0.69,0.14
5780,60,0.4,0.27
5781,104,0.76,0.24
5782,173,0.3,0.35
5783,57,0.53,0.1
5784,129,0.24,0.13
5785,54,0.43,0.28
5786,80,0.65,0.32
5787,154,0.5,0.37
5788,41,0.73,0.39
5789,108,0.79,0.23
5790,163,0.75,0.24
5791,177,0.24,0.36
5792,187,0.54,0.22
5793,78,0.57,0.26
5794,167,0.61,0.17
5795,115,0.54,0.19
5796,101,0.67,0.36
5797,132,0.73,0.35
5798,169,0.31,0.27
5799,73,0.6,0.25
5800,200,0.4,0.39
5801,150,0.77,0.26
5802,137,0.55,0.12
5803,158,0.68,0.28
5804,109,0.75,0.35
5805,148,0.78,0.21
5806,167,0.79,0.27
5807,31,0.22,0.17
5808,95,0.74,0.21
5809,23,0.46,0.18
5810,47,0.45,0.15
5811,21,0.43,0.28
5812,50,0.72,0.11
5813,83,0.56,0.12
5814,152,0.79,0.11
5815,161,0.65,0.28
5816,129,0.41,0.33
5817,176,0.54,0.32
5818,28,0.38,0.13
5819,162,0.3,0.35
5820,123,0.42,0.16
5821,45,0.44,0.13
5822,166,0.21,0.18
5823,119,0.36,0.24
5824,173,0.71,0.39
5825,44,0.46,0.14
5826,180,0.29,0.2
5827,95,0.76,0.32
5828,177,0.66,0.34
5829,154,0.74,0.24
5830,187,0.26,0.23
5831,86,0.48,0.3
5832,139,0.51,0.11
5833,151,0.64,0.13
5834,124,0.53,0.13
5835,45,0.43,0.22
5836,127,0.73,0.25
5837,22,0.62,0.24
5838,164,0.21,0.36
5839,92,0.34,0.16
5840,145,0.46,0.14
5841,96,0.27,0.23
5842,54,0.49,0.29
5843,97,0.25,0.32
5844,157,0.76,0.23
5845,169,0.4,0.15
5846,110,0.65,0.33
5847,192,0.41,0.3
5848,119,0.71,0.32
5849,148,0.34,0.11
5850,126,0.67,0.2
5851,142,0.77,0.3
5852,85,0.56,0.2
5853,78,0.49,0.19
5854,63,0.53,0.1
5855,59,0.58,0.17
5856,60,0.58,0.19
5857,50,0.38,0.33
5858,146,0.34,0.31
5859,92,0.51,0.13
5860,149,0.4,0.21
5861,42,0.37,0.24
5862,143,0.44,0.22
5863,146,0.63,0.32
5864,167,0.74,0.34
5865,92,0.39,0.38
5866,187,0.67,0.24
5867,191,0.73,0.15
5868,130,0.63,0.38
5869,70,0.75,0.31
5870,160,0.41,0.13
5871,42,0.52,0.21
5872,143,0.54,0.39
5873,166,0.33,0.35
5874,22,0.78,0.28
5875,67,0.37,0.38
5876,172,0.39,0.39
5877,185,0.45,0.23
5878,177,0.72,0.28
5879,188,0.67,0.27
5880,142,0.55,0.12
5881,67,0.68,0.21
5882,71,0.21,0.35
5883,42,0.48,0.27
5884,111,0.44,0.24
5885,178,0.73,0.31
5886,94,0.73,0.14
5887,22,0.74,0.11
5888,121,0.65,0.21
5889,91,0.2,0.25
5890,59,0.28,0.33
5891,74,0.41,0.1
5892,165,0.37,0.3
5893,154,0.76,0.33
5894,119,0.49,0.3
5895,160,0.76,0.39
5896,166,0.79,0.23
5897,128,0.68,0.19
5898,155,0.48,0.28
5899,50,0.75,0.34
5900,80,0.38,0.34
5901,191,0.53,0.28
5902,140,0.8,0.25
5903,194,0.38,0.35
5904,154,0.76,0.36
5905,165,0.54,0.34
5906,197,0.67,0.27
5907,198,0.23,0.37
5908,155,0.44,0.14
5909,77,0.46,0.34
5910,141,0.58,0.15
5911,160,0.69,0.29
5912,38,0.56,0.36
5913,133,0.59,0.32
5914,21,0.68,0.24
5915,184,0.37,0.14
5916,161,0.79,0.29
5917,90,0.43,0.23
5918,115,0.29,0.16
5919,35,0.51,0.39
5920,129,0.48,0.21
5921,182,0.6,0.18
5922,166,0.55,0.34
5923,97,0.36,0.24
5924,181,0.74,0.2
5925,64,0.43,0.21
5926,43,0.66,0.31
5927,167,0.44,0.16
5928,40,0.5,0.2
5929,22,0.52,0.22
5930,69,0.55,0.11
5931,188,0.55,0.38
5932,108,0.56,0.13
5933,48,0.54,0.28
5934,21,0.67,0.22
5935,151,0.21,0.18
5936,145,0.29,0.26
5937,41,0.27,0.14
5938,114,0.35,0.13
5939,162,0.79,0.21
5940,84,0.21,0.12
5941,28,0.68,0.26
5942,101,0.38,0.31
5943,86,0.51,0.19
5944,139,0.39,0.32
5945,76,0.44,0.12
5946,26,0.38,0.19
5947,123,0.53,0.39
5948,119,0.59,0.32
5949,131,0.69,0.14
5950,146,0.67,0.14
5951,35,0.69,0.14
5952,74,0.66,0.22
5953,51,0.23,0.23
5954,99,0.37,0.17
5955,102,0.56,0.12
5956,172,0.67,0.11
5957,48,0.57,0.29
5958,165,0.36,0.34
5959,95,0.22,0.3
5960,196,0.38,0.34
5961,95,0.79,0.13
5962,34,0.62,0.14
5963,135,0.65,0.16
5964,42,0.23,0.22
5965,125,0.73,0.32
5966,126,0.31,0.24
5967,95,0.52,0.11
5968,194,0.21,0.37
5969,42,0.26,0.25
5970,141,0.32,0.29
5971,159,0.77,0.26
5972,47,0.26,0.2
5973,124,0.4,0.21
5974,173,0.45,0.26
5975,151,0.21,0.21
5976,101,0.64,0.36
5977,149,0.63,0.2
5978,99,0.36,0.19
5979,68,0.31,0.1
5980,165,0.54,0.36
5981,178,0.37,0.27
5982,24,0.59,0.21
5983,80,0.4,0.11
5984,150,0.74,0.22
5985,79,0.21,0.15
5986,48,0.69,0.15
5987,112,0.26,0.27
5988,89,0.69,0.28
5989,182,0.45,0.34
5990,108,0.75,0.23
5991,121,0.22,0.37
5992,89,0.26,0.39
5993,98,0.71,0.11
5994,140,0.68,0.28
5995,128,0.32,0.37
5996,48,0.5,0.28
5997,198,0.26,0.29
5998,89,0.64,0.14
5999,115,0.75,0.17
6000,169,0.72,0.18
6001,126,0.56,0.21
6002,25,0.77,0.19
6003,34,0.36,0.23
6004,129,0.46,0.32
6005,103,0.79,0.1
6006,183,0.79,0.26
6007,166,0.52,0.25
6008,55,0.34,0.19
6009,60,0.73,0.32
6010,125,0.58,0.19
6011,111,0.59,0.34
6012,128,0.66,0.21
6013,108,0.49,0.19
6014,29,0.41,0.2
6015,48,0.4,0.13
6016,142,0.71,0.1
6017,145,0.31,0.19
6018,50,0.42,0.22
6019,113,0.72,0.33
6020,120,0.47,0.34
6021,48,0.51,0.35
6022,181,0.49,0.24
6023,158,0.68,0.36
6024,51,0.66,0.31
6025,46,0.58,0.39
6026,99,0.31,0.28
6027,49,0.23,0.17
6028,49,0.32,0.18
6029,108,0.55,0.14
6030,84,0.44,0.22
6031,151,0.69,0.16
6032,182,0.45,0.24
6033,112,0.41,0.1
6034,143,0.4,0.17
6035,200,0.69,0.35
6036,142,0.62,0.11
6037,173,0.31,0.26
6038,182,0.25,0.2
6039,81,0.37,0.34
6040,58,0.66,0.29
6041,178,0.22,0.15
6042,72,0.3,0.3
6043,27,0.46,0.23
6044,180,0.61,0.35
6045,49,0.27,0.3
6046,38,0.64,0.16
6047,160,0.49,0.31
6048,95,0.29,0.23
6049,186,0.63,0.32
6050,171,0.33,0.13
6051,140,0.58,0.32
6052,109,0.54,0.3
6053,102,0.73,0.37
6054,187,0.56,0.36
6055,107,0.47,0.35
6056,77,0.35,0.17
6057,75,0.34,0.27
6058,75,0.67,0.36
6059,163,0.56,0.3
6060,128,0.54,0.35
6061,142,0.78,0.34
6062,61,0.65,0.17
6063,191,0.56,0.38
6064,40,0.39,0.26
6065,191,0.67,0.25
6066,147,0.46,0.2
6067,117,0.38,0.31
6068,20,0.36,0.25
6069,175,0.72,0.28
6070,50,0.23,0.14
6071,138,0.31,0.22
6072,199,0.3,0.25
6073,200,0.24,0.12
6074,160,0.21,0.34
6075,147,0.51,0.25
6076,94,0.64,0.26
6077,145,0.52,0.36
6078,147,0.29,0.35
6079,67,0.77,0.27
6080,90,0.28,0.34
6081,129,0.22,0.2
6082,146,0.74,0.28
6083,120,0.37,0.36
6084,95,0.39,0.38
6085,92,0.61,0.19
6086,83,0.46,0.11
6087,39,0.67,0.34
6088,125,0.38,0.38
6089,48,0.39,0.24
6090,116,0.23,0.27
6091,175,0.34,0.34
6092,177,0.68,0.36
6093,101,0.8,0.31
6094,158,0.76,0.1
6095,80,0.33,0.16
6096,89,0.48,0.2
6097,55,0.5,0.35
6098,112,0.32,0.23
6099,192,0.69,0.25
6100,185,0.21,0.17
6101,79,0.43,0.3
6102,78,0.62,0.15
6103,55,0.36,0.28
6104,164,0.35,0.29
6105,102,0.35,0.37
6106,70,0.5,0.25
6107,182,0.79,0.35
6108,68,0.42,0.2
6109,27,0.39,0.25
6110,200,0.25,0.35
6111,43,0.38,0.17
6112,151,0.36,0.36
6113,112,0.25,0.26
6114,54,0.47,0.37
6115,93,0.22,0.23
6116,160,0.27,0.15
6117,182,0.41,0.29
6118,118,0.3,0.32
6119,166,0.28,0.18
6120,36,0.53,0.29
6121,160,0.43,0.16
6122,140,0.63,0.22
6123,194,0.28,0.22
6124,88,0.24,0.23
6125,131,0.4,0.25
6126,44,0.21,0.34
6127,185,0.25,0.3
6128,23,0.34,0.29
6129,121,0.46,0.13
6130,112,0.75,0.35
6131,189,0.75,0.14
6132,38,0.51,0.36
6133,49,0.47,0.23
6134,159,0.21,0.24
6135,43,0.59,0.25
6136,98,0.26,0.18
6137,177,0.33,0.17
6138,178,0.27,0.39
6139,155,0.61,0.24
6140,193,0.34,0.13
6141,37,0.58,0.37
6142,39,0.72,0.19
6143,42,0.7,0.31
6144,89,0.29,0.25
6145,24,0.62,0.38
6146,94,0.24,0.12
6147,87,0.58,0.36
6148,155,0.57,0.26
6149,74,0.57,0.36
6150,176,0.68,0.16
6151,129,0.74,0.29
6152,97,0.7,0.17
6153,177,0.55,0.27
6154,25,0.71,0.39
6155,158,0.58,0.36
6156,99,0.74,0.31
6157,78,0.51,0.39
6158,136,0.66,0.3
6159,131,0.71,0.12
6160,25,0.79,0.16
6161,182,0.56,0.17
6162,32,0.27,0.24
6163,93,0.73,0.39
6164,126,0.27,0.35
6165,80,0.22,0.24
6166,154,0.54,0.16
6167,55,0.49,0.26
6168,32,0.24,0.21
6169,77,0.62,0.29
6170,158,0.55,0.27
6171,182,0.71,0.29
6172,33,0.55,0.17
6173,147,0.35,0.2
6174,138,0.63,0.29
6175,185,0.34,0.25
6176,41,0.32,0.21
6177,31,0.75,0.36
6178,95,0.47,0.27
6179,196,0.47,0.33
6180,168,0.64,0.39
6181,173,0.23,0.19
6182,196,0.52,0.27
6183,28,0.51,0.38
6184,126,0.32,0.24
6185,90,0.52,0.27
6186,144,0.39,0.23
6187,194,0.49,0.38
6188,188,0.26,0.23
6189,84,0.32,0.36
6190,57,0.54,0.15
6191,63,0.48,0.29
6192,123,0.72,0.18
6193,34,0.32,0.38
6194,146,0.49,0.39
6195,167,0.45,0.14
6196,25,0.61,0.22
6197,110,0.36,0.13
6198,79,0.76,0.25
6199,28,0.26,0.38
6200,71,0.56,0.3
6201,134,0.61,0.3
6202,131,0.73,0.18
6203,84,0.72,0.13
6204,67,0.6,0.28
6205,117,0.21,0.13
6206,38,0.24,0.11
6207,149,0.72,0.35
6208,37,0.58,0.38
6209,166,0.34,0.22
6210,160,0.58,0.27
6211,56,0.32,0.18
6212,74,0.58,0.39
6213,60,0.7,0.23
6214,169,0.74,0.2
6215,99,0.29,0.22
6216,149,0.63,0.25
6217,125,0.46,0.1
6218,155,0.58,0.2
6219,199,0.42,0.22
6220,158,0.69,0.34
6221,170,0.39,0.13
6222,117,0.57,0.19
6223,32,0.67,0.38
6224,133,0.47,0.37
6225,150,0.58,0.3
6226,182,0.26,0.35
6227,200,0.28,0.29
6228,156,0.47,0.22
6229,59,0.32,0.15
6230,96,0.27,0.27
6231,55,0.22,0.25
6232,185,0.73,0.24
6233,90,0.28,0.34
6234,172,0.57,0.25
6235,28,0.3,0.25
6236,94,0.78,0.12
6237,86,0.37,0.29
6238,101,0.76,0.25
6239,55,0.46,0.28
6240,102,0.52,0.35
6241,37,0.28,0.25
6242,107,0.55,0.14
6243,57,0.58,0.29
6244,117,0.35,0.36
6245,198,0.5,0.22
6246,197,0.31,0.26
6247,96,0.65,0.23
6248,60,0.57,0.2
6249,109,0.28,0.35
6250,168,0.7,0.26
6251,162,0.47,0.37
6252,181,0.3,0.19
6253,27,0.56,0.31
6254,160,0.47,0.35
6255,54,0.71,0.29
6256,150,0.5,0.35
6257,98,0.28,0.35
6258,155,0.44,0.3
6259,178,0.78,0.11
6260,49,0.68,0.33
6261,134,0.75,0.26
6262,59,0.69,0.34
6263,57,0.67,0.34
6264,183,0.2,0.2
6265,25,0.75,0.13
6266,51,0.59,0.39
6267,198,0.31,0.26
6268,58,0.46,0.22
6269,175,0.59,0.22
6270,35,0.43,0.1
6271,145,0.34,0.15
6272,169,0.64,0.24
6273,193,0.38,0.13
6274,64,0.45,0.38
6275,177,0.27,0.24
6276,163,0.36,0.37
6277,164,0.34,0.34
6278,75,0.22,0.12
6279,99,0.67,0.33
6280,107,0.55,0.22
6281,176,0.54,0.35
6282,21,0.28,0.18
6283,81,0.31,0.23
6284,154,0.25,0.19
6285,143,0.53,0.13
6286,143,0.77,0.17
6287,182,0.64,0.31
6288,42,0.57,0.26
6289,39,0.71,0.36
6290,20,0.7,0.32
6291,136,0.37,0.23
6292,91,0.48,0.27
6293,125,0.39,0.38
6294,165,0.53,0.11
6295,74,0.67,0.33
6296,150,0.38,0.33
6297,189,0.71,0.14
6298,175,0.35,0.38
6299,179,0.39,0.16
6300,41,0.65,0.12
6301,63,0.72,0.16
6302,134,0.23,0.33
6303,143,0.59,0.13
6304,70,0.53,0.3
6305,177,0.21,0.13
6306,80,0.71,0.31
6307,190,0.76,0.31
6308,132,0.52,0.28
6309,106,0.67,0.24
6310,116,0.58,0.29
6311,66,0.35,0.24
6312,113,0.76,0.13
6313,111,0.38,0.38
6314,187,0.73,0.36
6315,172,0.72,0.33
6316,65,0.5,0.23
6317,85,0.33,0.36
6318,112,0.35,0.4
6319,148,0.62,0.29
6320,149,0.38,0.21
6321,65,0.36,0.14
6322,120,0.79,0.15
6323,35,0.25,0.17
6324,57,0.3,0.13
6325,143,0.34,0.33
6326,45,0.34,0.36
6327,66,0.64,0.19
6328,194,0.27,0.3
6329,143,0.65,0.13
6330,102,0.25,0.22
6331,130,0.44,0.2
6332,46,0.65,0.37
6333,73,0.2,0.25
6334,142,0.21,0.33
6335,146,0.69,0.16
6336,93,0.4,0.14
6337,139,0.27,0.31
6338,100,0.75,0.25
6339,94,0.73,0.32
6340,123,0.78,0.22
6341,66,0.43,0.29
6342,22,0.69,0.25
6343,187,0.45,0.3
6344,63,0.31,0.21
6345,165,0.23,0.19
6346,32,0.49,0.2
6347,63,0.77,0.39
6348,69,0.66,0.38
6349,84,0.36,0.3
6350,127,0.4,0.11
6351,125,0.35,0.28
6352,100,0.27,0.24
6353,75,0.6,0.31
6354,177,0.53,0.24
6355,169,0.7,0.4
6356,177,0.24,0.23
6357,147,0.78,0.26
6358,117,0.44,0.3
6359,92,0.28,0.18
6360,78,0.37,0.4
6361,159,0.55,0.39
6362,71,0.38,0.19
6363,133,0.25,0.24
6364,171,0.46,0.38
6365,165,0.8,0.36
6366,172,0.34,0.31
6367,41,0.41,0.28
6368,33,0.46,0.1
6369,117,0.24,0.1
6370,38,0.53,0.14
6371,167,0.22,0.21
6372,32,0.35,0.34
6373,35,0.38,0.27
6374,118,0.54,0.11
6375,56,0.6,0.28
6376,139,0.7,0.31
6377,92,0.7,0.22
6378,199,0.32,0.21
6379,101,0.29,0.1
6380,98,0.28,0.19
6381,93,0.75,0.26
6382,59,0.25,0.23
6383,37,0.59,0.15
6384,151,0.5,0.35
6385,192,0.66,0.27
6386,150,0.58,0.29
6387,53,0.68,0.36
6388,157,0.2,0.28
6389,185,0.47,0.36
6390,45,0.64,0.38
6391,61,0.44,0.18
6392,42,0.6,0.35
6393,172,0.54,0.27
6394,176,0.5,0.11
6395,62,0.39,0.16
6396,44,0.2,0.37
6397,78,0.46,0.28
6398,95,0.71,0.13
6399,176,0.78,0.36
6400,148,0.34,0.15
6401,200,0.29,0.18
6402,118,0.41,0.36
6403,173,0.74,0.18
6404,142,0.33,0.11
6405,181,0.33,0.15
6406,61,0.45,0.27
6407,111,0.4,0.35
6408,61,0.54,0.36
6409,193,0.69,0.24
6410,38,0.65,0.14
6411,165,0.48,0.28
6412,44,0.54,0.16
6413,189,0.73,0.35
6414,136,0.55,0.19
6415,133,0.54,0.29
6416,128,0.5,0.33
6417,198,0.28,0.23
6418,137,0.54,0.33
6419,145,0.34,0.36
6420,170,0.72,0.19
6421,177,0.52,0.31
6422,80,0.38,0.22
6423,24,0.29,0.12
6424,27,0.38,0.39
6425,145,0.38,0.17
6426,112,0.49,0.2
6427,123,0.54,0.31
6428,153,0.76,0.27
6429,78,0.38,0.39
6430,140,0.43,0.26
6431,143,0.27,0.36
6432,71,0.75,0.12
6433,145,0.21,0.13
6434,81,0.37,0.29
6435,24,0.57,0.13
6436,159,0.62,0.22
6437,45,0.43,0.29
6438,120,0.31,0.28
6439,58,0.37,0.36
6440,121,0.54,0.12
6441,176,0.25,0.2
6442,170,0.33,0.32
6443,168,0.42,0.33
6444,111,0.63,0.14
6445,119,0.69,0.13
6446,92,0.7,0.39
6447,171,0.56,0.3
6448,178,0.56,0.32
6449,123,0.45,0.28
6450,172,0.54,0.17
6451,38,0.21,0.12
6452,140,0.74,0.38
6453,133,0.57,0.1
6454,130,0.54,0.18
6455,111,0.71,0.32
6456,51,0.42,0.16
6457,97,0.74,0.37
6458,116,0.24,0.37
6459,149,0.78,0.23
6460,34,0.66,0.26
6461,163,0.66,0.27
6462,56,0.44,0.13
6463,22,0.31,0.32
6464,40,0.8,0.37
6465,44,0.37,0.38
6466,146,0.28,0.39
6467,181,0.32,0.35
6468,199,0.48,0.11
6469,186,0.46,0.11
6470,167,0.68,0.23
6471,75,0.5,0.2
6472,130,0.42,0.28
6473,53,0.55,0.19
6474,66,0.76,0.14
6475,55,0.41,0.37
6476,97,0.67,0.35
6477,118,0.58,0.19
6478,100,0.46,0.24
6479,124,0.42,0.33
6480,58,0.37,0.3
6481,74,0.57,0.35
6482,60,0.43,0.13
6483,170,0.52,0.33
6484,191,0.7,0.19
6485,188,0.78,0.28
6486,126,0.7,0.39
6487,114,0.51,0.36
6488,100,0.28,0.11
6489,189,0.77,0.11
6490,99,0.28,0.15
6491,23,0.63,0.18
6492,75,0.77,0.3
6493,115,0.43,0.27
6494,30,0.31,0.29
6495,113,0.61,0.16
6496,109,0.72,0.28
6497,144,0.69,0.15
6498,121,0.48,0.13
6499,158,0.24,0.37
6500,125,0.5,0.38
6501,67,0.78,0.15
6502,154,0.48,0.18
6503,72,0.4,0.14
6504,139,0.48,0.19
6505,28,0.78,0.37
6506,98,0.4,0.19
6507,90,0.47,0.34
6508,78,0.79,0.11
6509,156,0.59,0.16
6510,127,0.24,0.39
6511,63,0.64,0.18
6512,126,0.29,0.23
6513,158,0.79,0.27
6514,41,0.23,0.23
6515,182,0.79,0.12
6516,166,0.31,0.12
6517,41,0.34,0.12
6518,174,0.57,0.35
6519,96,0.25,0.34
6520,77,0.5,0.16
6521,29,0.73,0.2
6522,98,0.73,0.13
6523,140,0.43,0.17
6524,72,0.28,0.3
6525,142,0.25,0.38
6526,124,0.44,0.25
6527,44,0.58,0.26
6528,193,0.2,0.17
6529,187,0.77,0.35
6530,165,0.71,0.32
6531,69,0.67,0.25
6532,93,0.28,0.26
6533,97,0.61,0.36
6534,141,0.51,0.21
6535,144,0.2,0.31
6536,99,0.76,0.27
6537,98,0.26,0.35
6538,69,0.35,0.31
6539,46,0.34,0.31
6540,178,0.72,0.38
6541,194,0.63,0.34
6542,142,0.8,0.4
6543,198,0.74,0.39
6544,121,0.36,0.32
6545,128,0.72,0.34
6546,160,0.21,0.35
6547,185,0.53,0.17
6548,144,0.52,0.33
6549,100,0.46,0.18
6550,176,0.79,0.16
6551,172,0.45,0.15
6552,168,0.56,0.29
6553,27,0.3,0.27
6554,183,0.47,0.17
6555,86,0.8,0.17
6556,106,0.33,0.16
6557,137,0.79,0.16
6558,80,0.47,0.2
6559,178,0.66,0.36
6560,44,0.33,0.25
6561,80,0.2,0.23
6562,192,0.68,0.1
6563,171,0.61,0.29
6564,186,0.49,0.15
6565,127,0.71,0.24
6566,135,0.21,0.23
6567,52,0.79,0.21
6568,23,0.66,0.33
6569,181,0.55,0.32
6570,175,0.24,0.31
6571,167,0.6,0.1
6572,143,0.22,0.28
6573,59,0.22,0.37
6574,45,0.78,0.35
6575,70,0.3,0.21
6576,142,0.31,0.33
6577,200,0.69,0.29
6578,124,0.7,0.35
6579,143,0.42,0.39
6580,71,0.61,0.19
6581,51,0.73,0.39
6582,76,0.38,0.22
6583,143,0.21,0.3
6584,170,0.24,0.17
6585,145,0.72,0.32
6586,72,0.32,0.38
6587,131,0.33,0.39
6588,188,0.24,0.23
6589,25,0.39,0.22
6590,81,0.37,0.26
6591,172,0.43,0.38
6592,115,0.51,0.35
6593,73,0.5,0.35
6594,195,0.68,0.29
6595,154,0.75,0.39
6596,181,0.44,0.35
6597,65,0.53,0.31
6598,78,0.73,0.18
6599,161,0.69,0.37
6600,129,0.36,0.28
6601,111,0.53,0.19
6602,107,0.74,0.18
6603,119,0.25,0.22
6604,137,0.41,0.19
6605,167,0.77,0.29
6606,28,0.74,0.24
6607,21,0.3,0.27
6608,28,0.77,0.19
6609,155,0.63,0.26
6610,116,0.5,0.2
6611,61,0.62,0.27
6612,144,0.32,0.2
6613,186,0.69,0.13
6614,68,0.48,0.18
6615,132,0.38,0.39
6616,45,0.55,0.29
6617,167,0.21,0.25
6618,142,0.23,0.31
6619,134,0.59,0.16
6620,32,0.34,0.21
6621,80,0.71,0.34
6622,157,0.64,0.26
6623,119,0.65,0.4
6624,152,0.33,0.2
6625,58,0.27,0.16
6626,198,0.25,0.16
6627,46,0.72,0.23
6628,48,0.32,0.29
6629,115,0.63,0.16
6630,94,0.21,0.3
6631,98,0.65,0.27
6632,181,0.49,0.16
6633,187,0.51,0.1
6634,109,0.29,0.37
6635,166,0.29,0.27
6636,38,0.2,0.12
6637,83,0.32,0.23
6638,56,0.52,0.24
6639,42,0.36,0.34
6640,92,0.67,0.32
6641,104,0.76,0.17
6642,66,0.66,0.24
6643,36,0.36,0.16
6644,110,0.43,0.3
6645,149,0.36,0.2
6646,28,0.77,0.37
6647,98,0.56,0.29
6648,198,0.25,0.13
6649,106,0.55,0.3
6650,116,0.74,0.15
6651,49,0.48,0.3
6652,175,0.68,0.27
6653,133,0.3,0.22
6654,176,0.6,0.12
6655,198,0.27,0.29
6656,105,0.8,0.37
6657,50,0.55,0.21
6658,154,0.21,0.35
6659,90,0.28,0.14
6660,47,0.49,0.18
6661,117,0.2,0.15
6662,59,0.66,0.21
6663,193,0.66,0.2
6664,131,0.52,0.3
6665,85,0.42,0.12
6666,120,0.41,0.32
6667,160,0.3,0.17
6668,167,0.32,0.13
6669,196,0.27,0.15
6670,63,0.49,0.39
6671,193,0.38,0.15
6672,36,0.54,0.38
6673,194,0.53,0.17
6674,70,0.56,0.34
6675,189,0.36,0.34
6676,90,0.56,0.13
6677,110,0.58,0.19
6678,68,0.76,0.39
6679,198,0.58,0.39
6680,180,0.48,0.12
6681,149,0.63,0.36
6682,81,0.62,0.28
6683,161,0.44,0.36
6684,42,0.65,0.33
6685,181,0.54,0.29
6686,77,0.38,0.17
6687,81,0.35,0.22
6688,197,0.46,0.19
6689,125,0.68,0.16
6690,115,0.63,0.18
6691,55,0.22,0.29
6692,57,0.45,0.3
6693,32,0.66,0.39
6694,167,0.41,0.27
6695,187,0.41,0.2
6696,172,0.37,0.25
6697,194,0.37,0.21
6698,51,0.35,0.13
6699,177,0.59,0.29
6700,176,0.5,0.33
6701,146,0.38,0.34
6702,96,0.64,0.39
6703,71,0.5,0.35
6704,138,0.77,0.19
6705,71,0.48,0.35
6706,134,0.38,0.3
6707,22,0.55,0.14
6708,63,0.48,0.26
6709,165,0.62,0.12
6710,92,0.33,0.17
6711,161,0.41,0.17
6712,191,0.52,0.33
6713,29,0.54,0.16
6714,62,0.67,0.27
6715,194,0.67,0.26
6716,41,0.8,0.16
6717,43,0.64,0.4
6718,106,0.61,0.23
6719,148,0.69,0.2
6720,48,0.74,0.16
6721,129,0.42,0.4
6722,40,0.26,0.29
6723,73,0.57,0.11
6724,123,0.72,0.3
6725,59,0.58,0.31
6726,131,0.32,0.39
6727,45,0.5,0.32
6728,60,0.8,0.16
6729,83,0.35,0.12
6730,55,0.69,0.13
6731,168,0.53,0.22
6732,150,0.76,0.17
6733,160,0.27,0.27
6734,123,0.75,0.21
6735,191,0.3,0.24
6736,65,0.77,0.2
6737,90,0.25,0.14
6738,78,0.65,0.34
6739,50,0.53,0.12
6740,34,0.25,0.21
6741,26,0.57,0.18
6742,27,0.46,0.13
6743,175,0.41,0.35
6744,30,0.67,0.24
6745,183,0.59,0.31
6746,180,0.49,0.16
6747,92,0.39,0.21
6748,138,0.29,0.35
6749,36,0.74,0.17
6750,106,0.77,0.26
6751,172,0.2,0.19
6752,103,0.4,0.36
6753,60,0.74,0.16
6754,93,0.49,0.29
6755,69,0.43,0.37
6756,144,0.54,0.19
6757,113,0.21,0.27
6758,196,0.53,0.26
6759,81,0.38,0.18
6760,32,0.35,0.2
6761,145,0.34,0.32
6762,75,0.78,0.28
6763,62,0.58,0.28
6764,40,0.72,0.25
6765,93,0.53,0.35
6766,174,0.51,0.11
6767,55,0.7,0.21
6768,149,0.49,0.34
6769,127,0.62,0.22
6770,22,0.63,0.18
6771,197,0.69,0.38
6772,98,0.46,0.31
6773,38,0.34,0.38
6774,90,0.5,0.28
6775,128,0.59,0.35
6776,36,0.46,0.14
6777,200,0.56,0.2
6778,177,0.7,0.27
6779,189,0.76,0.34
6780,49,0.79,0.15
6781,48,0.63,0.37
6782,102,0.26,0.12
6783,159,0.44,0.29
6784,114,0.67,0.23
6785,49,0.36,0.17
6786,178,0.26,0.31
6787,130,0.69,0.31
6788,187,0.21,0.14
6789,184,0.24,0.24
6790,34,0.28,0.27
6791,121,0.45,0.16
6792,123,0.26,0.27
6793,39,0.54,0.33
6794,166,0.26,0.36
6795,190,0.45,0.11
6796,83,0.2,0.13
6797,92,0.3,0.14
6798,174,0.36,0.21
6799,171,0.73,0.28
6800,168,0.74,0.13
6801,164,0.59,0.13
6802,62,0.39,0.37
6803,176,0.52,0.13
6804,70,0.71,0.35
6805,94,0.75,0.11
6806,99,0.43,0.15
6807,118,0.41,0.27
6808,157,0.54,0.22
6809,153,0.58,0.2
6810,46,0.38,0.15
6811,156,0.68,0.22
6812,56,0.31,0.32
6813,37,0.62,0.33
6814,162,0.75,0.32
6815,36,0.53,0.3
6816,111,0.73,0.29
6817,136,0.33,0.35
6818,82,0.33,0.38
6819,159,0.76,0.26
6820,82,0.58,0.38
6821,111,0.68,0.31
6822,62,0.78,0.13
6823,177,0.26,0.22
6824,196,0.24,0.4
6825,178,0.24,0.22
6826,35,0.63,0.39
6827,186,0.57,0.16
6828,55,0.41,0.1
6829,187,0.29,0.31
6830,168,0.22,0.39
6831,55,0.42,0.18
6832,43,0.35,0.31
6833,163,0.78,0.21
6834,35,0.77,0.2
6835,77,0.64,0.4
6836,94,0.55,0.21
6837,151,0.75,0.3
6838,136,0.59,0.17
6839,78,0.54,0.25
6840,26,0.34,0.28
6841,98,0.52,0.36
6842,103,0.37,0.14
6843,45,0.79,0.15
6844,194,0.76,0.17
6845,176,0.59,0.34
6846,117,0.5,0.25
6847,183,0.57,0.21
6848,98,0.22,0.15
6849,78,0.25,0.17
6850,30,0.36,0.2
6851,92,0.5,0.2
6852,137,0.27,0.36
6853,23,0.47,0.17
6854,27,0.72,0.27
6855,30,0.56,0.13
6856,82,0.42,0.3
6857,163,0.77,0.15
6858,190,0.74,0.24
6859,71,0.28,0.15
6860,136,0.59,0.16
6861,26,0.5,0.31
6862,79,0.76,0.1
6863,100,0.37,0.14
6864,84,0.71,0.18
6865,89,0.53,0.19
6866,135,0.7,0.14
6867,106,0.53,0.21
6868,119,0.35,0.22
6869,177,0.79,0.31
6870,84,0.68,0.35
6871,184,0.51,0.25
6872,29,0.4,0.31
6873,116,0.76,0.38
6874,96,0.68,0.15
6875,44,0.35,0.18
6876,200,0.72,0.19
6877,52,0.36,0.12
6878,114,0.43,0.33
6879,125,0.67,0.12
6880,147,0.32,0.24
6881,184,0.48,0.25
6882,46,0.74,0.13
6883,133,0.37,0.22
6884,104,0.21,0.39
6885,60,0.35,0.37
6886,166,0.62,0.29
6887,123,0.59,0.21
6888,144,0.29,0.14
6889,197,0.25,0.14
6890,197,0.55,0.39
6891,66,0.33,0.24
6892,68,0.37,0.4
6893,161,0.23,0.38
6894,88,0.33,0.31
6895,88,0.6,0.14
6896,102,0.6,0.1
6897,177,0.61,0.17
6898,99,0.31,0.1
6899,195,0.27,0.29
6900,108,0.31,0.11
6901,183,0.58,0.31
6902,166,0.76,0.26
6903,125,0.36,0.24
6904,119,0.66,0.36
6905,81,0.55,0.16
6906,39,0.66,0.21
6907,133,0.51,0.39
6908,160,0.64,0.35
6909,135,0.43,0.11
6910,68,0.35,0.21
6911,80,0.6,0.35
6912,197,0.79,0.33
6913,175,0.65,0.35
6914,92,0.38,0.35
6915,61,0.75,0.21
6916,116,0.41,0.28
6917,82,0.45,0.35
6918,89,0.29,0.18
6919,172,0.78,0.15
6920,72,0.25,0.16
6921,101,0.38,0.16
6922,51,0.51,0.15
6923,182,0.45,0.24
6924,61,0.21,0.11
6925,32,0.59,0.17
6926,97,0.8,0.29
6927,39,0.41,0.14
6928,93,0.59,0.26
6929,42,0.2,0.15
6930,103,0.59,0.17
6931,42,0.78,0.2
6932,192,0.64,0.36
6933,86,0.38,0.29
6934,24,0.78,0.16
6935,187,0.74,0.27
6936,94,0.51,0.28
6937,149,0.79,0.33
6938,195,0.37,0.31
6939,175,0.27,0.35
6940,96,0.33,0.18
6941,24,0.76,0.11
6942,76,0.77,0.3
6943,55,0.53,0.24
6944,76,0.79,0.31
6945,88,0.24,0.33
6946,178,0.7,0.37
6947,156,0.57,0.39
6948,114,0.69,0.29
6949,142,0.55,0.25
6950,69,0.76,0.17
6951,142,0.7,0.37
6952,197,0.43,0.23
6953,179,0.53,0.34
6954,143,0.31,0.14
6955,120,0.67,0.29
6956,136,0.4,0.31
6957,40,0.6,0.32
6958,162,0.22,0.31
6959,132,0.65,0.25
6960,178,0.26,0.25
6961,93,0.45,0.29
6962,200,0.64,0.35
6963,46,0.44,0.33
6964,103,0.66,0.23
6965,192,0.74,0.25
6966,34,0.42,0.36
6967,156,0.38,0.33
6968,92,0.4,0.14
6969,41,0.66,0.23
6970,58,0.65,0.19
6971,89,0.56,0.24
6972,31,0.47,0.35
6973,166,0.24,0.23
6974,173,0.59,0.12
6975,33,0.36,0.14
6976,195,0.51,0.36
6977,21,0.22,0.35
6978,97,0.78,0.24
6979,135,0.62,0.31
6980,102,0.31,0.37
6981,118,0.21,0.16
6982,151,0.58,0.2
6983,95,0.7,0.12
6984,182,0.68,0.13
6985,28,0.54,0.19
6986,199,0.67,0.34
6987,147,0.49,0.26
6988,26,0.29,0.36
6989,40,0.26,0.18
6990,136,0.63,0.13
6991,107,0.28,0.37
6992,173,0.27,0.19
6993,110,0.46,0.33
6994,134,0.23,0.25
6995,52,0.75,0.26
6996,94,0.41,0.37
6997,193,0.8,0.1
6998,67,0.67,0.26
6999,55,0.4,0.34
7000,126,0.7,0.39
7001,131,0.58,0.13
7002,99,0.27,0.37
7003,96,0.75,0.17
7004,117,0.66,0.18
7005,185,0.62,0.15
7006,145,0.23,0.22
7007,148,0.33,0.22
7008,75,0.77,0.4
7009,141,0.4,0.39
7010,146,0.29,0.39
7011,59,0.33,0.21
7012,126,0.25,0.31
7013,36,0.41,0.33
7014,113,0.68,0.14
7015,80,0.57,0.38
7016,159,0.77,0.35
7017,137,0.72,0.27
7018,42,0.68,0.21
7019,48,0.35,0.37
7020,159,0.51,0.15
7021,115,0.4,0.24
7022,48,0.41,0.17
7023,141,0.41,0.13
7024,140,0.26,0.33
7025,67,0.74,0.24
7026,76,0.26,0.36
7027,150,0.44,0.23
7028,85,0.47,0.12
7029,176,0.49,0.13
7030,185,0.43,0.37
7031,97,0.73,0.37
7032,121,0.74,0.21
7033,59,0.61,0.11
7034,195,0.59,0.2
7035,148,0.76,0.26
7036,172,0.74,0.35
7037,115,0.65,0.11
7038,68,0.29,0.3
7039,38,0.76,0.25
7040,147,0.78,0.35
7041,82,0.29,0.24
7042,65,0.65,0.18
7043,127,0.57,0.35
7044,168,0.8,0.29
7045,73,0.59,0.11
7046,32,0.58,0.21
7047,192,0.31,0.21
7048,56,0.46,0.38
7049,40,0.63,0.18
7050,58,0.39,0.24
7051,47,0.51,0.37
7052,194,0.29,0.25
7053,172,0.76,0.16
7054,30,0.4,0.17
7055,198,0.32,0.28
7056,134,0.66,0.28
7057,55,0.28,0.36
7058,166,0.43,0.28
7059,114,0.48,0.11
7060,38,0.68,0.22
7061,68,0.73,0.18
7062,127,0.25,0.25
7063,63,0.7,0.16
7064,80,0.31,0.2
7065,191,0.26,0.4
7066,141,0.67,0.12
7067,50,0.79,0.26
7068,74,0.79,0.31
7069,102,0.54,0.3
7070,145,0.36,0.11
7071,59,0.37,0.19
7072,79,0.5,0.1
7073,110,0.71,0.24
7074,130,0.34,0.22
7075,49,0.28,0.35
7076,32,0.3,0.4
7077,171,0.33,0.28
7078,62,0.26,0.33
7079,166,0.2,0.3
7080,151,0.48,0.21
7081,36,0.46,0.26
7082,91,0.79,0.27
7083,54,0.32,0.37
7084,145,0.53,0.26
7085,90,0.6,0.2
7086,80,0.67,0.16
7087,95,0.49,0.22
7088,198,0.56,0.25
7089,73,0.73,0.23
7090,155,0.38,0.17
7091,148,0.34,0.33
7092,21,0.57,0.31
7093,162,0.47,0.1
7094,183,0.49,0.39
7095,139,0.23,0.11
7096,106,0.27,0.36
7097,105,0.39,0.2
7098,53,0.41,0.27
7099,160,0.69,0.26
7100,70,0.51,0.34
7101,95,0.6,0.35
7102,166,0.43,0.19
7103,97,0.61,0.19
7104,160,0.5,0.12
7105,162,0.75,0.21
7106,176,0.28,0.12
7107,91,0.24,0.3
7108,92,0.56,0.36
7109,172,0.78,0.25
7110,163,0.48,0.39
7111,30,0.64,0.17
7112,169,0.68,0.15
7113,159,0.32,0.14
7114,158,0.34,0.36
7115,68,0.76,0.16
7116,131,0.36,0.18
7117,94,0.35,0.15
7118,109,0.63,0.18
7119,123,0.37,0.12
7120,35,0.4,0.32
7121,184,0.77,0.18
7122,43,0.54,0.18
7123,45,0.3,0.14
7124,136,0.77,0.29
7125,81,0.66,0.11
7126,24,0.24,0.29
7127,40,0.63,0.39
7128,164,0.45,0.36
7129,70,0.72,0.16
7130,123,0.51,0.18
7131,91,0.3,0.28
7132,160,0.68,0.25
7133,144,0.41,0.19
7134,115,0.32,0.24
7135,26,0.46,0.28
7136,199,0.22,0.15
7137,169,0.5,0.32
7138,113,0.46,0.27
7139,200,0.69,0.28
7140,160,0.53,0.27
7141,61,0.48,0.24
7142,46,0.65,0.28
7143,132,0.22,0.21
7144,113,0.74,0.12
7145,153,0.72,0.31
7146,126,0.45,0.23
7147,97,0.2,0.16
7148,30,0.75,0.17
7149,24,0.66,0.17
7150,115,0.56,0.18
7151,20,0.42,0.16
7152,51,0.26,0.24
7153,58,0.39,0.36
7154,171,0.76,0.35
7155,56,0.78,0.29
7156,82,0.61,0.17
7157,131,0.59,0.26
7158,52,0.48,0.28
7159,190,0.48,0.25
7160,45,0.79,0.24
7161,66,0.79,0.27
7162,124,0.29,0.34
7163,118,0.38,0.1
7164,170,0.61,0.35
7165,127,0.53,0.11
7166,21,0.36,0.3
7167,186,0.22,0.14
7168,145,0.36,0.14
7169,83,0.36,0.33
7170,77,0.6,0.25
7171,180,0.31,0.16
7172,162,0.59,0.33
7173,135,0.33,0.33
7174,140,0.28,0.35
7175,108,0.32,0.2
7176,152,0.25,0.16
7177,31,0.36,0.3
7178,152,0.72,0.15
7179,136,0.35,0.17
7180,107,0.56,0.36
7181,55,0.66,0.34
7182,187,0.55,0.18
7183,26,0.54,0.26
7184,146,0.77,0.29
7185,163,0.21,0.37
7186,133,0.65,0.18
7187,38,0.74,0.26
7188,69,0.42,0.12
7189,70,0.69,0.31
7190,28,0.53,0.25
7191,178,0.46,0.29
7192,71,0.52,0.28
7193,71,0.46,0.29
7194,120,0.38,0.26
7195,75,0.33,0.28
7196,179,0.24,0.24
7197,26,0.6,0.19
7198,161,0.47,0.3
7199,179,0.8,0.38
7200,65,0.32,0.33
7201,137,0.27,0.29
7202,49,0.59,0.33
7203,156,0.27,0.33
7204,146,0.66,0.13
7205,96,0.6,0.35
7206,104,0.31,0.36
7207,89,0.33,0.17
7208,61,0.69,0.25
7209,148,0.46,0.21
7210,54,0.26,0.2
7211,44,0.52,0.39
7212,160,0.75,0.27
7213,89,0.4,0.18
7214,171,0.69,0.13
7215,29,0.45,0.34
7216,113,0.66,0.1
7217,42,0.79,0.16
7218,40,0.55,0.15
7219,56,0.22,0.15
7220,147,0.35,0.36
7221,155,0.35,0.32
7222,81,0.6,0.23
7223,180,0.28,0.2
7224,136,0.37,0.32
7225,141,0.75,0.11
7226,135,0.62,0.36
7227,20,0.32,0.19
7228,133,0.65,0.22
7229,174,0.73,0.36
7230,176,0.45,0.2
7231,194,0.44,0.32
7232,50,0.5,0.15
7233,80,0.74,0.24
7234,40,0.6,0.22
7235,87,0.59,0.12
7236,95,0.28,0.27
7237,40,0.37,0.2
7238,76,0.26,0.12
7239,139,0.76,0.29
7240,73,0.62,0.4
7241,45,0.62,0.31
7242,80,0.31,0.14
7243,117,0.51,0.3
7244,178,0.36,0.35
7245,86,0.45,0.14
7246,153,0.65,0.14
7247,164,0.28,0.23
7248,50,0.72,0.27
7249,160,0.77,0.3
7250,44,0.24,0.34
7251,26,0.75,0.1
7252,54,0.64,0.25
7253,106,0.43,0.15
7254,69,0.76,0.35
7255,105,0.44,0.34
7256,148,0.33,0.35
7257,105,0.8,0.13
7258,198,0.78,0.25
7259,98,0.37,0.4
7260,89,0.37,0.11
7261,171,0.77,0.26
7262,195,0.7,0.27
7263,96,0.47,0.28
7264,177,0.67,0.11
7265,117,0.54,0.21
7266,32,0.48,0.25
7267,107,0.69,0.39
7268,38,0.25,0.31
7269,158,0.77,0.19
7270,126,0.23,0.21
7271,92,0.28,0.19
7272,25,0.35,0.38
7273,28,0.52,0.33
7274,90,0.28,0.4
7275,186,0.51,0.33
7276,81,0.37,0.18
7277,33,0.52,0.35
7278,177,0.68,0.34
7279,50,0.51,0.37
7280,186,0.64,0.34
7281,157,0.45,0.29
7282,57,0.52,0.14
7283,151,0.29,0.18
7284,145,0.77,0.4
7285,29,0.61,0.21
7286,74,0.71,0.14
7287,120,0.22,0.24
7288,92,0.7,0.3
7289,149,0.75,0.28
7290,185,0.6,0.1
7291,26,0.72,0.26
7292,67,0.74,0.3
7293,74,0.4,0.32
7294,86,0.27,0.15
7295,97,0.24,0.22
7296,103,0.48,0.33
7297,167,0.38,0.15
7298,195,0.28,0.36
7299,150,0.41,0.29
7300,95,0.67,0.17
7301,152,0.37,0.16
7302,179,0.54,0.21
7303,104,0.55,0.28
7304,200,0.69,0.36
7305,130,0.25,0.27
7306,29,0.58,0.25
7307,178,0.46,0.4
7308,27,0.43,0.11
7309,172,0.6,0.26
7310,34,0.4,0.23
7311,93,0.3,0.17
7312,24,0.78,0.1
7313,139,0.74,0.16
7314,95,0.59,0.16
7315,93,0.78,0.11
7316,61,0.52,0.16
7317,82,0.7,0.1
7318,146,0.37,0.39
7319,39,0.64,0.2
7320,45,0.57,0.14
7321,120,0.38,0.17
7322,184,0.51,0.12
7323,56,0.43,0.24
7324,130,0.63,0.1
7325,189,0.7,0.15
7326,184,0.37,0.13
7327,72,0.38,0.21
7328,166,0.38,0.35
7329,100,0.77,0.23
7330,131,0.38,0.22
7331,157,0.3,0.2
7332,188,0.49,0.2
7333,156,0.68,0.21
7334,156,0.21,0.22
7335,71,0.65,0.28
7336,35,0.32,0.12
7337,54,0.28,0.11
7338,59,0.75,0.38
7339,145,0.25,0.12
7340,26,0.79,0.32
7341,133,0.45,0.31
7342,162,0.58,0.13
7343,188,0.75,0.1
7344,185,0.8,0.2
7345,120,0.78,0.17
7346,64,0.47,0.36
7347,91,0.29,0.36
7348,105,0.78,0.25
7349,169,0.54,0.11
7350,166,0.55,0.17
7351,55,0.3,0.23
7352,77,0.48,0.13
7353,159,0.75,0.31
7354,64,0.76,0.17
7355,193,0.22,0.31
7356,64,0.55,0.3
7357,72,0.42,0.39
7358,30,0.32,0.25
7359,199,0.78,0.15
7360,70,0.66,0.33
7361,46,0.42,0.3
7362,197,0.72,0.35
7363,168,0.26,0.39
7364,54,0.28,0.25
7365,58,0.47,0.27
7366,164,0.78,0.3
7367,114,0.76,0.21
7368,69,0.34,0.39
7369,170,0.53,0.22
7370,64,0.55,0.24
7371,24,0.35,0.38
7372,75,0.74,0.14
7373,50,0.78,0.39
7374,123,0.69,0.26
7375,111,0.37,0.29
7376,118,0.48,0.23
7377,130,0.21,0.26
7378,121,0.46,0.18
7379,87,0.53,0.34
7380,56,0.31,0.33
7381,97,0.71,0.36
7382,75,0.61,0.28
7383,66,0.62,0.14
7384,157,0.71,0.2
7385,33,0.42,0.28
7386,165,0.78,0.16
7387,39,0.55,0.28
7388,166,0.64,0.25
7389,127,0.78,0.35
7390,86,0.51,0.33
7391,89,0.8,0.29
7392,128,0.6,0.29
7393,30,0.27,0.28
7394,115,0.25,0.16
7395,139,0.53,0.22
7396,73,0.57,0.4
7397,188,0.64,0.22
7398,67,0.79,0.28
7399,164,0.3,0.23
7400,126,0.72,0.21
7401,52,0.65,0.19
7402,50,0.58,0.15
7403,108,0.24,0.29
7404,138,0.38,0.28
7405,83,0.34,0.2
7406,128,0.54,0.11
7407,40,0.3,0.18
7408,105,0.42,0.31
7409,132,0.78,0.15
7410,100,0.34,0.16
7411,198,0.28,0.1
7412,179,0.77,0.25
7413,84,0.31,0.22
7414,69,0.48,0.23
7415,165,0.35,0.18
7416,64,0.54,0.35
7417,30,0.71,0.39
7418,195,0.77,0.2
7419,133,0.28,0.13
7420,198,0.69,0.4
7421,36,0.26,0.25
7422,39,0.36,0.17
7423,33,0.51,0.22
7424,24,0.43,0.12
7425,135,0.62,0.37
7426,114,0.25,0.37
7427,152,0.31,0.18
7428,79,0.6,0.12
7429,150,0.41,0.32
7430,168,0.42,0.15
7431,108,0.65,0.37
7432,142,0.66,0.23
7433,171,0.7,0.2
7434,120,0.67,0.25
7435,30,0.35,0.36
7436,147,0.75,0.39
7437,105,0.56,0.18
7438,133,0.42,0.39
7439,130,0.77,0.37
7440,72,0.66,0.32
7441,73,0.78,0.22
7442,143,0.62,0.25
7443,183,0.38,0.39
7444,180,0.69,0.21
7445,70,0.76,0.32
7446,56,0.34,0.37
7447,20,0.47,0.12
7448,78,0.27,0.29
7449,164,0.37,0.18
7450,190,0.52,0.13
7451,33,0.26,0.21
7452,67,0.78,0.35
7453,28,0.25,0.31
7454,35,0.78,0.37
7455,66,0.24,0.38
7456,195,0.75,0.17
7457,180,0.52,0.32
7458,195,0.48,0.34
7459,179,0.6,0.18
7460,57,0.61,0.3
7461,154,0.73,0.3
7462,96,0.64,0.33
7463,161,0.37,0.34
7464,43,0.78,0.4
7465,106,0.49,0.31
7466,175,0.49,0.12
7467,76,0.75,0.39
7468,99,0.61,0.27
7469,56,0.42,0.23
7470,111,0.7,0.3
7471,142,0.53,0.18
7472,53,0.48,0.14
7473,155,0.4,0.13
7474,169,0.37,0.34
7475,194,0.21,0.27
7476,167,0.66,0.16
7477,50,0.4,0.32
7478,182,0.23,0.36
7479,193,0.31,0.21
7480,40,0.33,0.35
7481,176,0.35,0.1
7482,146,0.64,0.16
7483,29,0.29,0.22
7484,154,0.75,0.39
7485,115,0.68,0.21
7486,124,0.54,0.23
7487,116,0.29,0.15
7488,130,0.53,0.28
7489,67,0.44,0.14
7490,118,0.7,0.39
7491,58,0.32,0.2
7492,181,0.43,0.39
7493,166,0.68,0.31
7494,198,0.71,0.33
7495,49,0.7,0.31
7496,169,0.5,0.18
7497,173,0.32,0.15
7498,162,0.66,0.24
7499,87,0.28,0.22
7500,34,0.48,0.24
7501,28,0.7,0.12
7502,130,0.28,0.14
7503,132,0.3,0.14
7504,64,0.67,0.16
7505,27,0.71,0.24
7506,62,0.5,0.18
7507,135,0.72,0.16
7508,80,0.76,0.22
7509,177,0.37,0.35
7510,34,0.61,0.14
7511,149,0.66,0.35
7512,83,0.29,0.32
7513,193,0.38,0.28
7514,85,0.36,0.38
7515,89,0.79,0.38
7516,108,0.62,0.32
7517,61,0.22,0.12
7518,187,0.47,0.21
7519,58,0.54,0.3
7520,184,0.61,0.35
7521,121,0.42,0.15
7522,84,0.42,0.28
7523,103,0.51,0.37
7524,103,0.52,0.19
7525,46,0.31,0.32
7526,111,0.78,0.37
7527,195,0.55,0.11
7528,185,0.38,0.11
7529,35,0.61,0.21
7530,185,0.46,0.22
7531,66,0.52,0.3
7532,187,0.45,0.33
7533,84,0.29,0.22
7534,183,0.75,0.32
7535,94,0.44,0.28
7536,145,0.27,0.11
7537,161,0.37,0.35
7538,103,0.24,0.33
7539,161,0.4,0.24
7540,53,0.63,0.28
7541,44,0.33,0.35
7542,73,0.38,0.2
7543,35,0.77,0.22
7544,105,0.65,0.18
7545,58,0.3,0.15
7546,28,0.54,0.23
7547,59,0.48,0.35
7548,111,0.22,0.35
7549,21,0.57,0.31
7550,28,0.67,0.32
7551,144,0.62,0.18
7552,53,0.42,0.18
7553,91,0.8,0.38
7554,200,0.63,0.2
7555,175,0.54,0.11
7556,187,0.39,0.26
7557,103,0.64,0.23
7558,90,0.61,0.17
7559,128,0.59,0.39
7560,68,0.63,0.19
7561,64,0.47,0.13
7562,84,0.32,0.36
7563,166,0.64,0.13
7564,86,0.72,0.2
7565,37,0.22,0.17
7566,139,0.38,0.23
7567,121,0.67,0.32
7568,200,0.25,0.28
7569,191,0.73,0.16
7570,199,0.49,0.19
7571,167,0.5,0.37
7572,150,0.3,0.33
7573,112,0.27,0.21
7574,30,0.53,0.31
7575,115,0.38,0.19
7576,190,0.63,0.35
7577,51,0.25,0.29
7578,146,0.23,0.28
7579,77,0.2,0.38
7580,47,0.24,0.2
7581,83,0.55,0.29
7582,108,0.24,0.24
7583,88,0.61,0.4
7584,166,0.66,0.14
7585,60,0.5,0.24
7586,131,0.76,0.27
7587,156,0.73,0.19
7588,28,0.41,0.4
7589,190,0.36,0.13
7590,152,0.32,0.2
7591,72,0.34,0.39
7592,32,0.56,0.2
7593,100,0.44,0.28
7594,43,0.42,0.19
7595,197,0.71,0.33
7596,67,0.23,0.35
7597,114,0.78,0.32
7598,117,0.47,0.21
7599,47,0.57,0.21
7600,184,0.31,0.34
7601,121,0.41,0.37
7602,23,0.24,0.16
7603,117,0.25,0.31
7604,99,0.49,0.39
7605,178,0.51,0.31
7606,58,0.6,0.16
7607,145,0.5,0.34
7608,35,0.69,0.32
7609,157,0.79,0.27
7610,117,0.61,0.36
7611,120,0.31,0.19
7612,99,0.22,0.19
7613,114,0.21,0.18
7614,193,0.74,0.31
7615,78,0.71,0.14
7616,48,0.28,0.28
7617,191,0.52,0.15
7618,177,0.68,0.39
7619,62,0.64,0.2
7620,109,0.29,0.17
7621,183,0.3,0.34
7622,60,0.5,0.26
7623,193,0.78,0.18
7624,136,0.47,0.32
7625,83,0.74,0.32
7626,59,0.52,0.25
7627,56,0.39,0.11
7628,153,0.6,0.36
7629,159,0.4,0.39
7630,153,0.52,0.18
7631,51,0.58,0.14
7632,35,0.27,0.28
7633,79,0.39,0.34
7634,133,0.64,0.26
7635,105,0.33,0.28
7636,111,0.51,0.2
7637,152,0.38,0.13
7638,34,0.38,0.32
7639,29,0.23,0.38
7640,63,0.42,0.33
7641,101,0.66,0.12
7642,79,0.69,0.12
7643,165,0.55,0.35
7644,158,0.44,0.35
7645,143,0.71,0.34
7646,116,0.72,0.39
7647,98,0.32,0.22
7648,31,0.47,0.34
7649,182,0.31,0.35
7650,168,0.65,0.29
7651,183,0.66,0.34
7652,71,0.46,0.32
7653,116,0.46,0.15
7654,86,0.57,0.31
7655,110,0.21,0.32
7656,180,0.51,0.17
7657,81,0.58,0.11
7658,93,0.29,0.22
7659,125,0.68,0.15
7660,55,0.79,0.38
7661,111,0.26,0.18
7662,183,0.79,0.24
7663,30,0.73,0.1
7664,159,0.62,0.13
7665,72,0.68,0.32
7666,163,0.68,0.22
7667,127,0.31,0.36
7668,45,0.21,0.38
7669,146,0.29,0.32
7670,55,0.5,0.39
7671,123,0.79,0.16
7672,124,0.34,0.33
7673,150,0.78,0.32
7674,142,0.8,0.33
7675,80,0.69,0.35
7676,111,0.52,0.34
7677,162,0.45,0.14
7678,133,0.76,0.39
7679,180,0.27,0.32
7680,73,0.74,0.12
7681,143,0.27,0.34
7682,191,0.56,0.3
7683,161,0.23,0.24
7684,140,0.51,0.14
7685,96,0.56,0.19
7686,63,0.37,0.31
7687,149,0.55,0.18
7688,178,0.62,0.35
7689,158,0.7,0.11
7690,116,0.27,0.24
7691,78,0.63,0.28
7692,50,0.33,0.36
7693,70,0.34,0.12
7694,114,0.44,0.21
7695,87,0.33,0.29
7696,186,0.67,0.1
7697,64,0.34,0.24
7698,43,0.5,0.19
7699,190,0.66,0.19
7700,124,0.76,0.32
7701,159,0.74,0.26
7702,137,0.71,0.39
7703,131,0.31,0.11
7704,75,0.63,0.21
7705,173,0.61,0.25
7706,109,0.55,0.23
7707,193,0.38,0.16
7708,120,0.32,0.26
7709,161,0.52,0.29
7710,133,0.32,0.37
7711,60,0.71,0.14
7712,161,0.57,0.16
7713,172,0.47,0.3
7714,56,0.59,0.36
7715,107,0.5,0.26
7716,62,0.21,0.31
7717,155,0.58,0.32
7718,39,0.36,0.28
7719,80,0.47,0.39
7720,98,0.54,0.26
7721,27,0.39,0.25
7722,131,0.3,0.4
7723,169,0.48,0.37
7724,140,0.41,0.38
7725,170,0.42,0.21
7726,62,0.7,0.19
7727,59,0.6,0.17
7728,165,0.62,0.22
7729,28,0.28,0.33
7730,68,0.39,0.18
7731,159,0.46,0.1
7732,118,0.66,0.21
7733,29,0.27,0.12
7734,30,0.62,0.23
7735,27,0.79,0.32
7736,80,0.44,0.23
7737,40,0.24,0.17
7738,146,0.73,0.18
7739,165,0.44,0.33
7740,67,0.53,0.22
7741,52,0.66,0.4
7742,81,0.55,0.2
7743,127,0.33,0.24
7744,161,0.37,0.24
7745,29,0.71,0.23
7746,50,0.38,0.2
7747,22,0.32,0.31
7748,62,0.5,0.31
7749,134,0.3,0.18
7750,158,0.2,0.3
7751,62,0.65,0.38
7752,162,0.35,0.26
7753,78,0.27,0.17
7754,82,0.44,0.11
7755,58,0.69,0.11
7756,75,0.26,0.38
7757,66,0.39,0.2
7758,84,0.62,0.18
7759,189,0.6,0.35
7760,104,0.28,0.11
7761,192,0.22,0.14
7762,86,0.29,0.33
7763,71,0.44,0.39
7764,48,0.6,0.2
7765,148,0.62,0.37
7766,63,0.69,0.37
7767,151,0.55,0.25
7768,130,0.75,0.18
7769,138,0.34,0.28
7770,61,0.68,0.32
7771,51,0.45,0.32
7772,131,0.46,0.4
7773,74,0.31,0.35
7774,60,0.68,0.13
7775,57,0.32,0.21
7776,159,0.71,0.32
7777,36,0.35,0.39
7778,76,0.33,0.14
7779,24,0.39,0.4
7780,197,0.22,0.32
7781,121,0.38,0.28
7782,171,0.3,0.22
7783,65,0.37,0.11
7784,196,0.4,0.39
7785,189,0.65,0.28
7786,144,0.26,0.38
7787,78,0.61,0.31
7788,142,0.66,0.38
7789,36,0.57,0.25
7790,124,0.23,0.2
7791,129,0.77,0.22
7792,63,0.23,0.38
7793,187,0.29,0.11
7794,123,0.47,0.36
7795,154,0.8,0.37
7796,150,0.55,0.2
7797,99,0.74,0.24
7798,64,0.59,0.15
7799,175,0.24,0.27
7800,111,0.23,0.17
7801,189,0.77,0.13
7802,115,0.37,0.14
7803,67,0.67,0.29
7804,108,0.7,0.39
7805,174,0.35,0.25
7806,66,0.56,0.16
7807,86,0.69,0.19
7808,125,0.39,0.18
7809,66,0.76,0.4
7810,153,0.25,0.26
7811,36,0.38,0.37
7812,136,0.35,0.12
7813,34,0.46,0.14
7814,80,0.79,0.24
7815,121,0.76,0.36
7816,183,0.71,0.22
7817,77,0.35,0.3
7818,79,0.4,0.2
7819,120,0.59,0.15
7820,44,0.63,0.2
7821,186,0.28,0.37
7822,101,0.55,0.39
7823,60,0.77,0.11
7824,146,0.75,0.34
7825,104,0.65,0.34
7826,192,0.7,0.2
7827,67,0.7,0.26
7828,125,0.59,0.15
7829,112,0.69,0.33
7830,164,0.6,0.26
7831,59,0.3,0.3
7832,59,0.79,0.23
7833,78,0.4,0.34
7834,133,0.39,0.26
7835,120,0.58,0.34
7836,189,0.69,0.15
7837,188,0.48,0.25
7838,141,0.21,0.24
7839,133,0.22,0.32
7840,152,0.39,0.21
7841,171,0.3,0.16
7842,54,0.28,0.38
7843,89,0.54,0.34
7844,153,0.7,0.28
7845,92,0.4,0.36
7846,43,0.64,0.21
7847,95,0.69,0.25
7848,24,0.49,0.25
7849,138,0.44,0.23
7850,85,0.35,0.22
7851,128,0.71,0.27
7852,92,0.7,0.36
7853,24,0.59,0.38
7854,129,0.56,0.36
7855,141,0.38,0.12
7856,28,0.63,0.19
7857,28,0.52,0.14
7858,132,0.35,0.19
7859,88,0.69,0.11
7860,113,0.52,0.2
7861,39,0.73,0.13
7862,128,0.69,0.1
7863,145,0.21,0.38
7864,66,0.67,0.28
7865,160,0.51,0.24
7866,185,0.32,0.25
7867,73,0.69,0.34
7868,88,0.29,0.29
7869,186,0.41,0.11
7870,23,0.56,0.4
7871,180,0.73,0.23
7872,132,0.78,0.19
7873,62,0.77,0.16
7874,185,0.7,0.2
7875,59,0.46,0.16
7876,136,0.65,0.21
7877,39,0.75,0.37
7878,145,0.36,0.39
7879,128,0.29,0.28
7880,116,0.47,0.36
7881,65,0.71,0.15
7882,84,0.35,0.17
7883,129,0.32,0.32
7884,50,0.68,0.12
7885,21,0.35,0.3
7886,163,0.62,0.2
7887,184,0.31,0.33
7888,43,0.64,0.37
7889,60,0.77,0.4
7890,153,0.7,0.26
7891,117,0.4,0.31
7892,76,0.55,0.36
7893,167,0.66,0.31
7894,135,0.77,0.29
7895,83,0.45,0.26
7896,57,0.55,0.2
7897,135,0.73,0.27
7898,128,0.24,0.2
7899,108,0.79,0.22
7900,133,0.46,0.25
7901,89,0.65,0.21
7902,163,0.22,0.18
7903,134,0.59,0.13
7904,46,0.47,0.24
7905,31,0.35,0.27
7906,161,0.28,0.2
7907,71,0.79,0.16
7908,166,0.42,0.34
7909,86,0.61,0.38
7910,24,0.69,0.36
7911,95,0.26,0.38
7912,164,0.79,0.36
7913,41,0.71,0.15
7914,101,0.52,0.14
7915,177,0.79,0.17
7916,56,0.33,0.1
7917,51,0.53,0.24
7918,73,0.43,0.28
7919,91,0.67,0.17
7920,183,0.64,0.37
7921,172,0.25,0.28
7922,33,0.44,0.33
7923,132,0.23,0.26
7924,28,0.68,0.32
7925,172,0.34,0.12
7926,150,0.32,0.28
7927,167,0.73,0.27
7928,184,0.67,0.1
7929,96,0.36,0.26
7930,35,0.34,0.26
7931,179,0.48,0.3
7932,103,0.71,0.26
7933,189,0.57,0.32
7934,32,0.58,0.35
7935,49,0.34,0.27
7936,63,0.74,0.38
7937,115,0.39,0.39
7938,98,0.61,0.16
7939,134,0.55,0.15
7940,132,0.59,0.16
7941,52,0.68,0.37
7942,95,0.6,0.27
7943,110,0.38,0.32
7944,190,0.35,0.32
7945,147,0.23,0.27
7946,53,0.64,0.36
7947,144,0.42,0.31
7948,73,0.56,0.23
7949,101,0.44,0.2
7950,171,0.26,0.36
7951,21,0.34,0.38
7952,34,0.57,0.27
7953,163,0.77,0.15
7954,158,0.28,0.39
7955,111,0.63,0.3
7956,162,0.44,0.11
7957,178,0.35,0.32
7958,182,0.51,0.39
7959,68,0.61,0.31
7960,121,0.63,0.38
7961,107,0.75,0.23
7962,96,0.45,0.2
7963,150,0.3,0.14
7964,32,0.54,0.33
7965,24,0.66,0.25
7966,41,0.73,0.1
7967,167,0.74,0.39
7968,193,0.51,0.38
7969,153,0.44,0.37
7970,98,0.65,0.27
7971,93,0.34,0.34
7972,23,0.76,0.25
7973,167,0.78,0.18
7974,56,0.28,0.11
7975,138,0.43,0.13
7976,22,0.38,0.22
7977,82,0.75,0.28
7978,174,0.68,0.25
7979,198,0.46,0.37
7980,98,0.52,0.29
7981,198,0.33,0.38
7982,73,0.63,0.38
7983,173,0.45,0.33
7984,52,0.23,0.2
7985,78,0.39,0.22
7986,80,0.25,0.23
7987,74,0.79,0.28
7988,43,0.79,0.3
7989,126,0.34,0.23
7990,188,0.63,0.2
7991,23,0.59,0.36
7992,65,0.31,0.23
7993,173,0.6,0.36
7994,76,0.27,0.37
7995,152,0.32,0.2
7996,89,0.26,0.29
7997,107,0.43,0.11
7998,180,0.58,0.34
7999,112,0.39,0.33
8000,64,0.61,0.23
8001,137,0.26,0.21
8002,30,0.59,0.22
8003,137,0.59,0.31
8004,56,0.46,0.14
8005,118,0.48,0.32
8006,98,0.22,0.25
8007,101,0.21,0.35
8008,147,0.23,0.25
8009,120,0.76,0.14
8010,193,0.28,0.17
8011,97,0.47,0.31
8012,145,0.2,0.16
8013,197,0.78,0.28
8014,149,0.52,0.2
8015,27,0.49,0.4
8016,173,0.61,0.29
8017,72,0.28,0.12
8018,52,0.67,0.29
8019,134,0.67,0.3
8020,131,0.56,0.27
8021,78,0.24,0.22
8022,72,0.25,0.29
8023,179,0.39,0.35
8024,134,0.49,0.39
8025,138,0.26,0.36
8026,188,0.28,0.12
8027,30,0.39,0.28
8028,124,0.28,0.21
8029,121,0.35,0.26
8030,129,0.59,0.39
8031,122,0.46,0.16
8032,196,0.61,0.19
8033,155,0.41,0.3
8034,186,0.57,0.26
8035,146,0.42,0.16
8036,149,0.58,0.32
8037,168,0.79,0.29
8038,164,0.74,0.35
8039,196,0.3,0.19
8040,173,0.3,0.15
8041,124,0.23,0.32
8042,36,0.6,0.22
8043,59,0.69,0.34
8044,71,0.79,0.1
8045,164,0.62,0.19
8046,37,0.61,0.21
8047,184,0.6,0.38
8048,117,0.8,0.37
8049,115,0.4,0.27
8050,22,0.73,0.14
8051,187,0.59,0.39
8052,162,0.58,0.11
8053,152,0.22,0.12
8054,34,0.45,0.18
8055,107,0.64,0.24
8056,29,0.42,0.13
8057,71,0.77,0.17
8058,62,0.45,0.29
8059,188,0.73,0.25
8060,53,0.49,0.26
8061,77,0.25,0.11
8062,72,0.33,0.14
8063,186,0.64,0.14
8064,153,0.78,0.3
8065,121,0.48,0.23
8066,140,0.23,0.37
8067,170,0.53,0.24
8068,130,0.24,0.17
8069,88,0.64,0.28
8070,86,0.7,0.4
8071,115,0.36,0.31
8072,105,0.26,0.19
8073,142,0.37,0.35
8074,125,0.29,0.29
8075,173,0.34,0.19
8076,62,0.45,0.39
8077,140,0.65,0.26
8078,197,0.53,0.4
8079,49,0.2,0.23
8080,38,0.39,0.29
8081,155,0.72,0.26
8082,43,0.61,0.17
8083,64,0.63,0.21
8084,190,0.42,0.36
8085,97,0.38,0.27
8086,58,0.67,0.29
8087,66,0.69,0.29
8088,130,0.65,0.35
8089,177,0.44,0.36
8090,167,0.56,0.24
8091,26,0.41,0.17
8092,163,0.59,0.37
8093,38,0.64,0.18
8094,119,0.2,0.19
8095,96,0.79,0.37
8096,135,0.79,0.13
8097,27,0.44,0.13
8098,199,0.48,0.38
8099,190,0.31,0.14
8100,142,0.76,0.25
8101,147,0.2,0.19
8102,196,0.69,0.38
8103,103,0.4,0.35
8104,155,0.35,0.37
8105,107,0.43,0.25
8106,178,0.77,0.23
8107,101,0.4,0.22
8108,151,0.35,0.38
8109,85,0.59,0.18
8110,177,0.5,0.15
8111,193,0.64,0.25
8112,150,0.54,0.39
8113,121,0.41,0.37
8114,175,0.26,0.17
8115,117,0.74,0.35
8116,193,0.66,0.32
8117,21,0.37,0.14
8118,26,0.27,0.14
8119,192,0.43,0.21
8120,94,0.4,0.16
8121,193,0.26,0.29
8122,80,0.79,0.39
8123,53,0.54,0.34
8124,107,0.23,0.39
8125,157,0.42,0.19
8126,20,0.48,0.18
8127,136,0.67,0.37
8128,43,0.78,0.31
8129,48,0.5,0.36
8130,100,0.46,0.28
8131,126,0.77,0.27
8132,142,0.59,0.34
8133,193,0.63,0.27
8134,56,0.23,0.27
8135,126,0.45,0.22
8136,164,0.69,0.12
8137,100,0.6,0.16
8138,195,0.38,0.22
8139,186,0.42,0.12
8140,25,0.51,0.13
8141,90,0.27,0.21
8142,55,0.44,0.14
8143,80,0.72,0.2
8144,22,0.37,0.3
8145,30,0.39,0.14
8146,140,0.76,0.2
8147,54,0.78,0.3
8148,139,0.8,0.29
8149,64,0.5,0.15
8150,124,0.5,0.25
8151,163,0.7,0.14
8152,109,0.71,0.37
8153,27,0.34,0.37
8154,54,0.31,0.36
8155,122,0.47,0.13
8156,102,0.73,0.4
8157,55,0.57,0.34
8158,184,0.59,0.22
8159,146,0.23,0.31
8160,37,0.29,0.18
8161,70,0.27,0.31
8162,142,0.62,0.4
8163,82,0.24,0.34
8164,61,0.76,0.4
8165,168,0.31,0.29
8166,32,0.59,0.13
8167,121,0.26,0.26
8168,163,0.5,0.38
8169,146,0.71,0.19
8170,133,0.74,0.36
8171,83,0.33,0.33
8172,123,0.61,0.35
8173,188,0.36,0.22
8174,73,0.79,0.29
8175,49,0.3,0.4
8176,122,0.66,0.13
8177,166,0.32,0.22
8178,67,0.48,0.4
8179,127,0.29,0.21
8180,96,0.58,0.15
8181,25,0.22,0.13
8182,88,0.5,0.37
8183,162,0.31,0.17
8184,146,0.29,0.36
8185,156,0.43,0.22
8186,128,0.35,0.23
8187,106,0.7,0.19
8188,122,0.57,0.37
8189,94,0.66,0.29
8190,189,0.48,0.36
8191,131,0.53,0.12
8192,73,0.48,0.15
8193,175,0.45,0.39
8194,145,0.58,0.24
8195,174,0.22,0.34
8196,100,0.69,0.33
8197,118,0.73,0.2
8198,61,0.52,0.16
8199,101,0.39,0.36
8200,187,0.44,0.35
8201,41,0.46,0.35
8202,121,0.68,0.35
8203,97,0.42,0.28
8204,22,0.45,0.37
8205,140,0.3,0.13
8206,104,0.48,0.38
8207,119,0.56,0.24
8208,20,0.25,0.24
8209,95,0.34,0.14
8210,50,0.36,0.17
8211,146,0.79,0.15
8212,180,0.62,0.35
8213,163,0.57,0.18
8214,151,0.37,0.25
8215,105,0.58,0.36
8216,161,0.31,0.16
8217,66,0.51,0.21
8218,174,0.23,0.26
8219,114,0.66,0.22
8220,104,0.63,0.19
8221,166,0.28,0.15
8222,75,0.76,0.21
8223,113,0.25,0.16
8224,88,0.35,0.23
8225,175,0.61,0.31
8226,44,0.43,0.23
8227,153,0.45,0.31
8228,49,0.45,0.36
8229,28,0.76,0.1
8230,155,0.78,0.26
8231,157,0.33,0.3
8232,80,0.38,0.4
8233,163,0.72,0.28
8234,190,0.29,0.16
8235,179,0.21,0.37
8236,66,0.77,0.37
8237,43,0.4,0.38
8238,200,0.68,0.18
8239,26,0.35,0.19
8240,100,0.55,0.25
8241,191,0.28,0.39
8242,110,0.42,0.37
8243,187,0.23,0.33
8244,32,0.76,0.37
8245,95,0.6,0.21
8246,192,0.21,0.2
8247,39,0.73,0.15
8248,183,0.47,0.12
8249,144,0.43,0.19
8250,117,0.75,0.16
8251,137,0.7,0.31
8252,194,0.32,0.11
8253,85,0.74,0.13
8254,74,0.48,0.37
8255,169,0.37,0.25
8256,177,0.55,0.18
8257,33,0.78,0.14
8258,76,0.75,0.28
8259,36,0.35,0.35
8260,74,0.73,0.26
8261,113,0.79,0.3
8262,134,0.4,0.38
8263,33,0.4,0.19
8264,50,0.44,0.33
8265,40,0.34,0.13
8266,85,0.21,0.12
8267,103,0.62,0.16
8268,187,0.27,0.15
8269,48,0.61,0.24
8270,132,0.63,0.4
8271,41,0.78,0.17
8272,126,0.58,0.33
8273,121,0.27,0.32
8274,152,0.41,0.37
8275,30,0.28,0.24
8276,98,0.25,0.26
8277,170,0.25,0.23
8278,137,0.8,0.21
8279,114,0.34,0.1
8280,77,0.42,0.2
8281,73,0.67,0.34
8282,118,0.35,0.12
8283,79,0.22,0.23
8284,126,0.73,0.12
8285,167,0.72,0.35
8286,78,0.56,0.33
8287,47,0.4,0.15
8288,193,0.66,0.26
8289,84,0.48,0.22
8290,162,0.59,0.39
8291,85,0.46,0.3
8292,129,0.41,0.25
8293,80,0.38,0.2
8294,153,0.41,0.32
8295,80,0.54,0.3
8296,74,0.77,0.4
8297,45,0.75,0.24
8298,128,0.45,0.17
8299,33,0.49,0.18
8300,101,0.64,0.1
8301,21,0.66,0.13
8302,158,0.57,0.16
8303,43,0.35,0.19
8304,39,0.7,0.36
8305,80,0.34,0.1
8306,185,0.75,0.35
8307,163,0.47,0.14
8308,163,0.35,0.3
8309,83,0.3,0.28
8310,153,0.22,0.26
8311,40,0.25,0.16
8312,169,0.32,0.32
8313,39,0.32,0.26
8314,153,0.65,0.32
8315,78,0.76,0.35
8316,25,0.53,0.12
8317,117,0.45,0.25
8318,155,0.56,0.37
8319,47,0.52,0.34
8320,123,0.48,0.35
8321,132,0.36,0.4
8322,99,0.31,0.18
8323,29,0.53,0.1
8324,173,0.35,0.34
8325,20,0.3,0.2
8326,162,0.66,0.32
8327,130,0.5,0.26
8328,134,0.54,0.3
8329,125,0.22,0.17
8330,73,0.75,0.38
8331,182,0.78,0.18
8332,90,0.74,0.37
8333,92,0.47,0.37
8334,193,0.56,0.28
8335,131,0.67,0.21
8336,163,0.76,0.15
8337,117,0.26,0.14
8338,33,0.28,0.31
8339,128,0.66,0.4
8340,37,0.78,0.19
8341,157,0.73,0.33
8342,108,0.37,0.14
8343,192,0.29,0.14
8344,73,0.32,0.23
8345,79,0.51,0.17
8346,167,0.35,0.29
8347,67,0.47,0.23
8348,190,0.73,0.2
8349,134,0.57,0.3
8350,176,0.25,0.25
8351,190,0.57,0.35
8352,163,0.43,0.21
8353,42,0.53,0.32
8354,139,0.55,0.39
8355,107,0.4,0.36
8356,197,0.54,0.13
8357,176,0.42,0.36
8358,155,0.46,0.17
8359,40,0.24,0.2
8360,126,0.23,0.18
8361,70,0.48,0.39
8362,89,0.54,0.19
8363,191,0.45,0.25
8364,130,0.57,0.35
8365,76,0.59,0.3
8366,138,0.37,0.19
8367,49,0.54,0.37
8368,140,0.52,0.13
8369,49,0.5,0.33
8370,181,0.8,0.27
8371,168,0.46,0.23
8372,188,0.73,0.12
8373,20,0.58,0.11
8374,200,0.62,0.25
8375,71,0.75,0.12
8376,40,0.51,0.23
8377,105,0.32,0.11
8378,109,0.26,0.15
8379,188,0.73,0.2
8380,87,0.35,0.21
8381,92,0.43,0.13
8382,113,0.76,0.34
8383,169,0.72,0.28
8384,135,0.35,0.35
8385,87,0.32,0.33
8386,135,0.67,0.16
8387,82,0.61,0.22
8388,130,0.63,0.23
8389,135,0.41,0.29
8390,144,0.36,0.18
8391,143,0.75,0.35
8392,181,0.24,0.18
8393,49,0.46,0.12
8394,157,0.6,0.24
8395,84,0.54,0.16
8396,86,0.68,0.24
8397,84,0.36,0.18
8398,121,0.71,0.26
8399,145,0.68,0.29
8400,113,0.55,0.29
8401,157,0.66,0.11
8402,136,0.29,0.2
8403,112,0.45,0.18
8404,76,0.77,0.21
8405,93,0.62,0.14
8406,197,0.21,0.22
8407,146,0.43,0.2
8408,174,0.59,0.27
8409,33,0.34,0.39
8410,199,0.47,0.27
8411,193,0.38,0.34
8412,190,0.22,0.21
8413,160,0.65,0.34
8414,35,0.31,0.34
8415,27,0.31,0.38
8416,124,0.55,0.22
8417,149,0.65,0.35
8418,46,0.68,0.15
8419,172,0.28,0.1
8420,36,0.49,0.23
8421,30,0.73,0.36
8422,26,0.43,0.4
8423,182,0.47,0.25
8424,108,0.46,0.17
8425,173,0.4,0.3
8426,198,0.39,0.38
8427,72,0.37,0.31
8428,94,0.45,0.2
8429,47,0.4,0.3
8430,192,0.37,0.27
8431,176,0.25,0.32
8432,36,0.23,0.35
8433,144,0.29,0.3
8434,129,0.35,0.19
8435,176,0.67,0.33
8436,174,0.65,0.39
8437,145,0.77,0.11
8438,43,0.36,0.24
8439,146,0.62,0.38
8440,125,0.24,0.26
8441,118,0.63,0.36
8442,156,0.29,0.11
8443,116,0.55,0.26
8444,64,0.41,0.19
8445,171,0.59,0.17
8446,97,0.79,0.18
8447,55,0.5,0.16
8448,180,0.28,0.17
8449,32,0.31,0.36
8450,74,0.75,0.35
8451,142,0.73,0.23
8452,136,0.59,0.24
8453,24,0.63,0.22
8454,132,0.74,0.18
8455,187,0.52,0.32
8456,67,0.42,0.28
8457,186,0.74,0.13
8458,26,0.52,0.11
8459,188,0.65,0.34
8460,105,0.32,0.27
8461,62,0.71,0.19
8462,93,0.78,0.18
8463,118,0.72,0.2
8464,130,0.38,0.32
8465,183,0.77,0.3
8466,121,0.51,0.11
8467,135,0.51,0.32
8468,195,0.36,0.22
8469,65,0.24,0.37
8470,111,0.62,0.23
8471,76,0.61,0.34
8472,49,0.8,0.13
8473,132,0.47,0.2
8474,106,0.26,0.36
8475,155,0.36,0.24
8476,65,0.58,0.1
8477,61,0.45,0.33
8478,196,0.31,0.21
8479,168,0.38,0.12
8480,95,0.65,0.36
8481,71,0.71,0.18
8482,35,0.38,0.29
8483,163,0.77,0.25
8484,61,0.34,0.15
8485,195,0.55,0.22
8486,82,0.32,0.26
8487,132,0.29,0.17
8488,109,0.62,0.28
8489,138,0.5,0.36
8490,91,0.22,0.18
8491,168,0.59,0.34
8492,115,0.56,0.32
8493,20,0.41,0.27
8494,156,0.32,0.23
8495,172,0.34,0.31
8496,77,0.64,0.25
8497,150,0.25,0.19
8498,165,0.4,0.12
8499,179,0.3,0.26
8500,147,0.78,0.25
8501,177,0.33,0.23
8502,82,0.69,0.2
8503,120,0.56,0.18
8504,103,0.29,0.38
8505,185,0.76,0.37
8506,151,0.29,0.23
8507,104,0.25,0.32
8508,121,0.39,0.21
8509,21,0.68,0.3
8510,138,0.31,0.22
8511,142,0.57,0.21
8512,146,0.44,0.3
8513,37,0.59,0.34
8514,150,0.3,0.34
8515,168,0.28,0.37
8516,191,0.4,0.4
8517,115,0.29,0.19
8518,187,0.29,0.27
8519,129,0.3,0.37
8520,39,0.25,0.17
8521,100,0.31,0.37
8522,108,0.58,0.1
8523,173,0.36,0.18
8524,182,0.42,0.34
8525,188,0.7,0.21
8526,154,0.69,0.25
8527,31,0.76,0.11
8528,44,0.45,0.28
8529,60,0.78,0.18
8530,95,0.29,0.32
8531,45,0.35,0.17
8532,166,0.35,0.35
8533,110,0.79,0.32
8534,60,0.59,0.11
8535,195,0.32,0.34
8536,91,0.65,0.39
8537,174,0.57,0.28
8538,122,0.7,0.19
8539,198,0.41,0.2
8540,31,0.3,0.26
8541,147,0.48,0.39
8542,178,0.62,0.19
8543,85,0.58,0.2
8544,166,0.55,0.39
8545,70,0.4,0.38
8546,195,0.57,0.25
8547,86,0.46,0.18
8548,114,0.51,0.13
8549,109,0.58,0.28
8550,115,0.52,0.33
8551,76,0.75,0.14
8552,169,0.69,0.36
8553,140,0.59,0.16
8554,84,0.8,0.19
8555,165,0.68,0.24
8556,54,0.61,0.33
8557,158,0.41,0.33
8558,183,0.45,0.38
8559,177,0.6,0.32
8560,193,0.69,0.24
8561,183,0.63,0.12
8562,86,0.76,0.19
8563,168,0.24,0.28
8564,111,0.43,0.4
8565,160,0.66,0.19
8566,26,0.6,0.14
8567,57,0.27,0.17
8568,63,0.72,0.19
8569,171,0.22,0.29
8570,93,0.21,0.15
8571,88,0.53,0.25
8572,54,0.52,0.39
8573,153,0.28,0.32
8574,168,0.27,0.35
8575,49,0.54,0.3
8576,123,0.79,0.12
8577,167,0.4,0.36
8578,61,0.62,0.27
8579,28,0.65,0.34
8580,143,0.29,0.19
8581,40,0.23,0.22
8582,166,0.54,0.18
8583,135,0.55,0.17
8584,70,0.3,0.26
8585,172,0.27,0.33
8586,69,0.51,0.26
8587,173,0.65,0.15
8588,20,0.29,0.15
8589,54,0.39,0.24
8590,166,0.4,0.33
8591,180,0.75,0.34
8592,170,0.57,0.16
8593,55,0.35,0.28
8594,88,0.64,0.25
8595,155,0.6,0.35
8596,182,0.25,0.25
8597,137,0.54,0.37
8598,128,0.31,0.18
8599,89,0.3,0.2
8600,79,0.33,0.16
8601,165,0.36,0.14
8602,156,0.57,0.34
8603,58,0.32,0.35
8604,68,0.54,0.36
8605,109,0.57,0.17
8606,31,0.42,0.14
8607,41,0.7,0.12
8608,169,0.71,0.35
8609,158,0.74,0.39
8610,43,0.25,0.15
8611,133,0.33,0.27
8612,195,0.28,0.13
8613,29,0.25,0.17
8614,91,0.53,0.18
8615,199,0.63,0.24
8616,199,0.62,0.11
8617,193,0.51,0.22
8618,144,0.61,0.13
8619,105,0.7,0.15
8620,81,0.22,0.12
8621,23,0.66,0.37
8622,131,0.29,0.38
8623,91,0.24,0.11
8624,33,0.41,0.17
8625,60,0.37,0.34
8626,91,0.67,0.4
8627,129,0.62,0.14
8628,150,0.29,0.4
8629,91,0.45,0.34
8630,118,0.57,0.28
8631,182,0.39,0.4
8632,135,0.54,0.25
8633,109,0.72,0.13
8634,26,0.52,0.2
8635,119,0.79,0.35
8636,42,0.77,0.31
8637,114,0.76,0.33
8638,191,0.38,0.18
8639,108,0.26,0.29
8640,170,0.63,0.29
8641,66,0.27,0.36
8642,191,0.39,0.3
8643,128,0.35,0.39
8644,109,0.59,0.25
8645,155,0.55,0.14
8646,156,0.36,0.21
8647,181,0.43,0.25
8648,112,0.46,0.37
8649,151,0.49,0.31
8650,194,0.76,0.22
8651,56,0.61,0.3
8652,62,0.51,0.34
8653,136,0.69,0.28
8654,197,0.32,0.38
8655,86,0.74,0.24
8656,167,0.66,0.13
8657,99,0.33,0.22
8658,185,0.31,0.22
8659,31,0.35,0.19
8660,69,0.72,0.32
8661,190,0.6,0.37
8662,154,0.25,0.24
8663,125,0.74,0.12
8664,54,0.24,0.38
8665,43,0.59,0.21
8666,198,0.55,0.34
8667,100,0.55,0.15
8668,116,0.62,0.17
8669,102,0.68,0.34
8670,173,0.24,0.33
8671,161,0.51,0.14
8672,155,0.77,0.23
8673,122,0.21,0.32
8674,98,0.23,0.27
8675,61,0.26,0.17
8676,64,0.34,0.1
8677,109,0.24,0.13
8678,125,0.25,0.23
8679,84,0.34,0.24
8680,198,0.37,0.32
8681,52,0.6,0.39
8682,143,0.42,0.37
8683,168,0.33,0.32
8684,153,0.67,0.14
8685,116,0.68,0.21
8686,189,0.57,0.16
8687,96,0.48,0.38
8688,86,0.55,0.13
8689,20,0.38,0.4
8690,90,0.66,0.32
8691,181,0.36,0.22
8692,172,0.46,0.38
8693,121,0.57,0.14
8694,73,0.76,0.16
8695,95,0.63,0.21
8696,30,0.58,0.15
8697,43,0.24,0.37
8698,72,0.6,0.39
8699,110,0.38,0.31
8700,116,0.59,0.14
8701,53,0.73,0.39
8702,124,0.2,0.3
8703,167,0.75,0.35
8704,75,0.61,0.25
8705,168,0.56,0.2
8706,87,0.61,0.22
8707,52,0.54,0.29
8708,40,0.38,0.35
8709,38,0.77,0.14
8710,36,0.41,0.36
8711,148,0.55,0.38
8712,51,0.68,0.29
8713,145,0.25,0.37
8714,45,0.57,0.22
8715,200,0.4,0.17
8716,171,0.4,0.16
8717,131,0.64,0.27
8718,124,0.64,0.19
8719,49,0.48,0.36
8720,152,0.38,0.37
8721,31,0.8,0.24
8722,38,0.31,0.14
8723,23,0.71,0.37
8724,113,0.37,0.26
8725,199,0.26,0.2
8726,80,0.25,0.13
8727,26,0.38,0.29
8728,117,0.24,0.3
8729,85,0.48,0.31
8730,86,0.26,0.36
8731,104,0.56,0.2
8732,53,0.6,0.23
8733,23,0.8,0.35
8734,134,0.79,0.22
8735,48,0.3,0.13
8736,118,0.71,0.11
8737,40,0.34,0.15
8738,98,0.22,0.11
8739,52,0.39,0.15
8740,21,0.76,0.31
8741,26,0.38,0.21
8742,41,0.62,0.14
8743,111,0.5,0.25
8744,75,0.52,0.28
8745,60,0.33,0.36
8746,89,0.28,0.19
8747,107,0.46,0.32
8748,159,0.23,0.33
8749,130,0.4,0.18
8750,85,0.6,0.39
8751,190,0.46,0.27
8752,179,0.73,0.27
8753,87,0.32,0.27
8754,31,0.42,0.4
8755,87,0.2,0.36
8756,113,0.35,0.27
8757,147,0.6,0.18
8758,188,0.39,0.37
8759,173,0.25,0.27
8760,68,0.7,0.37
8761,187,0.68,0.14
8762,154,0.42,0.29
8763,198,0.58,0.36
8764,167,0.42,0.32
8765,180,0.36,0.22
8766,53,0.36,0.15
8767,169,0.4,0.36
8768,112,0.22,0.18
8769,33,0.39,0.18
8770,59,0.28,0.14
8771,177,0.6,0.11
8772,61,0.48,0.26
8773,173,0.59,0.1
8774,188,0.5,0.19
8775,128,0.31,0.28
8776,135,0.55,0.14
8777,166,0.27,0.23
8778,53,0.33,0.12
8779,159,0.41,0.13
8780,176,0.28,0.16
8781,31,0.42,0.2
8782,49,0.38,0.31
8783,77,0.55,0.18
8784,116,0.66,0.33
8785,66,0.71,0.16
8786,57,0.49,0.25
8787,120,0.51,0.29
8788,99,0.55,0.2
8789,103,0.65,0.34
8790,111,0.51,0.36
8791,65,0.26,0.19
8792,178,0.67,0.11
8793,60,0.2,0.3
8794,66,0.59,0.12
8795,105,0.3,0.11
8796,37,0.53,0.21
8797,106,0.65,0.25
8798,192,0.67,0.18
8799,130,0.35,0.15
8800,148,0.39,0.19
8801,126,0.55,0.36
8802,136,0.39,0.32
8803,106,0.39,0.35
8804,182,0.59,0.37
8805,118,0.67,0.21
8806,75,0.66,0.12
8807,197,0.72,0.2
8808,115,0.79,0.16
8809,178,0.27,0.38
8810,151,0.48,0.17
8811,38,0.77,0.12
8812,65,0.21,0.39
8813,161,0.42,0.18
8814,161,0.3,0.16
8815,135,0.22,0.21
8816,188,0.76,0.31
8817,89,0.27,0.31
8818,199,0.45,0.34
8819,96,0.27,0.14
8820,170,0.3,0.23
8821,180,0.45,0.36
8822,58,0.57,0.13
8823,51,0.24,0.17
8824,31,0.41,0.17
8825,37,0.63,0.38
8826,193,0.37,0.19
8827,91,0.34,0.15
8828,159,0.73,0.14
8829,117,0.47,0.12
8830,115,0.34,0.12
8831,97,0.46,0.28
8832,23,0.61,0.28
8833,158,0.65,0.29
8834,90,0.63,0.16
8835,44,0.23,0.32
8836,120,0.65,0.37
8837,97,0.48,0.16
8838,139,0.25,0.19
8839,171,0.68,0.25
8840,41,0.54,0.16
8841,153,0.28,0.4
8842,141,0.31,0.34
8843,41,0.66,0.32
8844,85,0.71,0.14
8845,41,0.44,0.3
8846,55,0.62,0.14
8847,83,0.31,0.18
8848,44,0.79,0.23
8849,169,0.66,0.13
8850,37,0.47,0.24
8851,101,0.51,0.26
8852,181,0.6,0.31
8853,163,0.5,0.11
8854,76,0.23,0.3
8855,32,0.39,0.14
8856,36,0.38,0.33
8857,47,0.23,0.16
8858,82,0.6,0.1
8859,159,0.38,0.2
8860,172,0.7,0.17
8861,81,0.42,0.28
8862,121,0.28,0.22
8863,190,0.29,0.26
8864,146,0.59,0.36
8865,74,0.28,0.1
8866,61,0.52,0.15
8867,105,0.7,0.17
8868,62,0.55,0.13
8869,63,0.41,0.4
8870,21,0.69,0.22
8871,57,0.52,0.18
8872,104,0.42,0.11
8873,61,0.22,0.18
8874,83,0.22,0.22
8875,197,0.25,0.16
8876,22,0.42,0.38
8877,107,0.3,0.11
8878,112,0.46,0.19
8879,45,0.72,0.2
8880,111,0.48,0.3
8881,66,0.25,0.32
8882,82,0.24,0.18
8883,169,0.36,0.31
8884,50,0.66,0.33
8885,118,0.61,0.2
8886,171,0.77,0.15
8887,124,0.44,0.38
8888,75,0.54,0.35
8889,147,0.46,0.25
8890,71,0.54,0.25
8891,23,0.49,0.17
8892,194,0.78,0.3
8893,189,0.78,0.14
8894,61,0.7,0.28
8895,173,0.58,0.34
8896,151,0.4,0.22
8897,90,0.77,0.36
8898,35,0.42,0.3
8899,117,0.5,0.29
8900,88,0.77,0.19
8901,44,0.25,0.31
8902,195,0.7,0.37
8903,114,0.23,0.14
8904,40,0.39,0.14
8905,117,0.67,0.39
8906,190,0.77,0.27
8907,114,0.37,0.25
8908,53,0.27,0.29
8909,192,0.31,0.35
8910,115,0.35,0.16
8911,181,0.62,0.19
8912,33,0.77,0.32
8913,102,0.22,0.13
8914,192,0.61,0.21
8915,24,0.38,0.29
8916,152,0.59,0.27
8917,69,0.67,0.21
8918,86,0.72,0.37
8919,197,0.54,0.15
8920,162,0.4,0.33
8921,90,0.36,0.17
8922,49,0.52,0.34
8923,181,0.24,0.17
8924,65,0.29,0.32
8925,22,0.29,0.15
8926,67,0.64,0.24
8927,69,0.21,0.2
8928,95,0.56,0.32
8929,102,0.57,0.11
8930,132,0.52,0.21
8931,70,0.8,0.33
8932,61,0.75,0.1
8933,157,0.35,0.23
8934,103,0.43,0.25
8935,115,0.71,0.23
8936,151,0.22,0.28
8937,127,0.27,0.23
8938,25,0.36,0.29
8939,152,0.25,0.38
8940,162,0.41,0.2
8941,94,0.75,0.39
8942,129,0.71,0.12
8943,57,0.75,0.2
8944,112,0.64,0.36
8945,26,0.61,0.34
8946,92,0.74,0.21
8947,123,0.55,0.32
8948,50,0.33,0.34
8949,52,0.21,0.1
8950,163,0.79,0.18
8951,24,0.24,0.21
8952,81,0.28,0.31
8953,102,0.58,0.1
8954,125,0.45,0.2
8955,142,0.48,0.32
8956,26,0.51,0.39
8957,126,0.31,0.34
8958,152,0.79,0.19
8959,154,0.68,0.19
8960,143,0.4,0.29
8961,145,0.54,0.35
8962,48,0.71,0.21
8963,88,0.66,0.24
8964,163,0.62,0.23
8965,70,0.48,0.28
8966,26,0.75,0.27
8967,197,0.38,0.35
8968,199,0.5,0.23
8969,125,0.49,0.3
8970,96,0.47,0.35
8971,123,0.53,0.31
8972,98,0.73,0.3
8973,89,0.43,0.33
8974,75,0.79,0.32
8975,193,0.49,0.3
8976,200,0.56,0.32
8977,68,0.28,0.15
8978,152,0.23,0.32
8979,109,0.44,0.24
8980,86,0.33,0.31
8981,76,0.35,0.14
8982,169,0.28,0.29
8983,196,0.29,0.16
8984,61,0.2,0.17
8985,177,0.71,0.18
8986,99,0.45,0.39
8987,86,0.58,0.35
8988,114,0.72,0.29
8989,25,0.51,0.22
8990,159,0.55,0.37
8991,64,0.42,0.3
8992,20,0.45,0.11
8993,76,0.58,0.2
8994,96,0.41,0.29
8995,176,0.33,0.23
8996,84,0.5,0.25
8997,181,0.5,0.31
8998,49,0.3,0.2
8999,33,0.28,0.31
9000,95,0.51,0.33
9001,150,0.32,0.24
9002,132,0.53,0.39
9003,93,0.76,0.22
9004,81,0.57,0.36
9005,109,0.46,0.32
9006,125,0.46,0.28
9007,20,0.33,0.26
9008,145,0.2,0.25
9009,76,0.35,0.34
9010,94,0.36,0.18
9011,123,0.5,0.18
9012,197,0.68,0.21
9013,137,0.44,0.3
9014,163,0.62,0.36
9015,110,0.58,0.21
9016,150,0.39,0.36
9017,113,0.59,0.11
9018,197,0.64,0.37
9019,167,0.35,0.21
9020,24,0.6,0.39
9021,71,0.52,0.32
9022,21,0.36,0.22
9023,41,0.79,0.27
9024,32,0.33,0.24
9025,127,0.27,0.17
9026,147,0.47,0.31
9027,125,0.71,0.35
9028,26,0.25,0.36
9029,145,0.23,0.12
9030,57,0.4,0.21
9031,59,0.32,0.36
9032,28,0.67,0.13
9033,84,0.7,0.24
9034,106,0.68,0.29
9035,84,0.3,0.1
9036,129,0.61,0.34
9037,165,0.23,0.2
9038,74,0.77,0.23
9039,106,0.65,0.12
9040,60,0.39,0.11
9041,43,0.33,0.1
9042,151,0.46,0.15
9043,114,0.6,0.17
9044,32,0.61,0.25
9045,172,0.45,0.17
9046,186,0.59,0.24
9047,102,0.45,0.25
9048,123,0.59,0.33
9049,146,0.35,0.39
9050,40,0.66,0.25
9051,68,0.43,0.2
9052,136,0.33,0.31
9053,46,0.42,0.31
9054,146,0.55,0.35
9055,52,0.42,0.27
9056,115,0.55,0.28
9057,123,0.2,0.27
9058,194,0.61,0.15
9059,141,0.4,0.17
9060,39,0.26,0.25
9061,37,0.49,0.3
9062,59,0.34,0.3
9063,172,0.6,0.25
9064,120,0.78,0.13
9065,74,0.56,0.25
9066,140,0.2,0.15
9067,75,0.31,0.29
9068,185,0.26,0.15
9069,164,0.42,0.32
9070,64,0.36,0.36
9071,111,0.34,0.23
9072,36,0.74,0.19
9073,52,0.69,0.18
9074,142,0.34,0.39
9075,80,0.44,0.2
9076,106,0.36,0.33
9077,181,0.39,0.23
9078,50,0.27,0.21
9079,50,0.31,0.12
9080,103,0.54,0.35
9081,89,0.49,0.17
9082,80,0.35,0.36
9083,181,0.78,0.31
9084,120,0.55,0.16
9085,70,0.27,0.27
9086,148,0.7,0.18
9087,152,0.42,0.4
9088,48,0.25,0.25
9089,198,0.62,0.3
9090,105,0.25,0.3
9091,98,0.53,0.36
9092,59,0.43,0.1
9093,153,0.56,0.25
9094,23,0.56,0.22
9095,48,0.5,0.29
9096,157,0.79,0.29
9097,118,0.33,0.35
9098,82,0.52,0.29
9099,37,0.29,0.22
9100,42,0.62,0.28
9101,91,0.72,0.15
9102,169,0.45,0.33
9103,191,0.58,0.37
9104,120,0.75,0.17
9105,150,0.59,0.26
9106,134,0.53,0.21
9107,65,0.36,0.3
9108,83,0.49,0.17
9109,136,0.69,0.4
9110,110,0.32,0.39
9111,26,0.36,0.27
9112,30,0.39,0.23
9113,170,0.37,0.11
9114,142,0.43,0.38
9115,50,0.62,0.25
9116,182,0.68,0.29
9117,112,0.73,0.25
9118,164,0.65,0.22
9119,186,0.37,0.17
9120,60,0.2,0.38
9121,50,0.8,0.18
9122,23,0.78,0.14
9123,110,0.77,0.23
9124,148,0.27,0.11
9125,94,0.61,0.14
9126,107,0.74,0.19
9127,75,0.38,0.1
9128,59,0.71,0.3
9129,176,0.43,0.25
9130,70,0.64,0.12
9131,67,0.36,0.11
9132,194,0.68,0.32
9133,162,0.21,0.25
9134,25,0.77,0.31
9135,107,0.31,0.22
9136,157,0.37,0.19
9137,190,0.67,0.15
9138,84,0.48,0.17
9139,171,0.28,0.3
9140,85,0.26,0.39
9141,77,0.56,0.3
9142,160,0.62,0.31
9143,44,0.77,0.12
9144,30,0.68,0.13
9145,122,0.31,0.38
9146,69,0.39,0.2
9147,102,0.47,0.16
9148,20,0.58,0.29
9149,46,0.5,0.24
9150,151,0.67,0.21
9151,108,0.42,0.12
9152,168,0.74,0.28
9153,151,0.22,0.33
9154,145,0.7,0.38
9155,118,0.29,0.34
9156,150,0.34,0.24
9157,89,0.63,0.32
9158,61,0.49,0.2
9159,75,0.37,0.14
9160,118,0.2,0.15
9161,160,0.62,0.18
9162,138,0.7,0.31
9163,195,0.74,0.12
9164,39,0.71,0.22
9165,165,0.56,0.28
9166,200,0.21,0.36
9167,106,0.35,0.28
9168,176,0.62,0.26
9169,27,0.7,0.22
9170,33,0.5,0.37
9171,123,0.5,0.24
9172,24,0.52,0.27
9173,99,0.55,0.28
9174,195,0.63,0.11
9175,67,0.51,0.39
9176,33,0.53,0.16
9177,23,0.49,0.31
9178,26,0.48,0.39
9179,95,0.49,0.36
9180,184,0.26,0.39
9181,111,0.28,0.18
9182,68,0.61,0.15
9183,67,0.44,0.36
9184,183,0.51,0.35
9185,64,0.45,0.16
9186,20,0.29,0.39
9187,159,0.8,0.36
9188,41,0.52,0.31
9189,172,0.5,0.38
9190,159,0.53,0.27
9191,94,0.5,0.22
9192,181,0.65,0.32
9193,154,0.31,0.32
9194,75,0.74,0.19
9195,108,0.24,0.33
9196,88,0.67,0.21
9197,189,0.36,0.33
9198,120,0.21,0.18
9199,37,0.39,0.14
9200,175,0.32,0.35
9201,48,0.73,0.24
9202,154,0.53,0.29
9203,34,0.6,0.26
9204,86,0.31,0.22
9205,43,0.47,0.35
9206,75,0.32,0.23
9207,183,0.53,0.19
9208,109,0.23,0.39
9209,80,0.33,0.18
9210,138,0.38,0.38
9211,178,0.42,0.3
9212,39,0.44,0.3
9213,57,0.7,0.1
9214,48,0.43,0.13
9215,55,0.63,0.39
9216,59,0.52,0.22
9217,87,0.27,0.34
9218,147,0.25,0.22
9219,55,0.61,0.22
9220,137,0.47,0.39
9221,173,0.52,0.38
9222,193,0.31,0.19
9223,160,0.6,0.19
9224,63,0.68,0.13
9225,145,0.68,0.3
9226,105,0.4,0.11
9227,25,0.44,0.34
9228,27,0.33,0.37
9229,187,0.66,0.18
9230,53,0.71,0.33
9231,167,0.53,0.3
9232,23,0.57,0.35
9233,105,0.61,0.28
9234,117,0.62,0.26
9235,139,0.53,0.14
9236,193,0.25,0.27
9237,135,0.27,0.31
9238,21,0.2,0.19
9239,197,0.76,0.28
9240,26,0.66,0.27
9241,106,0.36,0.36
9242,83,0.66,0.12
9243,69,0.74,0.18
9244,50,0.7,0.11
9245,69,0.35,0.24
9246,83,0.43,0.14
9247,131,0.49,0.32
9248,179,0.4,0.38
9249,128,0.45,0.19
9250,153,0.7,0.28
9251,50,0.66,0.23
9252,50,0.27,0.14
9253,62,0.36,0.12
9254,70,0.57,0.16
9255,58,0.39,0.15
9256,133,0.55,0.32
9257,141,0.43,0.36
9258,173,0.4,0.28
9259,35,0.65,0.37
9260,105,0.6,0.11
9261,127,0.55,0.38
9262,127,0.21,0.34
9263,98,0.29,0.14
9264,82,0.51,0.2
9265,192,0.33,0.37
9266,71,0.55,0.17
9267,81,0.61,0.3
9268,64,0.56,0.4
9269,79,0.36,0.39
9270,138,0.79,0.18
9271,87,0.61,0.34
9272,107,0.51,0.1
9273,61,0.68,0.27
9274,179,0.39,0.33
9275,127,0.54,0.22
9276,57,0.72,0.3
9277,164,0.41,0.27
9278,121,0.78,0.2
9279,170,0.31,0.26
9280,120,0.72,0.14
9281,143,0.32,0.23
9282,116,0.56,0.1
9283,171,0.56,0.23
9284,37,0.31,0.12
9285,157,0.36,0.18
9286,151,0.67,0.32
9287,52,0.41,0.27
9288,66,0.77,0.15
9289,91,0.22,0.16
9290,97,0.63,0.18
9291,68,0.51,0.21
9292,35,0.36,0.39
9293,182,0.22,0.28
9294,193,0.21,0.27
9295,109,0.34,0.33
9296,105,0.38,0.25
9297,29,0.39,0.19
9298,148,0.62,0.26
9299,161,0.55,0.23
9300,40,0.36,0.19
9301,142,0.38,0.22
9302,39,0.79,0.25
9303,194,0.41,0.23
9304,100,0.76,0.15
9305,43,0.44,0.37
9306,75,0.24,0.24
9307,87,0.54,0.4
9308,157,0.49,0.33
9309,159,0.66,0.36
9310,101,0.59,0.11
9311,64,0.7,0.16
9312,173,0.36,0.21
9313,44,0.65,0.17
9314,95,0.22,0.21
9315,173,0.5,0.19
9316,46,0.73,0.22
9317,105,0.26,0.24
9318,23,0.43,0.39
9319,199,0.58,0.37
9320,198,0.42,0.19
9321,162,0.26,0.24
9322,110,0.48,0.15
9323,195,0.58,0.38
9324,161,0.33,0.11
9325,150,0.35,0.11
9326,171,0.35,0.28
9327,98,0.39,0.2
9328,116,0.77,0.25
9329,64,0.7,0.25
9330,23,0.63,0.2
9331,104,0.76,0.21
9332,160,0.75,0.3
9333,42,0.59,0.28
9334,192,0.53,0.39
9335,35,0.47,0.15
9336,64,0.22,0.16
9337,167,0.45,0.13
9338,87,0.69,0.18
9339,55,0.8,0.19
9340,60,0.31,0.32
9341,187,0.67,0.39
9342,197,0.69,0.27
9343,115,0.34,0.28
9344,115,0.5,0.28
9345,83,0.77,0.1
9346,72,0.74,0.31
9347,93,0.66,0.26
9348,28,0.76,0.1
9349,166,0.52,0.35
9350,178,0.72,0.39
9351,90,0.22,0.28
9352,114,0.76,0.36
9353,156,0.45,0.16
9354,63,0.69,0.32
9355,172,0.48,0.15
9356,182,0.58,0.15
9357,157,0.6,0.29
9358,113,0.7,0.24
9359,26,0.27,0.15
9360,132,0.36,0.32
9361,150,0.59,0.33
9362,104,0.37,0.36
9363,120,0.48,0.29
9364,24,0.68,0.22
9365,118,0.47,0.29
9366,90,0.32,0.16
9367,165,0.31,0.4
9368,199,0.66,0.39
9369,158,0.35,0.35
9370,156,0.73,0.39
9371,22,0.28,0.2
9372,164,0.25,0.33
9373,34,0.77,0.39
9374,183,0.79,0.21
9375,171,0.33,0.36
9376,91,0.65,0.4
9377,87,0.62,0.36
9378,96,0.75,0.24
9379,48,0.21,0.31
9380,59,0.56,0.31
9381,163,0.7,0.27
9382,129,0.56,0.14
9383,143,0.69,0.33
9384,154,0.65,0.17
9385,84,0.59,0.25
9386,52,0.77,0.38
9387,152,0.24,0.38
9388,106,0.39,0.39
9389,176,0.69,0.2
9390,79,0.23,0.29
9391,182,0.75,0.17
9392,76,0.43,0.32
9393,157,0.75,0.12
9394,183,0.34,0.2
9395,121,0.52,0.11
9396,135,0.51,0.3
9397,139,0.6,0.19
9398,95,0.8,0.17
9399,24,0.77,0.31
9400,193,0.35,0.4
9401,133,0.48,0.22
9402,66,0.71,0.4
9403,196,0.41,0.24
9404,80,0.29,0.21
9405,82,0.5,0.17
9406,56,0.37,0.39
9407,55,0.65,0.34
9408,22,0.72,0.18
9409,145,0.38,0.33
9410,150,0.49,0.29
9411,114,0.58,0.28
9412,82,0.29,0.25
9413,66,0.37,0.25
9414,40,0.51,0.39
9415,110,0.55,0.23
9416,175,0.4,0.24
9417,109,0.39,0.28
9418,97,0.47,0.14
9419,106,0.71,0.18
9420,161,0.48,0.37
9421,163,0.32,0.38
9422,168,0.71,0.36
9423,46,0.72,0.21
9424,115,0.37,0.1
9425,148,0.53,0.38
9426,37,0.5,0.2
9427,189,0.67,0.17
9428,137,0.61,0.12
9429,167,0.55,0.12
9430,199,0.5,0.31
9431,40,0.7,0.14
9432,158,0.33,0.28
9433,87,0.49,0.32
9434,50,0.6,0.26
9435,147,0.57,0.14
9436,105,0.35,0.11
9437,96,0.66,0.22
9438,109,0.5,0.4
9439,46,0.35,0.27
9440,86,0.72,0.2
9441,71,0.23,0.17
9442,105,0.44,0.38
9443,180,0.33,0.26
9444,59,0.44,0.19
9445,32,0.31,0.33
9446,127,0.58,0.31
9447,122,0.36,0.14
9448,63,0.5,0.36
9449,135,0.57,0.38
9450,92,0.62,0.17
9451,146,0.21,0.18
9452,157,0.21,0.24
9453,110,0.47,0.15
9454,64,0.72,0.16
9455,158,0.56,0.1
9456,181,0.31,0.16
9457,47,0.78,0.16
9458,192,0.59,0.14
9459,159,0.62,0.2
9460,177,0.69,0.35
9461,120,0.63,0.2
9462,136,0.69,0.13
9463,175,0.52,0.37
9464,141,0.24,0.2
9465,163,0.56,0.11
9466,124,0.63,0.16
9467,154,0.23,0.13
9468,87,0.73,0.14
9469,183,0.72,0.28
9470,198,0.25,0.35
9471,174,0.24,0.15
9472,34,0.28,0.29
9473,73,0.21,0.36
9474,126,0.61,0.26
9475,120,0.4,0.25
9476,80,0.48,0.12
9477,49,0.33,0.31
9478,121,0.24,0.32
9479,142,0.37,0.2
9480,134,0.42,0.32
9481,33,0.73,0.18
9482,111,0.79,0.24
9483,29,0.38,0.23
9484,31,0.28,0.2
9485,191,0.56,0.33
9486,99,0.63,0.18
9487,22,0.3,0.16
9488,127,0.22,0.26
9489,159,0.52,0.39
9490,185,0.77,0.2
9491,133,0.72,0.17
9492,171,0.55,0.32
9493,28,0.53,0.37
9494,123,0.53,0.2
9495,101,0.25,0.22
9496,105,0.29,0.2
9497,74,0.68,0.19
9498,76,0.42,0.15
9499,189,0.25,0.24
9500,193,0.7,0.33
9501,72,0.2,0.4
9502,191,0.73,0.22
9503,168,0.47,0.19
9504,138,0.56,0.26
9505,42,0.64,0.29
9506,81,0.5,0.32
9507,22,0.37,0.17
9508,34,0.56,0.29
9509,196,0.2,0.21
9510,70,0.76,0.29
9511,193,0.53,0.38
9512,111,0.69,0.28
9513,57,0.59,0.4
9514,82,0.29,0.28
9515,36,0.74,0.15
9516,108,0.32,0.37
9517,54,0.26,0.15
9518,37,0.8,0.35
9519,48,0.63,0.38
9520,54,0.74,0.4
9521,119,0.5,0.16
9522,162,0.28,0.18
9523,28,0.27,0.37
9524,144,0.39,0.18
9525,104,0.47,0.32
9526,174,0.47,0.17
9527,131,0.72,0.14
9528,99,0.62,0.2
9529,146,0.46,0.35
9530,156,0.44,0.37
9531,58,0.64,0.24
9532,58,0.55,0.18
9533,27,0.68,0.25
9534,54,0.63,0.25
9535,25,0.34,0.24
9536,186,0.62,0.19
9537,160,0.56,0.36
9538,76,0.36,0.24
9539,128,0.43,0.19
9540,188,0.74,0.19
9541,89,0.63,0.25
9542,128,0.45,0.15
9543,131,0.34,0.11
9544,37,0.49,0.27
9545,109,0.51,0.22
9546,106,0.49,0.17
9547,46,0.36,0.3
9548,41,0.7,0.14
9549,186,0.61,0.38
9550,77,0.66,0.38
9551,70,0.56,0.23
9552,159,0.75,0.1
9553,34,0.35,0.23
9554,39,0.76,0.21
9555,158,0.2,0.39
9556,111,0.37,0.16
9557,62,0.73,0.32
9558,109,0.48,0.3
9559,35,0.48,0.23
9560,45,0.36,0.18
9561,151,0.53,0.36
9562,163,0.3,0.23
9563,57,0.57,0.24
9564,182,0.39,0.14
9565,21,0.54,0.39
9566,69,0.6,0.23
9567,198,0.39,0.32
9568,192,0.59,0.3
9569,87,0.6,0.25
9570,21,0.27,0.13
9571,100,0.66,0.18
9572,200,0.35,0.21
9573,103,0.58,0.16
9574,163,0.39,0.18
9575,106,0.45,0.18
9576,127,0.72,0.2
9577,23,0.54,0.37
9578,195,0.41,0.2
9579,135,0.77,0.2
9580,62,0.75,0.17
9581,92,0.47,0.2
9582,155,0.65,0.15
9583,35,0.71,0.18
9584,191,0.73,0.22
9585,32,0.77,0.14
9586,79,0.37,0.25
9587,28,0.53,0.34
9588,32,0.29,0.3
9589,94,0.26,0.2
9590,133,0.4,0.22
9591,29,0.43,0.13
9592,104,0.45,0.31
9593,91,0.48,0.25
9594,34,0.59,0.29
9595,106,0.46,0.35
9596,175,0.26,0.28
9597,23,0.44,0.37
9598,192,0.49,0.14
9599,181,0.63,0.19
9600,119,0.71,0.13
9601,147,0.47,0.38
9602,74,0.7,0.31
9603,40,0.22,0.15
9604,97,0.23,0.28
9605,100,0.75,0.13
9606,87,0.33,0.13
9607,63,0.21,0.21
9608,193,0.58,0.13
9609,185,0.72,0.24
9610,61,0.38,0.23
9611,144,0.75,0.32
9612,177,0.42,0.24
9613,122,0.24,0.21
9614,59,0.73,0.21
9615,36,0.5,0.35
9616,107,0.6,0.21
9617,126,0.71,0.39
9618,84,0.27,0.18
9619,98,0.71,0.3
9620,185,0.54,0.37
9621,37,0.66,0.28
9622,186,0.38,0.26
9623,135,0.35,0.19
9624,106,0.7,0.26
9625,88,0.71,0.38
9626,181,0.28,0.18
9627,79,0.32,0.12
9628,33,0.54,0.24
9629,106,0.78,0.11
9630,125,0.72,0.26
9631,78,0.56,0.29
9632,177,0.57,0.34
9633,102,0.53,0.17
9634,196,0.21,0.2
9635,100,0.8,0.3
9636,93,0.36,0.2
9637,185,0.29,0.11
9638,141,0.73,0.14
9639,57,0.76,0.16
9640,55,0.63,0.11
9641,162,0.29,0.19
9642,127,0.26,0.15
9643,35,0.6,0.11
9644,197,0.77,0.15
9645,103,0.51,0.24
9646,125,0.31,0.22
9647,170,0.38,0.23
9648,135,0.5,0.36
9649,161,0.72,0.24
9650,77,0.73,0.11
9651,131,0.6,0.2
9652,39,0.52,0.28
9653,162,0.39,0.34
9654,144,0.31,0.24
9655,110,0.73,0.25
9656,107,0.49,0.36
9657,116,0.75,0.28
9658,195,0.56,0.23
9659,36,0.69,0.2
9660,173,0.53,0.24
9661,175,0.62,0.25
9662,41,0.5,0.11
9663,198,0.28,0.28
9664,104,0.23,0.16
9665,94,0.69,0.23
9666,63,0.6,0.12
9667,163,0.35,0.26
9668,41,0.31,0.22
9669,161,0.76,0.15
9670,197,0.43,0.21
9671,27,0.77,0.13
9672,136,0.73,0.27
9673,113,0.31,0.26
9674,23,0.8,0.11
9675,85,0.53,0.18
9676,99,0.7,0.19
9677,146,0.61,0.15
9678,117,0.58,0.24
9679,125,0.48,0.2
9680,154,0.58,0.12
9681,20,0.5,0.3
9682,56,0.26,0.36
9683,118,0.26,0.37
9684,162,0.65,0.39
9685,165,0.73,0.35
9686,43,0.77,0.15
9687,154,0.62,0.29
9688,42,0.68,0.35
9689,152,0.53,0.23
9690,190,0.68,0.29
9691,188,0.75,0.35
9692,170,0.78,0.16
9693,41,0.76,0.35
9694,101,0.62,0.21
9695,139,0.72,0.15
9696,40,0.79,0.32
9697,169,0.41,0.31
9698,93,0.23,0.37
9699,115,0.64,0.25
9700,36,0.23,0.23
9701,97,0.78,0.37
9702,165,0.79,0.16
9703,48,0.62,0.39
9704,162,0.52,0.36
9705,143,0.78,0.33
9706,141,0.36,0.16
9707,105,0.54,0.28
9708,63,0.8,0.24
9709,200,0.49,0.22
9710,187,0.72,0.26
9711,193,0.25,0.39
9712,131,0.44,0.15
9713,95,0.75,0.19
9714,111,0.38,0.28
9715,187,0.34,0.17
9716,165,0.28,0.13
9717,156,0.21,0.39
9718,134,0.71,0.36
9719,93,0.43,0.32
9720,102,0.29,0.38
9721,24,0.5,0.27
9722,101,0.51,0.18
9723,43,0.51,0.29
9724,122,0.3,0.23
9725,168,0.31,0.17
9726,73,0.22,0.23
9727,22,0.4,0.25
9728,130,0.54,0.1
9729,174,0.64,0.32
9730,72,0.69,0.24
9731,166,0.22,0.32
9732,181,0.39,0.4
9733,140,0.54,0.24
9734,168,0.34,0.29
9735,166,0.57,0.27
9736,50,0.29,0.27
9737,145,0.32,0.32
9738,20,0.44,0.38
9739,93,0.42,0.13
9740,150,0.26,0.27
9741,92,0.29,0.29
9742,88,0.67,0.23
9743,91,0.36,0.22
9744,193,0.3,0.27
9745,25,0.41,0.23
9746,31,0.68,0.14
9747,184,0.52,0.18
9748,31,0.62,0.28
9749,35,0.66,0.13
9750,27,0.79,0.24
9751,152,0.79,0.35
9752,83,0.45,0.22
9753,185,0.64,0.24
9754,130,0.26,0.13
9755,82,0.74,0.12
9756,137,0.7,0.29
9757,37,0.77,0.27
9758,85,0.33,0.38
9759,195,0.21,0.37
9760,104,0.68,0.16
9761,106,0.28,0.34
9762,110,0.73,0.38
9763,198,0.57,0.32
9764,154,0.36,0.39
9765,141,0.35,0.2
9766,145,0.56,0.18
9767,135,0.75,0.12
9768,116,0.73,0.37
9769,95,0.37,0.18
9770,89,0.26,0.34
9771,23,0.39,0.35
9772,176,0.32,0.19
9773,24,0.6,0.14
9774,121,0.77,0.32
9775,192,0.66,0.39
9776,112,0.7,0.21
9777,83,0.67,0.21
9778,33,0.6,0.17
9779,41,0.59,0.35
9780,91,0.41,0.28
9781,199,0.78,0.15
9782,53,0.51,0.2
9783,47,0.38,0.19
9784,139,0.39,0.2
9785,86,0.77,0.37
9786,109,0.67,0.34
9787,164,0.51,0.34
9788,153,0.73,0.21
9789,70,0.43,0.22
9790,197,0.68,0.35
9791,128,0.37,0.29
9792,49,0.68,0.25
9793,196,0.73,0.28
9794,21,0.78,0.1
9795,44,0.56,0.19
9796,154,0.24,0.32
9797,100,0.44,0.26
9798,136,0.35,0.29
9799,114,0.73,0.12
9800,65,0.37,0.31
9801,139,0.61,0.36
9802,133,0.67,0.1
9803,101,0.73,0.38
9804,32,0.43,0.33
9805,107,0.6,0.1
9806,141,0.62,0.26
9807,191,0.49,0.28
9808,104,0.8,0.1
9809,196,0.61,0.3
9810,131,0.6,0.36
9811,196,0.24,0.2
9812,148,0.59,0.2
9813,166,0.38,0.13
9814,27,0.45,0.32
9815,30,0.64,0.32
9816,132,0.79,0.24
9817,181,0.78,0.36
9818,85,0.75,0.1
9819,22,0.68,0.15
9820,30,0.76,0.21
9821,159,0.22,0.4
9822,89,0.69,0.27
9823,130,0.5,0.31
9824,47,0.62,0.22
9825,110,0.28,0.34
9826,100,0.27,0.13
9827,137,0.73,0.28
9828,39,0.29,0.28
9829,154,0.57,0.38
9830,61,0.35,0.34
9831,29,0.63,0.23
9832,90,0.24,0.11
9833,127,0.36,0.13
9834,174,0.74,0.31
9835,49,0.57,0.12
9836,146,0.45,0.19
9837,22,0.73,0.18
9838,118,0.59,0.18
9839,166,0.5,0.23
9840,135,0.34,0.16
9841,106,0.46,0.17
9842,171,0.74,0.1
9843,51,0.33,0.2
9844,20,0.22,0.16
9845,104,0.36,0.3
9846,159,0.56,0.25
9847,192,0.59,0.35
9848,28,0.68,0.39
9849,184,0.75,0.28
9850,187,0.39,0.16
9851,113,0.69,0.17
9852,128,0.66,0.36
9853,135,0.49,0.14
9854,171,0.72,0.39
9855,113,0.25,0.17
9856,118,0.35,0.31
9857,193,0.45,0.19
9858,24,0.78,0.38
9859,32,0.6,0.33
9860,189,0.22,0.29
9861,33,0.5,0.27
9862,20,0.76,0.14
9863,53,0.3,0.36
9864,83,0.71,0.39
9865,45,0.36,0.16
9866,80,0.31,0.33
9867,81,0.22,0.29
9868,60,0.63,0.18
9869,113,0.39,0.36
9870,71,0.62,0.23
9871,35,0.77,0.26
9872,84,0.78,0.26
9873,53,0.6,0.23
9874,29,0.34,0.11
9875,47,0.42,0.16
9876,140,0.54,0.28
9877,136,0.47,0.15
9878,67,0.21,0.18
9879,157,0.71,0.2
9880,35,0.64,0.39
9881,26,0.54,0.12
9882,132,0.7,0.28
9883,54,0.37,0.23
9884,153,0.59,0.19
9885,91,0.7,0.27
9886,42,0.49,0.15
9887,109,0.55,0.28
9888,40,0.58,0.14
9889,111,0.62,0.16
9890,150,0.62,0.2
9891,68,0.52,0.32
9892,182,0.45,0.17
9893,64,0.72,0.25
9894,104,0.29,0.28
9895,39,0.51,0.29
9896,149,0.21,0.28
9897,61,0.48,0.27
9898,130,0.74,0.21
9899,126,0.43,0.23
9900,146,0.36,0.34
9901,179,0.49,0.22
9902,180,0.34,0.21
9903,184,0.79,0.24
9904,175,0.67,0.25
9905,152,0.39,0.31
9906,55,0.76,0.12
9907,80,0.49,0.37
9908,180,0.33,0.16
9909,44,0.75,0.13
9910,194,0.3,0.16
9911,154,0.25,0.13
9912,164,0.34,0.14
9913,90,0.43,0.26
9914,23,0.39,0.11
9915,94,0.58,0.26
9916,176,0.71,0.3
9917,101,0.79,0.34
9918,161,0.72,0.16
9919,102,0.78,0.11
9920,188,0.41,0.37
9921,119,0.32,0.16
9922,137,0.33,0.16
9923,36,0.43,0.36
9924,63,0.4,0.24
9925,48,0.72,0.14
9926,30,0.69,0.28
9927,147,0.37,0.37
9928,64,0.29,0.3
9929,190,0.45,0.15
9930,31,0.59,0.34
9931,23,0.43,0.24
9932,21,0.69,0.4
9933,59,0.7,0.19
9934,142,0.55,0.1
9935,182,0.3,0.28
9936,92,0.46,0.14
9937,120,0.76,0.24
9938,85,0.68,0.23
9939,69,0.74,0.38
9940,142,0.38,0.3
9941,142,0.34,0.22
9942,65,0.33,0.13
9943,106,0.33,0.35
9944,107,0.45,0.17
9945,66,0.62,0.31
9946,83,0.35,0.34
9947,190,0.63,0.31
9948,110,0.35,0.28
9949,88,0.77,0.1
9950,157,0.2,0.29
9951,119,0.54,0.29
9952,188,0.41,0.28
9953,160,0.5,0.27
9954,87,0.76,0.36
9955,197,0.51,0.33
9956,35,0.25,0.12
9957,181,0.63,0.35
9958,69,0.47,0.16
9959,77,0.42,0.37
9960,63,0.5,0.3
9961,185,0.35,0.34
9962,118,0.53,0.21
9963,38,0.29,0.28
9964,167,0.62,0.27
9965,151,0.75,0.38
9966,41,0.35,0.32
9967,154,0.28,0.22
9968,132,0.72,0.18
9969,31,0.38,0.25
9970,182,0.56,0.21
9971,85,0.4,0.38
9972,152,0.68,0.28
9973,53,0.46,0.33
9974,173,0.51,0.16
9975,66,0.38,0.19
9976,117,0.23,0.13
9977,35,0.75,0.22
9978,97,0.63,0.27
9979,86,0.79,0.23
9980,132,0.66,0.28
9981,26,0.54,0.16
9982,26,0.71,0.39
9983,87,0.75,0.38
9984,64,0.39,0.15
9985,93,0.55,0.25
9986,188,0.64,0.28
9987,154,0.78,0.21
9988,142,0.61,0.36
9989,186,0.48,0.28
9990,98,0.48,0.13
9991,108,0.24,0.33
9992,111,0.55,0.34
9993,192,0.44,0.4
9994,152,0.6,0.25
9995,48,0.21,0.12
9996,52,0.63,0.13
9997,96,0.39,0.35
9998,113,0.55,0.27
9999,79,0.75,0.26
10000,157,0.55,0.28
10001,66,0.64,0.32
10002,181,0.42,0.16
10003,50,0.62,0.17
10004,162,0.74,0.31
10005,125,0.36,0.34
10006,154,0.69,0.25
10007,35,0.71,0.15
10008,154,0.45,0.14
10009,102,0.66,0.22
10010,171,0.73,0.39
10011,82,0.73,0.16
10012,44,0.27,0.28
10013,184,0.43,0.36
10014,140,0.45,0.28
10015,187,0.45,0.11
10016,73,0.22,0.2
10017,52,0.47,0.39
10018,138,0.66,0.29
10019,89,0.27,0.27
10020,196,0.74,0.38
10021,108,0.24,0.31
10022,173,0.53,0.11
10023,176,0.38,0.22
10024,118,0.21,0.14
10025,183,0.31,0.27
10026,181,0.79,0.24
10027,29,0.77,0.11
10028,63,0.65,0.25
10029,128,0.39,0.21
10030,196,0.21,0.26
10031,163,0.38,0.11
10032,24,0.37,0.22
10033,190,0.27,0.22
10034,122,0.31,0.27
10035,157,0.6,0.4
10036,54,0.41,0.35
10037,176,0.34,0.13
10038,21,0.6,0.26
10039,35,0.78,0.29
10040,25,0.34,0.33
10041,185,0.8,0.36
10042,26,0.27,0.38
10043,148,0.24,0.39
10044,83,0.7,0.11
10045,59,0.71,0.29
10046,55,0.23,0.25
10047,41,0.78,0.34
10048,61,0.27,0.13
10049,71,0.21,0.22
10050,77,0.21,0.22
10051,28,0.41,0.23
10052,184,0.62,0.38
10053,127,0.6,0.11
10054,36,0.32,0.3
10055,40,0.7,0.29
10056,162,0.64,0.31
10057,162,0.43,0.21
10058,121,0.43,0.17
10059,80,0.32,0.24
10060,72,0.46,0.15
10061,187,0.46,0.33
10062,41,0.29,0.18
10063,151,0.71,0.17
10064,161,0.54,0.2
10065,81,0.39,0.17
10066,86,0.35,0.33
10067,199,0.34,0.11
10068,49,0.29,0.39
10069,95,0.25,0.22
10070,142,0.52,0.24
10071,61,0.52,0.31
10072,67,0.63,0.1
10073,96,0.32,0.33
10074,153,0.5,0.16
10075,165,0.72,0.36
10076,164,0.39,0.16
10077,33,0.71,0.38
10078,163,0.5,0.34
10079,28,0.42,0.39
10080,65,0.67,0.31
10081,30,0.34,0.14
10082,174,0.42,0.28
10083,162,0.46,0.33
10084,97,0.35,0.16
10085,53,0.52,0.24
10086,33,0.29,0.27
10087,88,0.52,0.1
10088,79,0.41,0.37
10089,156,0.57,0.25
10090,58,0.69,0.27
10091,184,0.64,0.35
10092,75,0.63,0.27
10093,34,0.46,0.36
10094,30,0.75,0.11
10095,71,0.36,0.12
10096,37,0.37,0.34
10097,46,0.28,0.25
10098,61,0.39,0.39
10099,163,0.35,0.17
10100,127,0.66,0.39
10101,25,0.26,0.11
10102,182,0.71,0.3
10103,59,0.49,0.32
10104,29,0.23,0.23
10105,98,0.53,0.26
10106,92,0.46,0.16
10107,60,0.43,0.1
10108,190,0.33,0.39
10109,84,0.55,0.29
10110,35,0.3,0.33
10111,55,0.32,0.13
10112,31,0.57,0.38
10113,65,0.32,0.1
10114,141,0.31,0.2
10115,24,0.67,0.22
10116,22,0.72,0.34
10117,110,0.53,0.29
10118,174,0.69,0.31
10119,177,0.57,0.13
10120,32,0.64,0.32
10121,118,0.4,0.36
10122,132,0.72,0.17
10123,39,0.71,0.32
10124,147,0.44,0.19
10125,119,0.78,0.2
10126,117,0.48,0.21
10127,76,0.32,0.12
10128,59,0.26,0.3
10129,99,0.24,0.21
10130,162,0.31,0.35
10131,83,0.76,0.11
10132,65,0.5,0.34
10133,56,0.76,0.28
10134,175,0.66,0.23
10135,29,0.65,0.35
10136,159,0.47,0.3
10137,134,0.6,0.15
10138,144,0.78,0.12
10139,41,0.63,0.16
10140,53,0.33,0.24
10141,173,0.6,0.35
10142,195,0.59,0.4
10143,89,0.49,0.13
10144,98,0.75,0.27
10145,69,0.28,0.21
10146,121,0.69,0.15
10147,91,0.76,0.3
10148,43,0.62,0.11
10149,182,0.67,0.15
10150,164,0.61,0.25
10151,117,0.47,0.19
10152,172,0.57,0.25
10153,173,0.31,0.21
10154,130,0.59,0.18
10155,90,0.4,0.34
10156,163,0.4,0.17
10157,20,0.25,0.35
10158,134,0.52,0.18
10159,26,0.56,0.16
10160,195,0.43,0.16
10161,155,0.79,0.34
10162,111,0.24,0.13
10163,91,0.43,0.26
10164,110,0.47,0.32
10165,68,0.35,0.34
10166,74,0.58,0.25
10167,95,0.78,0.34
10168,121,0.78,0.24
10169,43,0.43,0.17
10170,48,0.61,0.11
10171,161,0.21,0.3
10172,124,0.76,0.21
10173,170,0.26,0.21
10174,41,0.69,0.25
10175,179,0.6,0.3
10176,82,0.68,0.32
10177,144,0.42,0.34
10178,64,0.7,0.39
10179,175,0.49,0.12
10180,177,0.45,0.12
10181,101,0.79,0.18
10182,108,0.6,0.16
10183,111,0.49,0.13
10184,166,0.32,0.28
10185,143,0.47,0.31
10186,171,0.43,0.39
10187,159,0.55,0.26
10188,158,0.77,0.33
10189,159,0.31,0.19
10190,93,0.39,0.39
10191,26,0.25,0.21
10192,59,0.69,0.28
10193,127,0.6,0.3
10194,170,0.48,0.36
10195,106,0.65,0.29
10196,95,0.31,0.23
10197,130,0.42,0.17
10198,76,0.43,0.4
10199,116,0.7,0.18
10200,62,0.32,0.37
10201,136,0.23,0.15
10202,109,0.39,0.17
10203,93,0.43,0.21
10204,128,0.8,0.21
10205,135,0.49,0.39
10206,104,0.42,0.36
10207,69,0.39,0.26
10208,89,0.23,0.33
10209,76,0.73,0.15
10210,100,0.61,0.2
10211,54,0.54,0.37
10212,49,0.73,0.25
10213,66,0.33,0.27
10214,167,0.35,0.16
10215,132,0.42,0.29
10216,150,0.24,0.21
10217,134,0.48,0.33
10218,51,0.74,0.25
10219,177,0.59,0.33
10220,67,0.54,0.26
10221,191,0.44,0.21
10222,74,0.34,0.25
10223,33,0.29,0.33
10224,145,0.54,0.21
10225,60,0.36,0.2
10226,86,0.28,0.31
10227,198,0.29,0.16
10228,100,0.21,0.28
10229,104,0.69,0.32
10230,94,0.61,0.24
10231,36,0.4,0.27
10232,97,0.64,0.16
10233,150,0.28,0.29
10234,123,0.53,0.21
10235,193,0.22,0.32
10236,147,0.36,0.24
10237,168,0.75,0.29
10238,33,0.47,0.12
10239,116,0.67,0.34
10240,81,0.32,0.28
10241,145,0.32,0.13
10242,159,0.44,0.37
10243,180,0.61,0.23
10244,87,0.49,0.15
10245,92,0.39,0.13
10246,70,0.69,0.3
10247,87,0.5,0.36
10248,74,0.4,0.37
10249,101,0.25,0.21
10250,198,0.51,0.24
10251,67,0.33,0.31
10252,198,0.79,0.39
10253,155,0.48,0.26
10254,36,0.49,0.33
10255,51,0.72,0.26
10256,60,0.49,0.13
10257,47,0.27,0.26
10258,84,0.63,0.39
10259,169,0.76,0.21
10260,51,0.7,0.36
10261,178,0.31,0.35
10262,73,0.46,0.16
10263,151,0.21,0.15
10264,170,0.31,0.13
10265,89,0.71,0.37
10266,34,0.72,0.13
10267,145,0.7,0.35
10268,148,0.62,0.27
10269,31,0.57,0.37
10270,110,0.24,0.12
10271,94,0.68,0.1
10272,82,0.73,0.21
10273,21,0.25,0.23
10274,46,0.72,0.17
10275,144,0.64,0.1
10276,120,0.36,0.27
10277,107,0.35,0.16
10278,163,0.67,0.38
10279,22,0.67,0.29
10280,122,0.35,0.25
10281,29,0.54,0.17
10282,27,0.76,0.32
10283,93,0.45,0.35
10284,151,0.27,0.13
10285,72,0.54,0.13
10286,58,0.31,0.31
10287,50,0.63,0.33
10288,24,0.62,0.16
10289,183,0.74,0.37
10290,125,0.77,0.26
10291,93,0.33,0.24
10292,79,0.77,0.24
10293,41,0.69,0.26
10294,66,0.44,0.11
10295,180,0.27,0.22
10296,183,0.64,0.29
10297,157,0.4,0.11
10298,99,0.46,0.23
10299,66,0.45,0.35
10300,180,0.63,0.17
10301,180,0.74,0.15
10302,63,0.64,0.33
10303,48,0.25,0.15
10304,112,0.54,0.31
10305,187,0.74,0.27
10306,77,0.59,0.36
10307,121,0.26,0.18
10308,170,0.23,0.16
10309,116,0.6,0.36
10310,124,0.28,0.36
10311,118,0.45,0.13
10312,98,0.5,0.31
10313,198,0.41,0.14
10314,100,0.5,0.38
10315,142,0.57,0.22
10316,198,0.21,0.25
10317,79,0.66,0.28
10318,32,0.48,0.18
10319,28,0.22,0.2
10320,33,0.75,0.22
10321,180,0.78,0.14
10322,24,0.29,0.22
10323,68,0.67,0.4
10324,123,0.21,0.21
10325,172,0.68,0.36
10326,196,0.43,0.22
10327,121,0.73,0.28
10328,109,0.39,0.15
10329,115,0.52,0.38
10330,184,0.41,0.11
10331,110,0.43,0.32
10332,74,0.54,0.22
10333,123,0.45,0.21
10334,53,0.41,0.14
10335,76,0.46,0.22
10336,68,0.49,0.29
10337,68,0.69,0.15
10338,95,0.76,0.23
10339,101,0.44,0.31
10340,75,0.64,0.17
10341,184,0.53,0.27
10342,81,0.53,0.32
10343,57,0.29,0.26
10344,185,0.23,0.21
10345,28,0.54,0.33
10346,49,0.22,0.2
10347,141,0.7,0.24
10348,91,0.34,0.18
10349,174,0.21,0.3
10350,37,0.5,0.36
10351,188,0.48,0.13
10352,117,0.31,0.3
10353,82,0.46,0.17
10354,183,0.38,0.3
10355,159,0.32,0.33
10356,116,0.78,0.28
10357,160,0.67,0.31
10358,164,0.46,0.15
10359,168,0.63,0.19
10360,51,0.77,0.11
10361,43,0.49,0.24
10362,189,0.67,0.24
10363,190,0.61,0.36
10364,77,0.22,0.33
10365,129,0.37,0.16
10366,76,0.68,0.1
10367,48,0.53,0.2
10368,157,0.77,0.16
10369,114,0.34,0.34
10370,39,0.35,0.2
10371,35,0.68,0.24
10372,102,0.28,0.39
10373,171,0.42,0.33
10374,144,0.46,0.2
10375,73,0.77,0.14
10376,26,0.49,0.23
10377,169,0.51,0.38
10378,53,0.26,0.38
10379,185,0.63,0.38
10380,151,0.36,0.2
10381,186,0.58,0.26
10382,148,0.53,0.35
10383,113,0.61,0.18
10384,58,0.62,0.23
10385,130,0.28,0.11
10386,56,0.47,0.33
10387,137,0.76,0.27
10388,96,0.5,0.15
10389,60,0.24,0.4
10390,195,0.48,0.16
10391,95,0.62,0.29
10392,84,0.79,0.33
10393,48,0.78,0.32
10394,128,0.21,0.35
10395,124,0.35,0.17
10396,180,0.6,0.38
10397,133,0.27,0.29
10398,67,0.4,0.22
10399,68,0.44,0.11
10400,49,0.45,0.2
10401,23,0.53,0.23
10402,199,0.39,0.19
10403,49,0.63,0.11
10404,155,0.66,0.18
10405,41,0.22,0.12
10406,180,0.6,0.17
10407,94,0.51,0.24
10408,37,0.32,0.19
10409,166,0.69,0.2
10410,177,0.22,0.16
10411,160,0.22,0.12
10412,179,0.51,0.22
10413,188,0.56,0.12
10414,154,0.59,0.35
10415,172,0.2,0.34
10416,21,0.58,0.19
10417,22,0.33,0.11
10418,32,0.6,0.1
10419,133,0.5,0.29
10420,110,0.25,0.19
10421,32,0.28,0.15
10422,160,0.69,0.11
10423,119,0.32,0.28
10424,136,0.37,0.19
10425,67,0.77,0.38
10426,25,0.22,0.33
10427,200,0.41,0.11
10428,135,0.31,0.18
10429,155,0.46,0.29
10430,75,0.32,0.27
10431,143,0.43,0.16
10432,50,0.65,0.29
10433,72,0.62,0.39
10434,124,0.57,0.34
10435,181,0.68,0.38
10436,130,0.71,0.38
10437,66,0.68,0.17
10438,138,0.24,0.1
10439,148,0.54,0.2
10440,142,0.58,0.35
10441,22,0.2,0.11
10442,50,0.68,0.3
10443,178,0.7,0.27
10444,142,0.2,0.31
10445,147,0.57,0.27
10446,32,0.73,0.22
10447,64,0.77,0.27
10448,178,0.6,0.22
10449,151,0.76,0.39
10450,128,0.43,0.36
10451,159,0.66,0.17
10452,32,0.42,0.31
10453,161,0.45,0.36
10454,22,0.43,0.15
10455,88,0.23,0.15
10456,88,0.51,0.18
10457,148,0.33,0.23
10458,85,0.63,0.33
10459,35,0.47,0.19
10460,135,0.59,0.29
10461,70,0.37,0.34
10462,79,0.74,0.38
10463,38,0.41,0.23
10464,58,0.47,0.16
10465,62,0.46,0.19
10466,59,0.29,0.17
10467,113,0.76,0.17
10468,117,0.21,0.26
10469,99,0.29,0.32
10470,72,0.73,0.28
10471,178,0.53,0.14
10472,177,0.39,0.19
10473,137,0.65,0.24
10474,92,0.49,0.12
10475,197,0.63,0.34
10476,158,0.47,0.18
10477,83,0.58,0.19
10478,101,0.79,0.4
10479,27,0.65,0.23
10480,79,0.66,0.32
10481,27,0.36,0.34
10482,158,0.33,0.22
10483,41,0.46,0.19
10484,159,0.56,0.17
10485,94,0.59,0.21
10486,126,0.67,0.17
10487,24,0.37,0.34
10488,145,0.62,0.23
10489,116,0.32,0.31
10490,102,0.33,0.22
10491,194,0.33,0.37
10492,44,0.24,0.13
10493,71,0.78,0.2
10494,160,0.71,0.12
10495,99,0.24,0.2
10496,86,0.32,0.18
10497,194,0.62,0.18
10498,71,0.46,0.14
10499,81,0.42,0.17
10500,200,0.35,0.19
10501,51,0.57,0.29
10502,84,0.36,0.32
10503,110,0.36,0.11
10504,27,0.67,0.33
10505,113,0.7,0.12
10506,57,0.65,0.31
10507,186,0.44,0.24
10508,35,0.38,0.31
10509,139,0.7,0.19
10510,186,0.28,0.37
10511,62,0.74,0.35
10512,162,0.37,0.14
10513,144,0.25,0.4
10514,120,0.73,0.19
10515,117,0.73,0.35
10516,136,0.44,0.31
10517,25,0.62,0.23
10518,136,0.48,0.14
10519,131,0.79,0.37
10520,22,0.53,0.37
10521,171,0.24,0.28
10522,172,0.25,0.17
10523,26,0.29,0.38
10524,171,0.72,0.35
10525,187,0.73,0.31
10526,115,0.39,0.24
10527,74,0.67,0.38
10528,154,0.77,0.37
10529,41,0.73,0.4
10530,24,0.72,0.38
10531,96,0.62,0.19
10532,175,0.48,0.14
10533,126,0.68,0.32
10534,153,0.64,0.34
10535,89,0.22,0.12
10536,125,0.69,0.1
10537,92,0.69,0.27
10538,80,0.24,0.29
10539,20,0.77,0.37
10540,186,0.43,0.11
10541,121,0.56,0.18
10542,196,0.46,0.37
10543,185,0.45,0.35
10544,112,0.38,0.26
10545,121,0.7,0.12
10546,46,0.54,0.21
10547,153,0.64,0.26
10548,71,0.73,0.27
10549,111,0.26,0.39
10550,66,0.72,0.35
10551,72,0.22,0.27
10552,165,0.38,0.4
10553,43,0.52,0.36
10554,99,0.26,0.13
10555,28,0.58,0.35
10556,67,0.74,0.16
10557,89,0.36,0.35
10558,172,0.59,0.17
10559,137,0.38,0.11
10560,136,0.65,0.14
10561,142,0.27,0.18
10562,131,0.5,0.32
10563,135,0.75,0.34
10564,123,0.28,0.3
10565,45,0.4,0.33
10566,174,0.73,0.31
10567,198,0.21,0.21
10568,189,0.32,0.34
10569,83,0.21,0.3
10570,127,0.77,0.14
10571,46,0.23,0.24
10572,22,0.62,0.23
10573,86,0.28,0.12
10574,76,0.35,0.35
10575,93,0.67,0.11
10576,63,0.73,0.38
10577,87,0.8,0.19
10578,198,0.39,0.1
10579,186,0.56,0.32
10580,184,0.77,0.14
10581,72,0.77,0.34
10582,115,0.36,0.32
10583,43,0.63,0.29
10584,79,0.47,0.34
10585,166,0.29,0.22
10586,112,0.33,0.26
10587,108,0.5,0.11
10588,89,0.35,0.22
10589,46,0.24,0.17
10590,53,0.54,0.14
10591,121,0.79,0.33
10592,31,0.53,0.3
10593,23,0.69,0.15
10594,46,0.73,0.18
10595,187,0.48,0.31
10596,62,0.64,0.37
10597,104,0.51,0.22
10598,114,0.75,0.38
10599,64,0.39,0.1
10600,99,0.7,0.15
10601,120,0.28,0.27
10602,132,0.7,0.27
10603,198,0.31,0.39
10604,21,0.34,0.15
10605,134,0.62,0.31
10606,74,0.25,0.36
10607,111,0.66,0.19
10608,198,0.79,0.3
10609,89,0.39,0.26
10610,115,0.49,0.31
10611,107,0.67,0.29
10612,78,0.68,0.28
10613,126,0.52,0.31
10614,70,0.37,0.35
10615,37,0.32,0.38
10616,39,0.58,0.33
10617,182,0.76,0.15
10618,77,0.32,0.32
10619,60,0.5,0.16
10620,145,0.54,0.3
10621,100,0.57,0.39
10622,30,0.78,0.34
10623,179,0.74,0.13
10624,180,0.41,0.36
10625,149,0.55,0.15
10626,82,0.63,0.11
10627,189,0.64,0.23
10628,200,0.32,0.24
10629,198,0.73,0.39
10630,192,0.26,0.35
10631,83,0.77,0.21
10632,20,0.54,0.39
10633,47,0.59,0.37
10634,103,0.26,0.26
10635,74,0.64,0.35
10636,77,0.24,0.23
10637,64,0.67,0.37
10638,77,0.67,0.32
10639,113,0.43,0.15
10640,152,0.67,0.19
10641,164,0.48,0.14
10642,193,0.52,0.17
10643,93,0.72,0.1
10644,168,0.22,0.1
10645,33,0.39,0.12
10646,137,0.55,0.25
10647,75,0.29,0.1
10648,126,0.42,0.24
10649,156,0.31,0.25
10650,141,0.64,0.21
10651,164,0.68,0.28
10652,56,0.78,0.24
10653,53,0.25,0.36
10654,154,0.62,0.24
10655,65,0.58,0.24
10656,56,0.48,0.24
10657,69,0.79,0.21
10658,53,0.45,0.12
10659,121,0.79,0.39
10660,176,0.69,0.36
10661,88,0.74,0.38
10662,45,0.31,0.24
10663,35,0.78,0.39
10664,83,0.55,0.34
10665,23,0.79,0.21
10666,20,0.76,0.29
10667,172,0.38,0.18
10668,102,0.55,0.35
10669,82,0.23,0.36
10670,101,0.79,0.17
10671,21,0.79,0.31
10672,86,0.56,0.32
10673,145,0.46,0.2
10674,199,0.76,0.25
10675,89,0.76,0.31
10676,57,0.57,0.23
10677,33,0.58,0.35
10678,188,0.44,0.32
10679,80,0.72,0.37
10680,198,0.58,0.17
10681,175,0.41,0.1
10682,110,0.36,0.4
10683,180,0.63,0.18
10684,90,0.47,0.15
10685,90,0.5,0.14
10686,146,0.33,0.22
10687,126,0.56,0.17
10688,135,0.43,0.23
10689,31,0.24,0.35
10690,55,0.27,0.22
10691,93,0.64,0.27
10692,41,0.43,0.16
10693,175,0.67,0.37
10694,154,0.73,0.38
10695,164,0.65,0.16
10696,109,0.24,0.34
10697,179,0.42,0.4
10698,24,0.31,0.27
10699,105,0.6,0.26
10700,32,0.57,0.38
10701,109,0.31,0.34
10702,45,0.71,0.37
10703,181,0.36,0.22
10704,153,0.48,0.33
10705,91,0.54,0.16
10706,68,0.42,0.15
10707,128,0.56,0.15
10708,28,0.42,0.19
10709,42,0.4,0.33
10710,118,0.4,0.29
10711,187,0.79,0.36
10712,66,0.37,0.1
10713,97,0.33,0.31
10714,143,0.3,0.24
10715,87,0.7,0.23
10716,188,0.8,0.1
10717,170,0.52,0.3
10718,173,0.8,0.11
10719,136,0.77,0.23
10720,195,0.42,0.23
10721,66,0.47,0.34
10722,60,0.23,0.3
10723,119,0.27,0.25
10724,173,0.58,0.17
10725,81,0.67,0.23
10726,168,0.46,0.18
10727,182,0.44,0.33
10728,168,0.29,0.16
10729,62,0.58,0.3
10730,54,0.52,0.28
10731,107,0.3,0.18
10732,128,0.48,0.21
10733,30,0.39,0.15
10734,192,0.73,0.3
10735,172,0.2,0.24
10736,185,0.37,0.16
10737,196,0.58,0.32
10738,100,0.27,0.29
10739,36,0.53,0.16
10740,200,0.25,0.21
10741,119,0.35,0.35
10742,120,0.58,0.26
10743,150,0.78,0.16
10744,52,0.38,0.4
10745,155,0.66,0.16
10746,137,0.64,0.21
10747,78,0.42,0.39
10748,139,0.44,0.22
10749,25,0.77,0.12
10750,62,0.75,0.21
10751,181,0.78,0.13
10752,76,0.68,0.38
10753,72,0.58,0.27
10754,96,0.5,0.28
10755,140,0.42,0.22
10756,152,0.73,0.39
10757,63,0.26,0.31
10758,184,0.55,0.38
10759,159,0.53,0.33
10760,83,0.28,0.22
10761,182,0.59,0.36
10762,103,0.37,0.38
10763,171,0.64,0.33
10764,61,0.28,0.39
10765,150,0.53,0.21
10766,110,0.79,0.37
10767,116,0.29,0.34
10768,84,0.76,0.24
10769,84,0.5,0.28
10770,187,0.72,0.14
10771,87,0.59,0.26
10772,82,0.49,0.26
10773,147,0.22,0.24
10774,123,0.62,0.11
10775,175,0.51,0.16
10776,73,0.7,0.11
10777,108,0.47,0.25
10778,31,0.39,0.16
10779,187,0.66,0.39
10780,106,0.51,0.39
10781,33,0.62,0.2
10782,132,0.29,0.24
10783,129,0.8,0.14
10784,160,0.51,0.38
10785,90,0.75,0.22
10786,155,0.67,0.34
10787,109,0.52,0.18
10788,51,0.5,0.34
10789,22,0.27,0.22
10790,21,0.28,0.31
10791,187,0.78,0.2
10792,197,0.26,0.27
10793,127,0.27,0.2
10794,140,0.37,0.12
10795,27,0.2,0.32
10796,64,0.64,0.14
10797,191,0.54,0.27
10798,185,0.32,0.16
10799,96,0.21,0.12
10800,122,0.43,0.16
10801,56,0.75,0.36
10802,121,0.46,0.14
10803,168,0.74,0.4
10804,97,0.49,0.24
10805,183,0.29,0.1
10806,47,0.37,0.2
10807,155,0.55,0.21
10808,109,0.43,0.11
10809,180,0.74,0.29
10810,26,0.42,0.36
10811,35,0.64,0.34
10812,199,0.68,0.39
10813,122,0.31,0.24
10814,70,0.31,0.3
10815,96,0.25,0.2
10816,163,0.72,0.25
10817,197,0.38,0.38
10818,88,0.67,0.13
10819,27,0.68,0.32
10820,112,0.64,0.33
10821,157,0.37,0.12
10822,54,0.78,0.2
10823,154,0.5,0.31
10824,47,0.31,0.15
10825,107,0.57,0.3
10826,173,0.71,0.24
10827,197,0.69,0.23
10828,185,0.55,0.38
10829,172,0.71,0.21
10830,49,0.77,0.3
10831,176,0.33,0.3
10832,171,0.24,0.35
10833,120,0.35,0.2
10834,196,0.59,0.38
10835,190,0.77,0.11
10836,78,0.28,0.22
10837,131,0.31,0.24
10838,158,0.79,0.24
10839,86,0.59,0.32
10840,151,0.42,0.32
10841,187,0.75,0.28
10842,27,0.63,0.22
10843,28,0.4,0.21
10844,159,0.58,0.15
10845,195,0.37,0.38
10846,139,0.72,0.19
10847,123,0.21,0.4
10848,83,0.53,0.31
10849,74,0.3,0.2
10850,164,0.2,0.11
10851,68,0.66,0.35
10852,170,0.73,0.35
10853,27,0.76,0.34
10854,168,0.58,0.1
10855,21,0.72,0.31
10856,160,0.78,0.38
10857,184,0.33,0.19
10858,65,0.71,0.33
10859,112,0.53,0.2
10860,39,0.7,0.22
10861,150,0.43,0.23
10862,23,0.39,0.15
10863,55,0.58,0.11
10864,130,0.48,0.34
10865,140,0.27,0.32
10866,45,0.53,0.28
10867,175,0.27,0.3
10868,83,0.75,0.24
10869,54,0.57,0.12
10870,200,0.76,0.21
10871,84,0.4,0.37
10872,43,0.63,0.15
10873,70,0.3,0.12
10874,28,0.33,0.23
10875,60,0.66,0.19
10876,97,0.57,0.11
10877,135,0.33,0.33
10878,151,0.34,0.18
10879,40,0.64,0.36
10880,142,0.43,0.32
10881,173,0.25,0.17
10882,118,0.25,0.19
10883,174,0.21,0.18
10884,44,0.79,0.32
10885,23,0.26,0.17
10886,50,0.37,0.29
10887,184,0.75,0.21
10888,149,0.39,0.27
10889,90,0.69,0.37
10890,183,0.58,0.26
10891,78,0.53,0.39
10892,53,0.4,0.4
10893,68,0.64,0.11
10894,36,0.32,0.37
10895,126,0.28,0.12
10896,35,0.54,0.22
10897,55,0.7,0.3
10898,100,0.47,0.29
10899,189,0.71,0.27
10900,150,0.65,0.14
10901,145,0.34,0.24
10902,110,0.53,0.38
10903,138,0.65,0.27
10904,192,0.32,0.28
10905,164,0.38,0.28
10906,63,0.37,0.37
10907,200,0.5,0.3
10908,88,0.55,0.21
10909,42,0.53,0.16
10910,99,0.69,0.39
10911,186,0.47,0.2
10912,172,0.63,0.35
10913,166,0.35,0.33
10914,139,0.54,0.24
10915,38,0.67,0.28
10916,79,0.48,0.27
10917,179,0.59,0.29
10918,124,0.29,0.36
10919,110,0.37,0.25
10920,63,0.55,0.15
10921,82,0.49,0.39
10922,114,0.57,0.12
10923,50,0.72,0.39
10924,113,0.42,0.23
10925,56,0.52,0.18
10926,25,0.51,0.14
10927,40,0.25,0.21
10928,44,0.35,0.39
10929,23,0.68,0.11
10930,178,0.59,0.15
10931,38,0.42,0.14
10932,30,0.43,0.26
10933,166,0.69,0.1
10934,105,0.55,0.38
10935,167,0.66,0.38
10936,121,0.26,0.2
10937,189,0.37,0.11
10938,132,0.75,0.38
10939,137,0.49,0.3
10940,49,0.41,0.31
10941,112,0.76,0.15
10942,187,0.59,0.38
10943,61,0.33,0.15
10944,95,0.43,0.36
10945,55,0.67,0.4
10946,70,0.31,0.4
10947,179,0.27,0.18
10948,113,0.65,0.1
10949,123,0.67,0.33
10950,71,0.43,0.22
10951,123,0.51,0.36
10952,151,0.38,0.34
10953,98,0.5,0.29
10954,73,0.45,0.13
10955,190,0.57,0.16
10956,167,0.38,0.13
10957,89,0.38,0.18
10958,36,0.66,0.27
10959,122,0.77,0.13
10960,66,0.74,0.29
10961,176,0.49,0.18
10962,104,0.63,0.26
10963,96,0.21,0.34
10964,154,0.51,0.23
10965,162,0.46,0.27
10966,49,0.51,0.24
10967,56,0.25,0.35
10968,150,0.58,0.34
10969,149,0.4,0.16
10970,59,0.5,0.18
10971,113,0.38,0.2
10972,23,0.73,0.31
10973,101,0.49,0.26
10974,27,0.79,0.21
10975,177,0.24,0.12
10976,140,0.36,0.11
10977,147,0.41,0.16
10978,142,0.27,0.27
10979,46,0.4,0.16
10980,191,0.62,0.18
10981,188,0.73,0.12
10982,165,0.51,0.2
10983,164,0.33,0.11
10984,105,0.49,0.28
10985,71,0.36,0.36
10986,194,0.54,0.38
10987,115,0.59,0.11
10988,43,0.75,0.11
10989,172,0.61,0.32
10990,84,0.66,0.36
10991,91,0.29,0.31
10992,146,0.75,0.32
10993,179,0.22,0.38
10994,110,0.45,0.34
10995,65,0.59,0.25
10996,97,0.37,0.35
10997,200,0.54,0.37
10998,32,0.33,0.1
10999,65,0.66,0.37
11000,95,0.66,0.29
11001,197,0.34,0.15
11002,188,0.58,0.39
11003,142,0.54,0.34
11004,79,0.64,0.11
11005,69,0.21,0.1
11006,122,0.26,0.38
11007,153,0.28,0.15
11008,170,0.71,0.1
11009,107,0.52,0.33
11010,26,0.29,0.3
11011,196,0.73,0.32
11012,175,0.71,0.25
11013,118,0.65,0.33
11014,178,0.49,0.36
11015,189,0.66,0.18
11016,170,0.49,0.19
11017,187,0.74,0.37
11018,149,0.56,0.34
11019,123,0.38,0.28
11020,131,0.59,0.38
11021,36,0.41,0.12
11022,40,0.49,0.36
11023,57,0.57,0.29
11024,156,0.33,0.3
11025,141,0.65,0.29
11026,72,0.7,0.1
11027,105,0.27,0.23
11028,147,0.47,0.31
11029,43,0.21,0.15
11030,121,0.63,0.29
11031,138,0.53,0.37
11032,72,0.75,0.35
11033,78,0.59,0.12
11034,101,0.37,0.18
11035,32,0.52,0.27
11036,130,0.22,0.23
11037,74,0.38,0.1
11038,146,0.45,0.3
11039,115,0.67,0.13
11040,177,0.73,0.21
11041,199,0.72,0.21
11042,57,0.6,0.11
11043,55,0.53,0.3
11044,174,0.72,0.21
11045,70,0.27,0.27
11046,88,0.76,0.37
11047,22,0.74,0.17
11048,177,0.26,0.17
11049,116,0.7,0.39
11050,152,0.32,0.29
11051,40,0.62,0.29
11052,114,0.46,0.35
11053,141,0.38,0.2
11054,91,0.43,0.27
11055,153,0.51,0.27
11056,183,0.35,0.14
11057,133,0.59,0.36
11058,25,0.45,0.28
11059,188,0.29,0.33
11060,141,0.76,0.36
11061,57,0.79,0.35
11062,191,0.67,0.33
11063,177,0.37,0.29
11064,122,0.79,0.25
11065,34,0.47,0.34
11066,144,0.76,0.36
11067,24,0.22,0.3
11068,179,0.33,0.36
11069,192,0.63,0.32
11070,178,0.75,0.2
11071,146,0.63,0.29
11072,102,0.28,0.21
11073,147,0.64,0.18
11074,49,0.48,0.14
11075,55,0.21,0.12
11076,137,0.64,0.19
11077,36,0.79,0.21
11078,61,0.78,0.21
11079,142,0.6,0.21
11080,46,0.48,0.18
11081,141,0.67,0.13
11082,186,0.46,0.15
11083,143,0.66,0.34
11084,111,0.49,0.19
11085,153,0.65,0.3
11086,91,0.38,0.26
11087,92,0.25,0.29
11088,59,0.43,0.33
11089,116,0.49,0.2
11090,164,0.22,0.12
11091,147,0.31,0.26
11092,53,0.78,0.31
11093,51,0.66,0.19
11094,46,0.5,0.39
11095,30,0.7,0.38
11096,153,0.48,0.17
11097,72,0.65,0.34
11098,120,0.79,0.35
11099,25,0.76,0.23
11100,52,0.37,0.16
11101,79,0.33,0.29
11102,112,0.22,0.39
11103,81,0.35,0.16
11104,48,0.52,0.11
11105,175,0.72,0.11
11106,130,0.42,0.1
11107,32,0.61,0.33
11108,187,0.76,0.14
11109,179,0.76,0.16
11110,102,0.61,0.26
11111,194,0.58,0.28
11112,172,0.27,0.27
11113,128,0.7,0.34
11114,124,0.59,0.23
11115,134,0.67,0.19
11116,121,0.51,0.27
11117,128,0.4,0.24
11118,112,0.49,0.31
11119,24,0.76,0.35
11120,187,0.56,0.31
11121,162,0.33,0.35
11122,119,0.22,0.24
11123,61,0.59,0.29
11124,176,0.28,0.13
11125,176,0.51,0.27
11126,63,0.8,0.19
11127,127,0.67,0.13
11128,93,0.72,0.27
11129,86,0.64,0.31
11130,58,0.49,0.11
11131,189,0.36,0.26
11132,63,0.28,0.17
11133,26,0.43,0.24
11134,181,0.65,0.17
11135,56,0.29,0.29
11136,36,0.35,0.19
11137,32,0.5,0.22
11138,188,0.36,0.2
11139,102,0.41,0.13
11140,128,0.4,0.26
11141,40,0.47,0.32
11142,54,0.31,0.12
11143,79,0.3,0.21
11144,157,0.42,0.1
11145,114,0.68,0.32
11146,132,0.48,0.22
11147,40,0.4,0.37
11148,86,0.22,0.28
11149,57,0.34,0.2
11150,187,0.52,0.4
11151,24,0.36,0.12
11152,104,0.67,0.22
11153,24,0.43,0.12
11154,168,0.49,0.27
11155,70,0.31,0.17
11156,100,0.74,0.25
11157,101,0.76,0.39
11158,119,0.66,0.25
11159,181,0.67,0.16
11160,158,0.24,0.31
11161,200,0.28,0.2
11162,174,0.34,0.35
11163,56,0.51,0.23
11164,113,0.28,0.25
11165,114,0.74,0.4
11166,106,0.4,0.17
11167,87,0.7,0.22
11168,180,0.77,0.37
11169,172,0.63,0.31
11170,31,0.49,0.29
11171,149,0.2,0.33
11172,168,0.55,0.38
11173,172,0.78,0.22
11174,193,0.61,0.13
11175,55,0.42,0.12
11176,155,0.33,0.39
11177,37,0.25,0.22
11178,21,0.45,0.35
11179,191,0.58,0.12
11180,156,0.33,0.19
11181,85,0.77,0.35
11182,76,0.51,0.18
11183,84,0.79,0.25
11184,128,0.61,0.13
11185,179,0.64,0.22
11186,116,0.57,0.28
11187,196,0.32,0.22
11188,182,0.23,0.3
11189,135,0.71,0.33
11190,163,0.32,0.24
11191,114,0.55,0.18
11192,134,0.29,0.38
11193,24,0.32,0.35
11194,98,0.34,0.21
11195,57,0.68,0.21
11196,148,0.54,0.21
11197,109,0.59,0.33
11198,145,0.35,0.31
11199,62,0.67,0.21
11200,57,0.75,0.1
11201,192,0.47,0.24
11202,195,0.72,0.39
11203,136,0.76,0.14
11204,44,0.23,0.38
11205,117,0.69,0.27
11206,36,0.56,0.28
11207,200,0.24,0.34
11208,120,0.6,0.2
11209,67,0.51,0.19
11210,23,0.79,0.26
11211,174,0.68,0.25
11212,162,0.21,0.15
11213,129,0.79,0.16
11214,81,0.36,0.26
11215,92,0.38,0.39
11216,102,0.66,0.18
11217,82,0.7,0.14
11218,197,0.39,0.36
11219,37,0.32,0.32
11220,22,0.42,0.29
11221,188,0.28,0.25
11222,170,0.2,0.22
11223,74,0.47,0.25
11224,174,0.36,0.36
11225,155,0.64,0.28
11226,97,0.63,0.23
11227,77,0.44,0.22
11228,110,0.24,0.28
11229,99,0.75,0.19
11230,24,0.63,0.18
11231,138,0.79,0.22
11232,89,0.5,0.32
11233,27,0.58,0.38
11234,43,0.4,0.35
11235,23,0.61,0.18
11236,34,0.72,0.38
11237,146,0.54,0.17
11238,59,0.37,0.27
11239,63,0.78,0.18
11240,75,0.28,0.11
11241,153,0.55,0.3
11242,22,0.67,0.38
11243,159,0.34,0.21
11244,94,0.57,0.27
11245,186,0.4,0.38
11246,133,0.71,0.37
11247,171,0.57,0.32
11248,67,0.54,0.18
11249,108,0.45,0.32
11250,183,0.54,0.28
11251,31,0.45,0.28
11252,52,0.62,0.16
11253,36,0.48,0.38
11254,53,0.78,0.36
11255,103,0.36,0.13
11256,139,0.5,0.39
11257,163,0.57,0.25
11258,110,0.24,0.13
11259,194,0.58,0.37
11260,80,0.39,0.2
11261,177,0.78,0.36
11262,139,0.76,0.32
11263,193,0.29,0.18
11264,107,0.58,0.32
11265,59,0.59,0.35
11266,126,0.72,0.21
11267,165,0.45,0.34
11268,41,0.4,0.28
11269,152,0.76,0.18
11270,49,0.33,0.22
11271,58,0.26,0.37
11272,165,0.73,0.19
11273,155,0.41,0.34
11274,136,0.21,0.17
11275,173,0.36,0.26
11276,112,0.69,0.35
11277,112,0.25,0.3
11278,91,0.73,0.37
11279,174,0.46,0.39
11280,122,0.47,0.24
11281,97,0.74,0.19
11282,180,0.26,0.37
11283,66,0.74,0.31
11284,50,0.49,0.18
11285,108,0.2,0.21
11286,197,0.66,0.15
11287,110,0.59,0.26
11288,41,0.21,0.14
11289,179,0.63,0.39
11290,42,0.7,0.19
11291,60,0.66,0.26
11292,151,0.8,0.22
11293,48,0.49,0.3
11294,57,0.71,0.26
11295,152,0.51,0.33
11296,154,0.78,0.29
11297,53,0.61,0.13
11298,72,0.47,0.19
11299,164,0.8,0.29
11300,81,0.52,0.11
11301,135,0.79,0.12
11302,184,0.7,0.15
11303,90,0.35,0.16
11304,150,0.79,0.22
11305,87,0.32,0.27
11306,135,0.34,0.37
11307,76,0.63,0.35
11308,179,0.36,0.27
11309,69,0.49,0.11
11310,141,0.38,0.16
11311,153,0.49,0.29
11312,161,0.41,0.28
11313,179,0.31,0.12
11314,173,0.4,0.15
11315,72,0.79,0.37
11316,158,0.47,0.19
11317,140,0.57,0.25
11318,80,0.26,0.32
11319,26,0.29,0.22
11320,177,0.65,0.3
11321,177,0.58,0.23
11322,172,0.29,0.31
11323,195,0.2,0.28
11324,86,0.34,0.11
11325,116,0.28,0.19
11326,29,0.21,0.39
11327,35,0.21,0.12
11328,182,0.25,0.19
11329,157,0.52,0.33
11330,150,0.63,0.19
11331,99,0.7,0.23
11332,102,0.45,0.28
11333,104,0.56,0.18
11334,36,0.26,0.34
11335,34,0.56,0.23
11336,41,0.54,0.2
11337,51,0.68,0.21
11338,194,0.23,0.2
11339,182,0.57,0.14
11340,142,0.32,0.39
11341,60,0.55,0.21
11342,42,0.67,0.2
11343,194,0.74,0.19
11344,43,0.58,0.11
11345,96,0.36,0.3
11346,166,0.78,0.39
11347,129,0.73,0.4
11348,77,0.56,0.36
11349,65,0.63,0.38
11350,73,0.51,0.23
11351,118,0.31,0.24
11352,105,0.35,0.21
11353,200,0.65,0.22
11354,50,0.31,0.18
11355,166,0.62,0.24
11356,190,0.4,0.36
11357,128,0.54,0.2
11358,22,0.44,0.15
11359,33,0.77,0.31
11360,108,0.28,0.28
11361,167,0.27,0.4
11362,68,0.51,0.16
11363,127,0.37,0.34
11364,32,0.67,0.33
11365,178,0.75,0.28
11366,63,0.22,0.26
11367,105,0.72,0.11
11368,115,0.68,0.37
11369,54,0.67,0.17
11370,142,0.21,0.15
11371,171,0.3,0.11
11372,67,0.22,0.18
11373,79,0.66,0.22
11374,139,0.58,0.17
11375,155,0.77,0.29
11376,162,0.67,0.13
11377,110,0.62,0.32
11378,23,0.62,0.34
11379,173,0.23,0.18
11380,34,0.52,0.38
11381,21,0.36,0.39
11382,62,0.62,0.37
11383,47,0.25,0.16
11384,174,0.55,0.23
11385,198,0.72,0.29
11386,84,0.36,0.36
11387,72,0.3,0.32
11388,97,0.21,0.31
11389,171,0.4,0.32
11390,132,0.57,0.19
11391,25,0.42,0.34
11392,47,0.23,0.14
11393,40,0.74,0.38
11394,180,0.56,0.4
11395,137,0.29,0.37
11396,41,0.42,0.19
11397,74,0.53,0.24
11398,95,0.69,0.12
11399,83,0.52,0.12
11400,110,0.77,0.3
11401,144,0.51,0.13
11402,99,0.44,0.11
11403,199,0.43,0.27
11404,135,0.6,0.28
11405,64,0.68,0.31
11406,28,0.4,0.38
11407,167,0.65,0.22
11408,121,0.52,0.36
11409,28,0.64,0.37
11410,55,0.58,0.21
11411,151,0.76,0.22
11412,168,0.62,0.2
11413,145,0.25,0.17
11414,141,0.79,0.33
11415,136,0.59,0.37
11416,166,0.57,0.24
11417,82,0.67,0.25
11418,181,0.32,0.25
11419,113,0.35,0.37
11420,142,0.23,0.36
11421,193,0.63,0.16
11422,194,0.76,0.26
11423,161,0.35,0.32
11424,72,0.52,0.24
11425,96,0.33,0.24
11426,140,0.23,0.12
11427,87,0.37,0.33
11428,158,0.72,0.3
11429,20,0.72,0.24
11430,177,0.72,0.1
11431,125,0.8,0.24
11432,115,0.38,0.24
11433,62,0.45,0.22
11434,104,0.47,0.21
11435,136,0.41,0.27
11436,63,0.79,0.28
11437,122,0.34,0.13
11438,78,0.44,0.28
11439,94,0.77,0.25
11440,82,0.66,0.19
11441,112,0.37,0.26
11442,122,0.35,0.23
11443,124,0.66,0.18
11444,63,0.32,0.23
11445,38,0.56,0.29
11446,191,0.65,0.35
11447,138,0.38,0.13
11448,99,0.71,0.27
11449,148,0.59,0.15
11450,157,0.24,0.15
11451,115,0.71,0.13
11452,114,0.45,0.38
11453,147,0.54,0.33
11454,68,0.49,0.21
11455,153,0.66,0.15
11456,87,0.78,0.11
11457,40,0.76,0.36
11458,30,0.27,0.39
11459,197,0.3,0.16
11460,151,0.48,0.36
11461,141,0.64,0.37
11462,44,0.25,0.24
11463,149,0.35,0.17
11464,20,0.52,0.36
11465,96,0.54,0.38
11466,51,0.59,0.29
11467,28,0.44,0.19
11468,30,0.27,0.21
11469,164,0.69,0.34
11470,138,0.66,0.2
11471,195,0.59,0.19
11472,147,0.46,0.27
11473,174,0.66,0.29
11474,193,0.61,0.29
11475,130,0.35,0.29
11476,78,0.45,0.27
11477,150,0.55,0.31
11478,160,0.39,0.23
11479,58,0.63,0.36
11480,34,0.45,0.2
11481,72,0.61,0.34
11482,198,0.27,0.13
11483,23,0.61,0.37
11484,96,0.58,0.31
11485,54,0.6,0.22
11486,25,0.58,0.27
11487,45,0.66,0.23
11488,63,0.63,0.26
11489,50,0.54,0.11
11490,193,0.52,0.2
11491,108,0.34,0.39
11492,121,0.62,0.3
11493,84,0.75,0.29
11494,45,0.62,0.29
11495,39,0.43,0.24
11496,38,0.61,0.36
11497,40,0.22,0.33
11498,68,0.31,0.22
11499,109,0.51,0.29
11500,52,0.6,0.27
11501,116,0.57,0.23
11502,187,0.42,0.35
11503,191,0.55,0.23
11504,39,0.33,0.14
11505,160,0.33,0.15
11506,136,0.42,0.32
11507,89,0.71,0.32
11508,172,0.54,0.38
11509,98,0.63,0.15
11510,199,0.8,0.21
11511,125,0.27,0.34
11512,102,0.55,0.23
11513,95,0.5,0.17
11514,195,0.72,0.36
11515,64,0.25,0.22
11516,117,0.71,0.35
11517,120,0.73,0.22
11518,65,0.3,0.28
11519,146,0.5,0.23
11520,188,0.34,0.15
11521,170,0.48,0.18
11522,27,0.6,0.14
11523,100,0.56,0.36
11524,96,0.47,0.17
11525,45,0.8,0.17
11526,144,0.24,0.35
11527,67,0.37,0.16
11528,182,0.74,0.18
11529,37,0.47,0.24
11530,147,0.29,0.39
11531,29,0.68,0.17
11532,63,0.65,0.29
11533,187,0.26,0.3
11534,45,0.43,0.24
11535,25,0.68,0.26
11536,68,0.25,0.3
11537,110,0.27,0.15
11538,139,0.22,0.24
11539,168,0.29,0.24
11540,135,0.36,0.29
11541,196,0.42,0.17
11542,80,0.32,0.28
11543,66,0.72,0.14
11544,148,0.46,0.36
11545,150,0.64,0.4
11546,183,0.35,0.23
11547,48,0.61,0.34
11548,29,0.32,0.13
11549,83,0.6,0.37
11550,149,0.27,0.24
11551,197,0.31,0.11
11552,131,0.5,0.26
11553,151,0.71,0.37
11554,59,0.36,0.12
11555,135,0.56,0.15
11556,74,0.42,0.38
11557,34,0.59,0.34
11558,173,0.79,0.38
11559,186,0.47,0.12
11560,199,0.23,0.19
11561,179,0.77,0.17
11562,26,0.59,0.25
11563,120,0.58,0.23
11564,177,0.73,0.25
11565,39,0.8,0.2
11566,58,0.36,0.32
11567,29,0.46,0.39
11568,185,0.27,0.12
11569,103,0.77,0.33
11570,40,0.72,0.28
11571,44,0.43,0.24
11572,24,0.51,0.36
11573,193,0.26,0.23
11574,152,0.21,0.11
11575,175,0.77,0.37
11576,133,0.54,0.21
11577,54,0.28,0.18
11578,109,0.39,0.21
11579,181,0.8,0.27
11580,62,0.55,0.16
11581,113,0.56,0.16
11582,145,0.47,0.27
11583,41,0.45,0.28
11584,81,0.42,0.36
11585,88,0.48,0.1
11586,40,0.21,0.22
11587,155,0.51,0.23
11588,42,0.43,0.36
11589,26,0.59,0.38
11590,43,0.54,0.32
11591,50,0.41,0.35
11592,56,0.22,0.21
11593,155,0.4,0.38
11594,109,0.28,0.24
11595,177,0.38,0.26
11596,95,0.22,0.11
11597,78,0.66,0.33
11598,55,0.73,0.36
11599,68,0.63,0.28
11600,80,0.34,0.33
11601,198,0.26,0.11
11602,87,0.31,0.24
11603,153,0.79,0.39
11604,22,0.39,0.23
11605,157,0.73,0.17
11606,188,0.44,0.18
11607,86,0.62,0.2
11608,26,0.43,0.32
11609,184,0.68,0.19
11610,89,0.31,0.12
11611,157,0.39,0.34
11612,128,0.45,0.1
11613,23,0.44,0.16
11614,49,0.33,0.37
11615,194,0.36,0.18
11616,102,0.25,0.24
11617,199,0.48,0.38
11618,58,0.39,0.19
11619,59,0.76,0.23
11620,169,0.25,0.34
11621,137,0.52,0.16
11622,56,0.71,0.3
11623,115,0.34,0.2
11624,84,0.46,0.33
11625,88,0.53,0.23
11626,65,0.55,0.37
11627,81,0.31,0.34
11628,197,0.8,0.26
11629,116,0.59,0.2
11630,164,0.57,0.18
11631,119,0.7,0.38
11632,100,0.64,0.26
11633,86,0.69,0.16
11634,159,0.46,0.23
11635,43,0.61,0.39
11636,24,0.62,0.36
11637,145,0.67,0.39
11638,177,0.72,0.3
11639,143,0.66,0.33
11640,47,0.58,0.14
11641,137,0.4,0.32
11642,42,0.73,0.19
11643,131,0.49,0.12
11644,122,0.77,0.35
11645,29,0.75,0.32
11646,90,0.73,0.2
11647,42,0.57,0.2
11648,186,0.69,0.12
11649,44,0.5,0.18
11650,177,0.56,0.21
11651,79,0.39,0.29
11652,104,0.76,0.15
11653,46,0.66,0.12
11654,47,0.32,0.28
11655,190,0.79,0.16
11656,180,0.35,0.12
11657,178,0.43,0.14
11658,155,0.62,0.36
11659,182,0.31,0.26
11660,124,0.45,0.37
11661,110,0.52,0.36
11662,49,0.22,0.24
11663,200,0.37,0.21
11664,46,0.31,0.38
11665,197,0.22,0.37
11666,106,0.48,0.28
11667,138,0.33,0.29
11668,61,0.3,0.36
11669,49,0.59,0.2
11670,108,0.49,0.24
11671,179,0.23,0.16
11672,54,0.66,0.34
11673,155,0.35,0.4
11674,161,0.68,0.4
11675,155,0.69,0.11
11676,28,0.79,0.34
11677,160,0.42,0.24
11678,60,0.26,0.23
11679,161,0.29,0.21
11680,169,0.36,0.37
11681,50,0.31,0.31
11682,111,0.47,0.32
11683,137,0.23,0.24
11684,116,0.54,0.1
11685,115,0.7,0.17
11686,143,0.37,0.27
11687,194,0.77,0.11
11688,136,0.53,0.23
11689,168,0.79,0.35
11690,186,0.43,0.18
11691,36,0.46,0.27
11692,176,0.62,0.14
11693,66,0.33,0.34
11694,32,0.3,0.17
11695,162,0.4,0.27
11696,32,0.47,0.35
11697,194,0.41,0.3
11698,152,0.55,0.22
11699,61,0.33,0.32
11700,96,0.31,0.12
11701,135,0.52,0.33
11702,131,0.72,0.16
11703,103,0.77,0.21
11704,99,0.35,0.36
11705,160,0.48,0.22
11706,136,0.61,0.38
11707,170,0.35,0.18
11708,143,0.41,0.28
11709,167,0.66,0.16
11710,122,0.69,0.1
11711,74,0.22,0.22
11712,114,0.62,0.4
11713,65,0.37,0.18
11714,128,0.64,0.29
11715,160,0.58,0.37
11716,160,0.63,0.11
11717,129,0.35,0.22
11718,119,0.54,0.38
11719,100,0.38,0.21
11720,81,0.74,0.36
11721,196,0.26,0.22
11722,150,0.6,0.15
11723,44,0.57,0.3
11724,178,0.52,0.3
11725,62,0.76,0.2
11726,103,0.28,0.17
11727,61,0.5,0.33
11728,23,0.74,0.38
11729,81,0.26,0.13
11730,140,0.35,0.35
11731,176,0.28,0.26
11732,175,0.68,0.33
11733,95,0.3,0.22
11734,67,0.35,0.28
11735,109,0.23,0.27
11736,22,0.33,0.12
11737,189,0.6,0.39
11738,146,0.38,0.3
11739,144,0.25,0.13
11740,183,0.73,0.38
11741,68,0.31,0.26
11742,140,0.47,0.13
11743,115,0.39,0.37
11744,70,0.72,0.33
11745,122,0.37,0.21
11746,149,0.71,0.38
11747,199,0.53,0.24
11748,77,0.73,0.35
11749,93,0.22,0.23
11750,86,0.32,0.14
11751,78,0.35,0.19
11752,133,0.41,0.14
11753,63,0.52,0.12
11754,51,0.58,0.23
11755,87,0.71,0.21
11756,105,0.44,0.32
11757,21,0.39,0.23
11758,43,0.34,0.33
11759,157,0.47,0.16
11760,70,0.65,0.26
11761,186,0.51,0.35
11762,182,0.4,0.31
11763,186,0.22,0.36
11764,140,0.72,0.38
11765,134,0.64,0.18
11766,183,0.58,0.15
11767,146,0.45,0.39
11768,80,0.71,0.4
11769,83,0.72,0.12
11770,80,0.61,0.3
11771,122,0.28,0.37
11772,74,0.48,0.12
11773,49,0.5,0.21
11774,178,0.67,0.37
11775,22,0.67,0.1
11776,66,0.54,0.39
11777,57,0.31,0.29
11778,60,0.69,0.23
11779,159,0.21,0.19
11780,146,0.38,0.16
11781,134,0.79,0.1
11782,83,0.47,0.13
11783,90,0.4,0.34
11784,150,0.59,0.36
11785,83,0.75,0.21
11786,124,0.4,0.26
11787,33,0.42,0.33
11788,79,0.46,0.31
11789,160,0.74,0.19
11790,109,0.57,0.38
11791,196,0.76,0.21
11792,179,0.42,0.39
11793,23,0.33,0.37
11794,45,0.44,0.23
11795,48,0.38,0.16
11796,149,0.75,0.21
11797,96,0.41,0.12
11798,173,0.62,0.21
11799,159,0.4,0.12
11800,154,0.52,0.21
11801,197,0.21,0.14
11802,166,0.5,0.21
11803,76,0.49,0.35
11804,138,0.78,0.19
11805,174,0.38,0.37
11806,102,0.33,0.39
11807,70,0.46,0.31
11808,154,0.22,0.23
11809,153,0.52,0.39
11810,189,0.34,0.22
11811,195,0.66,0.27
11812,86,0.36,0.13
11813,82,0.54,0.18
11814,158,0.32,0.23
11815,140,0.42,0.4
11816,28,0.47,0.33
11817,31,0.7,0.3
11818,36,0.72,0.2
11819,115,0.55,0.17
11820,59,0.25,0.35
11821,58,0.45,0.27
11822,83,0.66,0.36
11823,128,0.63,0.15
11824,24,0.36,0.31
11825,73,0.56,0.24
11826,46,0.26,0.18
11827,150,0.69,0.21
11828,56,0.69,0.22
11829,104,0.39,0.22
11830,52,0.42,0.38
11831,87,0.37,0.31
11832,149,0.35,0.16
11833,193,0.32,0.38
11834,59,0.58,0.28
11835,161,0.75,0.36
11836,56,0.72,0.29
11837,132,0.36,0.38
11838,23,0.42,0.35
11839,130,0.77,0.38
11840,151,0.7,0.32
11841,179,0.74,0.4
11842,194,0.26,0.19
11843,170,0.37,0.15
11844,142,0.7,0.17
11845,190,0.51,0.37
11846,110,0.7,0.31
11847,91,0.52,0.22
11848,122,0.71,0.39
11849,173,0.49,0.39
11850,142,0.22,0.15
11851,94,0.36,0.16
11852,179,0.28,0.34
11853,129,0.69,0.38
11854,104,0.43,0.23
11855,93,0.41,0.31
11856,141,0.65,0.16
11857,142,0.49,0.34
11858,121,0.68,0.14
11859,40,0.58,0.27
11860,118,0.77,0.37
11861,114,0.5,0.21
11862,61,0.3,0.23
11863,87,0.41,0.38
11864,63,0.74,0.35
11865,183,0.55,0.1
11866,176,0.76,0.16
11867,72,0.26,0.18
11868,185,0.48,0.33
11869,177,0.42,0.21
11870,35,0.44,0.11
11871,161,0.45,0.35
11872,31,0.5,0.23
11873,87,0.69,0.25
11874,154,0.2,0.3
11875,21,0.76,0.18
11876,141,0.36,0.34
11877,182,0.26,0.27
11878,61,0.32,0.35
11879,124,0.25,0.29
11880,27,0.72,0.21
11881,88,0.5,0.25
11882,31,0.61,0.38
11883,67,0.63,0.21
11884,65,0.44,0.36
11885,28,0.2,0.29
11886,145,0.32,0.15
11887,170,0.73,0.31
11888,94,0.26,0.11
11889,98,0.24,0.36
11890,191,0.58,0.18
11891,149,0.43,0.28
11892,53,0.47,0.31
11893,170,0.4,0.17
11894,21,0.27,0.14
11895,129,0.77,0.34
11896,152,0.5,0.18
11897,24,0.32,0.3
11898,95,0.55,0.33
11899,97,0.39,0.31
11900,151,0.38,0.4
11901,152,0.43,0.18
11902,82,0.63,0.33
11903,122,0.41,0.23
11904,191,0.38,0.33
11905,58,0.69,0.11
11906,54,0.31,0.28
11907,30,0.24,0.17
11908,119,0.72,0.13
11909,131,0.44,0.15
11910,54,0.45,0.26
11911,122,0.29,0.35
11912,64,0.56,0.21
11913,75,0.3,0.19
11914,52,0.72,0.29
11915,136,0.53,0.2
11916,46,0.44,0.13
11917,30,0.35,0.31
11918,109,0.3,0.13
11919,37,0.35,0.12
11920,116,0.33,0.22
11921,59,0.28,0.24
11922,63,0.69,0.37
11923,30,0.28,0.4
11924,104,0.61,0.18
11925,119,0.77,0.15
11926,145,0.77,0.23
11927,24,0.46,0.16
11928,37,0.45,0.29
11929,167,0.22,0.29
11930,157,0.73,0.36
11931,169,0.46,0.37
11932,191,0.29,0.13
11933,148,0.68,0.37
11934,198,0.27,0.13
11935,166,0.28,0.18
11936,172,0.26,0.25
11937,175,0.42,0.39
11938,56,0.79,0.28
11939,20,0.32,0.33
11940,50,0.45,0.3
11941,77,0.42,0.18
11942,55,0.58,0.35
11943,37,0.78,0.39
11944,46,0.7,0.38
11945,75,0.38,0.24
11946,33,0.26,0.36
11947,125,0.26,0.34
11948,164,0.53,0.2
11949,152,0.31,0.4
11950,171,0.53,0.2
11951,40,0.61,0.27
11952,20,0.72,0.29
11953,34,0.34,0.32
11954,61,0.78,0.11
11955,106,0.62,0.34
11956,23,0.29,0.34
11957,145,0.42,0.35
11958,161,0.6,0.31
11959,100,0.69,0.25
11960,131,0.52,0.39
11961,102,0.45,0.17
11962,23,0.21,0.33
11963,20,0.58,0.36
11964,74,0.35,0.17
11965,101,0.61,0.28
11966,117,0.67,0.19
11967,186,0.71,0.36
11968,59,0.56,0.21
11969,146,0.37,0.2
11970,129,0.74,0.14
11971,50,0.26,0.31
11972,107,0.57,0.14
11973,182,0.65,0.36
11974,137,0.76,0.36
11975,104,0.56,0.39
11976,159,0.66,0.33
11977,150,0.36,0.12
11978,35,0.3,0.33
11979,182,0.29,0.17
11980,141,0.41,0.2
11981,62,0.79,0.39
11982,113,0.32,0.17
11983,180,0.8,0.28
11984,134,0.58,0.12
11985,173,0.31,0.34
11986,21,0.22,0.39
11987,120,0.54,0.32
11988,106,0.31,0.18
11989,183,0.55,0.39
11990,180,0.41,0.12
11991,75,0.38,0.19
11992,112,0.39,0.28
11993,73,0.33,0.25
11994,166,0.46,0.34
11995,69,0.29,0.21
11996,106,0.4,0.28
11997,196,0.41,0.25
11998,128,0.38,0.19
11999,66,0.42,0.27
12000,115,0.34,0.15
12001,160,0.25,0.26
12002,158,0.72,0.12
12003,85,0.52,0.2
12004,139,0.44,0.13
12005,67,0.23,0.29
12006,46,0.28,0.38
12007,172,0.56,0.25
12008,136,0.41,0.17
12009,37,0.28,0.2
12010,99,0.38,0.22
12011,72,0.57,0.18
12012,31,0.7,0.33
12013,57,0.26,0.37
12014,115,0.39,0.16
12015,54,0.24,0.24
12016,55,0.66,0.21
12017,103,0.41,0.15
12018,134,0.35,0.18
12019,188,0.54,0.27
12020,161,0.43,0.28
12021,61,0.71,0.37
12022,61,0.26,0.25
12023,75,0.23,0.35
12024,178,0.39,0.26
12025,59,0.57,0.18
12026,42,0.35,0.2
12027,101,0.4,0.19
12028,182,0.42,0.28
12029,129,0.45,0.36
12030,158,0.64,0.2
12031,97,0.3,0.13
12032,131,0.43,0.37
12033,66,0.31,0.35
12034,73,0.72,0.37
12035,149,0.48,0.22
12036,58,0.39,0.32
12037,79,0.2,0.29
12038,39,0.76,0.26
12039,58,0.62,0.34
12040,29,0.48,0.26
12041,189,0.69,0.33
12042,189,0.78,0.34
12043,66,0.54,0.14
12044,24,0.41,0.19
12045,180,0.55,0.22
12046,58,0.43,0.19
12047,193,0.53,0.13
12048,176,0.45,0.1
12049,52,0.28,0.17
12050,132,0.31,0.38
12051,187,0.37,0.23
12052,104,0.47,0.32
12053,50,0.73,0.27
12054,163,0.52,0.26
12055,145,0.78,0.35
12056,155,0.38,0.12
12057,50,0.51,0.31
12058,68,0.28,0.24
12059,162,0.36,0.16
12060,43,0.75,0.24
12061,143,0.31,0.13
12062,58,0.73,0.39
12063,31,0.25,0.33
12064,71,0.61,0.16
12065,84,0.78,0.15
12066,87,0.37,0.23
12067,38,0.72,0.31
12068,160,0.34,0.24
12069,118,0.48,0.32
12070,55,0.65,0.17
12071,161,0.69,0.19
12072,63,0.27,0.15
12073,194,0.44,0.13
12074,124,0.7,0.31
12075,26,0.21,0.23
12076,136,0.7,0.12
12077,50,0.76,0.25
12078,87,0.29,0.28
12079,197,0.5,0.18
12080,161,0.24,0.1
12081,142,0.67,0.26
12082,50,0.38,0.35
12083,71,0.44,0.24
12084,129,0.53,0.25
12085,179,0.77,0.27
12086,60,0.63,0.17
12087,34,0.77,0.12
12088,52,0.71,0.23
12089,141,0.46,0.16
12090,181,0.58,0.24
12091,102,0.59,0.3
12092,162,0.76,0.38
12093,139,0.72,0.23
12094,146,0.74,0.11
12095,44,0.47,0.32
12096,196,0.42,0.14
12097,67,0.21,0.24
12098,21,0.42,0.37
12099,130,0.48,0.24
12100,83,0.75,0.31
12101,180,0.33,0.29
12102,182,0.69,0.11
12103,50,0.22,0.39
12104,187,0.63,0.18
12105,129,0.42,0.15
12106,47,0.2,0.23
12107,29,0.42,0.15
12108,63,0.62,0.32
12109,104,0.26,0.29
12110,25,0.63,0.25
12111,160,0.51,0.38
12112,73,0.61,0.24
12113,120,0.63,0.13
12114,68,0.79,0.38
12115,71,0.3,0.11
12116,70,0.42,0.15
12117,178,0.32,0.15
12118,59,0.25,0.15
12119,90,0.75,0.31
12120,86,0.6,0.33
12121,200,0.67,0.12
12122,74,0.51,0.26
12123,132,0.47,0.23
12124,174,0.58,0.28
12125,186,0.45,0.39
12126,133,0.4,0.19
12127,27,0.29,0.3
12128,29,0.57,0.38
12129,147,0.65,0.17
12130,93,0.76,0.38
12131,23,0.52,0.16
12132,194,0.7,0.31
12133,102,0.73,0.32
12134,183,0.43,0.36
12135,170,0.72,0.22
12136,193,0.57,0.13
12137,156,0.29,0.28
12138,185,0.72,0.13
12139,23,0.22,0.12
12140,88,0.72,0.28
12141,38,0.72,0.27
12142,123,0.67,0.33
12143,166,0.47,0.38
12144,164,0.64,0.24
12145,159,0.43,0.26
12146,55,0.25,0.38
12147,174,0.52,0.34
12148,118,0.34,0.32
12149,111,0.59,0.27
12150,180,0.43,0.28
12151,22,0.4,0.18
12152,147,0.66,0.33
12153,59,0.32,0.2
12154,181,0.27,0.27
12155,89,0.51,0.25
12156,197,0.37,0.38
12157,22,0.55,0.3
12158,82,0.34,0.18
12159,169,0.23,0.32
12160,189,0.75,0.25
12161,73,0.66,0.27
12162,24,0.79,0.32
12163,124,0.72,0.24
12164,140,0.35,0.21
12165,34,0.44,0.24
12166,36,0.69,0.36
12167,143,0.71,0.12
12168,149,0.56,0.13
12169,92,0.5,0.35
12170,115,0.79,0.34
12171,182,0.51,0.3
12172,131,0.57,0.36
12173,75,0.64,0.16
12174,125,0.51,0.19
12175,87,0.79,0.31
12176,84,0.63,0.38
12177,164,0.34,0.14
12178,113,0.54,0.3
12179,134,0.66,0.12
12180,73,0.63,0.26
12181,189,0.42,0.39
12182,58,0.45,0.21
12183,39,0.28,0.19
12184,115,0.68,0.35
12185,96,0.27,0.18
12186,130,0.72,0.32
12187,44,0.49,0.34
12188,165,0.62,0.31
12189,116,0.58,0.12
12190,62,0.39,0.19
12191,21,0.2,0.37
12192,172,0.74,0.25
12193,101,0.28,0.16
12194,192,0.7,0.19
12195,97,0.77,0.17
12196,90,0.45,0.27
12197,183,0.4,0.14
12198,114,0.52,0.14
12199,99,0.35,0.28
12200,101,0.62,0.2
12201,128,0.72,0.1
12202,172,0.26,0.23
12203,40,0.68,0.12
12204,57,0.38,0.19
12205,157,0.61,0.28
12206,98,0.36,0.32
12207,176,0.51,0.1
12208,140,0.72,0.28
12209,142,0.71,0.28
12210,44,0.29,0.35
12211,60,0.28,0.14
12212,157,0.8,0.15
12213,36,0.7,0.35
12214,124,0.33,0.32
12215,94,0.44,0.13
12216,183,0.38,0.24
12217,66,0.44,0.18
12218,176,0.77,0.28
12219,185,0.48,0.27
12220,104,0.74,0.29
12221,179,0.35,0.4
12222,163,0.47,0.31
12223,123,0.37,0.35
12224,152,0.34,0.37
12225,108,0.39,0.4
12226,186,0.6,0.3
12227,48,0.4,0.35
12228,86,0.72,0.26
12229,151,0.77,0.36
12230,165,0.76,0.25
12231,153,0.25,0.19
12232,96,0.53,0.1
12233,91,0.76,0.34
12234,189,0.24,0.14
12235,67,0.48,0.24
12236,44,0.5,0.19
12237,142,0.77,0.15
12238,129,0.71,0.37
12239,157,0.23,0.14
12240,37,0.35,0.26
12241,46,0.31,0.31
12242,184,0.62,0.34
12243,115,0.39,0.22
12244,137,0.37,0.14
12245,43,0.23,0.3
12246,110,0.27,0.11
12247,199,0.3,0.17
12248,145,0.37,0.21
12249,97,0.32,0.3
12250,91,0.71,0.21
12251,153,0.71,0.17
12252,198,0.57,0.12
12253,30,0.42,0.18
12254,38,0.57,0.16
12255,198,0.72,0.26
12256,109,0.23,0.16
12257,47,0.63,0.13
12258,50,0.48,0.13
12259,104,0.72,0.11
12260,198,0.77,0.28
12261,158,0.48,0.14
12262,150,0.64,0.12
12263,72,0.78,0.24
12264,117,0.23,0.13
12265,119,0.26,0.33
12266,170,0.73,0.17
12267,194,0.26,0.1
12268,154,0.76,0.37
12269,154,0.53,0.25
12270,123,0.72,0.36
12271,116,0.72,0.27
12272,51,0.62,0.12
12273,148,0.46,0.23
12274,185,0.3,0.13
12275,104,0.67,0.26
12276,50,0.34,0.34
12277,108,0.49,0.35
12278,110,0.71,0.33
12279,103,0.33,0.39
12280,27,0.72,0.28
12281,66,0.52,0.15
12282,89,0.74,0.39
12283,95,0.27,0.16
12284,80,0.72,0.26
12285,177,0.56,0.37
12286,169,0.7,0.36
12287,94,0.67,0.19
12288,86,0.59,0.26
12289,134,0.34,0.17
12290,98,0.64,0.25
12291,20,0.24,0.24
12292,49,0.53,0.35
12293,77,0.31,0.24
12294,177,0.62,0.38
12295,108,0.21,0.33
12296,136,0.51,0.22
12297,43,0.54,0.4
12298,161,0.48,0.38
12299,64,0.71,0.12
12300,87,0.3,0.22
12301,29,0.63,0.38
12302,69,0.71,0.32
12303,147,0.77,0.33
12304,123,0.47,0.34
12305,113,0.41,0.14
12306,184,0.73,0.25
12307,56,0.79,0.15
12308,163,0.48,0.18
12309,156,0.32,0.34
12310,200,0.79,0.38
12311,110,0.73,0.28
12312,88,0.68,0.14
12313,56,0.38,0.31
12314,137,0.46,0.35
12315,149,0.46,0.32
12316,82,0.22,0.18
12317,118,0.57,0.16
12318,153,0.72,0.39
12319,54,0.55,0.36
12320,127,0.71,0.27
12321,125,0.41,0.3
12322,41,0.7,0.34
12323,199,0.68,0.24
12324,95,0.39,0.17
12325,99,0.65,0.12
12326,61,0.55,0.37
12327,131,0.45,0.29
12328,189,0.77,0.11
12329,25,0.71,0.35
12330,166,0.52,0.33
12331,163,0.24,0.14
12332,197,0.56,0.14
12333,152,0.44,0.33
12334,123,0.71,0.34
12335,83,0.2,0.13
12336,76,0.59,0.24
12337,73,0.68,0.35
12338,153,0.72,0.16
12339,109,0.44,0.24
12340,182,0.78,0.27
12341,38,0.61,0.24
12342,95,0.27,0.23
12343,31,0.4,0.21
12344,159,0.33,0.37
12345,48,0.79,0.12
12346,51,0.45,0.32
12347,46,0.43,0.3
12348,98,0.37,0.38
12349,141,0.24,0.25
12350,29,0.27,0.21
12351,64,0.66,0.37
12352,33,0.46,0.25
12353,53,0.4,0.34
12354,63,0.29,0.2
12355,41,0.47,0.21
12356,99,0.26,0.12
12357,118,0.32,0.34
12358,98,0.23,0.15
12359,100,0.77,0.11
12360,168,0.34,0.17
12361,81,0.29,0.11
12362,34,0.39,0.21
12363,61,0.79,0.28
12364,139,0.22,0.27
12365,153,0.57,0.24
12366,70,0.22,0.29
12367,161,0.63,0.27
12368,22,0.66,0.31
12369,148,0.55,0.14
12370,161,0.44,0.12
12371,165,0.26,0.36
12372,124,0.79,0.16
12373,197,0.72,0.1
12374,22,0.25,0.28
12375,122,0.58,0.23
12376,117,0.58,0.16
12377,158,0.5,0.21
12378,159,0.29,0.35
12379,141,0.78,0.28
12380,61,0.26,0.32
12381,163,0.21,0.37
12382,171,0.47,0.36
12383,78,0.77,0.29
12384,87,0.45,0.34
12385,150,0.75,0.31
12386,139,0.49,0.26
12387,156,0.71,0.38
12388,161,0.44,0.31
12389,179,0.42,0.25
12390,145,0.68,0.31
12391,154,0.38,0.38
12392,95,0.5,0.33
12393,67,0.76,0.22
12394,33,0.76,0.25
12395,64,0.74,0.32
12396,22,0.74,0.36
12397,187,0.57,0.39
12398,44,0.3,0.34
12399,152,0.55,0.39
12400,74,0.43,0.14
12401,150,0.3,0.13
12402,153,0.78,0.19
12403,75,0.76,0.25
12404,37,0.7,0.14
12405,185,0.37,0.34
12406,130,0.61,0.35
12407,116,0.37,0.29
12408,56,0.39,0.22
12409,185,0.4,0.31
12410,35,0.74,0.28
12411,51,0.76,0.26
12412,118,0.66,0.15
12413,38,0.32,0.19
12414,83,0.74,0.13
12415,62,0.4,0.38
12416,154,0.79,0.22
12417,172,0.56,0.15
12418,136,0.25,0.38
12419,114,0.52,0.39
12420,172,0.66,0.13
12421,186,0.22,0.16
12422,175,0.56,0.26
12423,83,0.58,0.35
12424,147,0.73,0.17
12425,21,0.64,0.12
12426,111,0.38,0.27
12427,111,0.63,0.37
12428,131,0.3,0.13
12429,103,0.53,0.38
12430,50,0.67,0.24
12431,50,0.54,0.39
12432,110,0.73,0.29
12433,157,0.46,0.31
12434,97,0.63,0.36
12435,200,0.79,0.28
12436,129,0.33,0.25
12437,22,0.7,0.22
12438,181,0.63,0.37
12439,128,0.25,0.25
12440,177,0.29,0.29
12441,60,0.34,0.17
12442,136,0.78,0.39
12443,69,0.43,0.33
12444,148,0.34,0.31
12445,51,0.41,0.21
12446,103,0.58,0.29
12447,119,0.43,0.38
12448,148,0.62,0.25
12449,76,0.23,0.37
12450,176,0.49,0.16
12451,72,0.24,0.29
12452,69,0.39,0.23
12453,157,0.59,0.29
12454,184,0.62,0.25
12455,164,0.41,0.3
12456,142,0.69,0.24
12457,133,0.43,0.33
12458,127,0.62,0.12
12459,158,0.58,0.25
12460,38,0.45,0.23
12461,180,0.31,0.36
12462,73,0.6,0.17
12463,83,0.23,0.21
12464,54,0.43,0.38
12465,84,0.48,0.19
12466,119,0.69,0.36
12467,66,0.6,0.3
12468,161,0.59,0.27
12469,45,0.68,0.36
12470,157,0.78,0.11
12471,149,0.67,0.36
12472,161,0.22,0.33
12473,164,0.25,0.23
12474,47,0.43,0.29
12475,34,0.32,0.34
12476,78,0.22,0.31
12477,36,0.45,0.3
12478,50,0.42,0.22
12479,36,0.43,0.14
12480,100,0.47,0.15
12481,154,0.38,0.37
12482,188,0.77,0.33
12483,193,0.51,0.32
12484,65,0.74,0.37
12485,96,0.46,0.36
12486,40,0.54,0.3
12487,192,0.46,0.32
12488,98,0.51,0.32
12489,173,0.42,0.11
12490,75,0.39,0.35
12491,47,0.25,0.13
12492,173,0.71,0.4
12493,174,0.55,0.35
12494,44,0.79,0.2
12495,72,0.29,0.34
12496,42,0.34,0.31
12497,126,0.41,0.14
12498,154,0.77,0.16
12499,96,0.56,0.26
12500,62,0.4,0.24
12501,44,0.72,0.1
12502,180,0.52,0.18
12503,132,0.3,0.21
12504,24,0.65,0.38
12505,65,0.48,0.22
12506,104,0.27,0.31
12507,113,0.5,0.29
12508,112,0.46,0.26
12509,72,0.71,0.17
12510,107,0.22,0.26
12511,39,0.21,0.32
12512,100,0.77,0.14
12513,47,0.41,0.19
12514,93,0.48,0.11
12515,171,0.23,0.31
12516,77,0.48,0.28
12517,125,0.42,0.22
12518,198,0.66,0.28
12519,24,0.59,0.15
12520,187,0.69,0.25
12521,139,0.78,0.1
12522,125,0.76,0.3
12523,30,0.39,0.16
12524,191,0.24,0.35
12525,78,0.79,0.35
12526,171,0.28,0.14
12527,39,0.6,0.15
12528,41,0.42,0.37
12529,167,0.21,0.26
12530,104,0.54,0.2
12531,146,0.61,0.36
12532,194,0.2,0.32
12533,119,0.65,0.27
12534,31,0.34,0.39
12535,192,0.68,0.13
12536,132,0.34,0.19
12537,168,0.51,0.12
12538,129,0.7,0.38
12539,110,0.62,0.24
12540,186,0.74,0.29
12541,39,0.49,0.28
12542,101,0.4,0.15
12543,200,0.5,0.17
12544,192,0.49,0.23
12545,189,0.54,0.32
12546,45,0.79,0.21
12547,162,0.38,0.37
12548,200,0.65,0.16
12549,157,0.46,0.34
12550,108,0.32,0.38
12551,35,0.25,0.12
12552,72,0.67,0.29
12553,163,0.73,0.11
12554,127,0.48,0.37
12555,111,0.48,0.16
12556,188,0.61,0.12
12557,52,0.72,0.17
12558,195,0.56,0.38
12559,50,0.78,0.31
12560,171,0.26,0.2
12561,109,0.53,0.37
12562,47,0.76,0.16
12563,106,0.45,0.24
12564,114,0.43,0.18
12565,118,0.36,0.31
12566,199,0.27,0.35
12567,118,0.34,0.14
12568,196,0.29,0.26
12569,85,0.32,0.22
12570,118,0.37,0.26
12571,64,0.79,0.17
12572,160,0.33,0.15
12573,145,0.52,0.22
12574,101,0.34,0.16
12575,44,0.51,0.19
12576,196,0.67,0.38
12577,172,0.34,0.31
12578,119,0.77,0.1
12579,76,0.6,0.15
12580,163,0.53,0.26
12581,42,0.49,0.19
12582,109,0.23,0.13
12583,153,0.61,0.18
12584,187,0.4,0.16
12585,40,0.43,0.18
12586,51,0.79,0.27
12587,71,0.32,0.35
12588,189,0.63,0.4
12589,44,0.77,0.32
12590,102,0.74,0.29
12591,63,0.79,0.19
12592,32,0.33,0.22
12593,158,0.35,0.34
12594,168,0.56,0.15
12595,190,0.7,0.3
12596,189,0.73,0.31
12597,118,0.72,0.33
12598,167,0.6,0.29
12599,169,0.39,0.3
12600,80,0.36,0.26
12601,111,0.75,0.32
12602,47,0.51,0.32
12603,139,0.21,0.31
12604,22,0.67,0.25
12605,24,0.79,0.15
12606,26,0.79,0.25
12607,25,0.31,0.15
12608,62,0.57,0.22
12609,100,0.75,0.26
12610,30,0.36,0.2
12611,157,0.57,0.12
12612,77,0.67,0.19
12613,96,0.53,0.34
12614,55,0.35,0.39
12615,150,0.78,0.11
12616,130,0.73,0.34
12617,41,0.42,0.3
12618,82,0.53,0.16
12619,155,0.48,0.36
12620,124,0.76,0.27
12621,85,0.29,0.2
12622,155,0.38,0.27
12623,86,0.35,0.29
12624,102,0.73,0.19
12625,109,0.48,0.35
12626,162,0.68,0.33
12627,87,0.25,0.25
12628,79,0.72,0.31
12629,194,0.31,0.35
12630,110,0.31,0.27
12631,113,0.67,0.35
12632,162,0.36,0.28
12633,62,0.3,0.2
12634,102,0.26,0.34
12635,58,0.68,0.16
12636,141,0.45,0.28
12637,164,0.69,0.26
12638,176,0.27,0.16
12639,91,0.5,0.1
12640,131,0.48,0.27
12641,81,0.42,0.34
12642,139,0.44,0.11
12643,123,0.61,0.3
12644,151,0.45,0.23
12645,93,0.64,0.18
12646,105,0.72,0.31
12647,155,0.66,0.31
12648,121,0.64,0.36
12649,182,0.55,0.19
12650,162,0.68,0.32
12651,150,0.41,0.17
12652,106,0.56,0.36
12653,145,0.3,0.25
12654,45,0.61,0.39
12655,162,0.62,0.32
12656,52,0.4,0.24
12657,78,0.73,0.39
12658,80,0.69,0.4
12659,170,0.62,0.21
12660,71,0.28,0.23
12661,190,0.56,0.37
12662,23,0.6,0.23
12663,147,0.7,0.16
12664,190,0.55,0.36
12665,34,0.66,0.3
12666,130,0.2,0.23
12667,179,0.3,0.2
12668,183,0.22,0.37
12669,172,0.59,0.26
12670,180,0.2,0.14
12671,125,0.65,0.23
12672,35,0.29,0.26
12673,134,0.38,0.17
12674,33,0.3,0.15
12675,131,0.72,0.32
12676,46,0.62,0.34
12677,79,0.68,0.39
12678,169,0.66,0.37
12679,56,0.74,0.34
12680,89,0.21,0.16
12681,131,0.73,0.16
12682,126,0.53,0.33
12683,127,0.43,0.18
12684,35,0.44,0.18
12685,100,0.66,0.22
12686,28,0.73,0.23
12687,70,0.58,0.17
12688,78,0.39,0.15
12689,171,0.61,0.11
12690,128,0.72,0.35
12691,130,0.23,0.14
12692,134,0.56,0.38
12693,144,0.79,0.33
12694,187,0.39,0.21
12695,151,0.69,0.16
12696,121,0.42,0.14
12697,112,0.22,0.34
12698,60,0.27,0.15
12699,46,0.35,0.39
12700,54,0.7,0.26
12701,62,0.73,0.12
12702,175,0.67,0.21
12703,91,0.39,0.37
12704,139,0.51,0.14
12705,118,0.36,0.25
12706,148,0.59,0.2
12707,102,0.51,0.18
12708,151,0.46,0.23
12709,39,0.68,0.33
12710,195,0.45,0.38
12711,177,0.26,0.14
12712,180,0.27,0.28
12713,147,0.25,0.35
12714,59,0.61,0.35
12715,163,0.52,0.18
12716,193,0.3,0.17
12717,24,0.39,0.13
12718,155,0.23,0.11
12719,81,0.6,0.34
12720,135,0.45,0.27
12721,95,0.45,0.34
12722,21,0.23,0.39
12723,180,0.72,0.27
12724,64,0.63,0.31
12725,177,0.29,0.29
12726,185,0.25,0.23
12727,54,0.67,0.2
12728,134,0.73,0.25
12729,102,0.48,0.39
12730,100,0.77,0.19
12731,36,0.71,0.34
12732,83,0.28,0.14
12733,57,0.28,0.35
12734,52,0.72,0.33
12735,166,0.44,0.24
12736,191,0.63,0.38
12737,197,0.23,0.35
12738,148,0.3,0.34
12739,180,0.36,0.32
12740,94,0.76,0.27
12741,35,0.74,0.15
12742,79,0.68,0.37
12743,91,0.79,0.27
12744,107,0.75,0.15
12745,45,0.21,0.2
12746,188,0.41,0.4
12747,167,0.66,0.3
12748,115,0.28,0.2
12749,154,0.8,0.14
12750,32,0.71,0.39
12751,182,0.59,0.33
12752,154,0.51,0.34
12753,198,0.21,0.25
12754,195,0.35,0.4
12755,100,0.22,0.38
12756,131,0.57,0.14
12757,98,0.56,0.33
12758,67,0.76,0.19
12759,103,0.59,0.39
12760,89,0.29,0.31
12761,114,0.6,0.2
12762,143,0.65,0.29
12763,185,0.28,0.22
12764,181,0.6,0.11
12765,31,0.46,0.26
12766,178,0.64,0.2
12767,173,0.62,0.26
12768,126,0.53,0.11
12769,107,0.4,0.16
12770,56,0.32,0.18
12771,198,0.54,0.26
12772,28,0.59,0.33
12773,138,0.43,0.21
12774,50,0.35,0.28
12775,28,0.74,0.38
12776,107,0.4,0.32
12777,124,0.65,0.26
12778,63,0.22,0.12
12779,114,0.41,0.32
12780,25,0.6,0.15
12781,150,0.32,0.39
12782,137,0.42,0.4
12783,163,0.6,0.36
12784,31,0.31,0.31
12785,125,0.2,0.25
12786,90,0.3,0.28
12787,149,0.31,0.21
12788,107,0.29,0.15
12789,142,0.53,0.32
12790,129,0.25,0.38
12791,100,0.66,0.37
12792,146,0.58,0.32
12793,119,0.22,0.13
12794,107,0.51,0.11
12795,35,0.69,0.15
12796,193,0.38,0.16
12797,26,0.48,0.11
12798,83,0.57,0.35
12799,111,0.67,0.13
12800,35,0.54,0.39
12801,179,0.43,0.17
12802,24,0.32,0.3
12803,62,0.36,0.3
12804,118,0.52,0.21
12805,83,0.4,0.26
12806,112,0.69,0.22
12807,29,0.74,0.39
12808,170,0.56,0.26
12809,125,0.49,0.21
12810,69,0.24,0.35
12811,62,0.35,0.37
12812,46,0.66,0.22
12813,69,0.22,0.29
12814,193,0.25,0.32
12815,171,0.32,0.23
12816,182,0.79,0.4
12817,129,0.44,0.24
12818,187,0.58,0.15
12819,138,0.2,0.16
12820,85,0.65,0.34
12821,174,0.28,0.2
12822,146,0.28,0.25
12823,72,0.41,0.26
12824,199,0.4,0.2
12825,20,0.28,0.35
12826,156,0.72,0.25
12827,177,0.63,0.24
12828,30,0.29,0.17
12829,139,0.34,0.1
12830,174,0.75,0.28
12831,111,0.62,0.28
12832,50,0.57,0.29
12833,165,0.45,0.37
12834,25,0.46,0.3
12835,154,0.79,0.15
12836,138,0.25,0.33
12837,48,0.39,0.21
12838,30,0.34,0.36
12839,77,0.46,0.24
12840,85,0.46,0.28
12841,97,0.77,0.36
12842,160,0.5,0.12
12843,51,0.59,0.38
12844,131,0.71,0.37
12845,144,0.46,0.23
12846,139,0.5,0.18
12847,91,0.64,0.19
12848,146,0.3,0.34
12849,93,0.28,0.33
12850,138,0.3,0.17
12851,118,0.63,0.37
12852,62,0.5,0.38
12853,132,0.65,0.12
12854,42,0.76,0.32
12855,39,0.57,0.3
12856,39,0.59,0.3
12857,164,0.59,0.1
12858,161,0.48,0.1
12859,85,0.67,0.23
12860,133,0.48,0.24
12861,182,0.49,0.25
12862,128,0.49,0.4
12863,73,0.39,0.26
12864,192,0.5,0.12
12865,57,0.47,0.18
12866,107,0.23,0.39
12867,122,0.28,0.17
12868,71,0.75,0.35
12869,81,0.65,0.31
12870,23,0.75,0.28
12871,149,0.56,0.15
12872,64,0.4,0.12
12873,189,0.54,0.15
12874,162,0.47,0.2
12875,158,0.42,0.18
12876,101,0.76,0.15
12877,165,0.73,0.14
12878,168,0.44,0.38
12879,140,0.26,0.34
12880,185,0.49,0.31
12881,144,0.39,0.31
12882,143,0.23,0.29
12883,195,0.68,0.33
12884,112,0.31,0.27
12885,28,0.73,0.39
12886,69,0.63,0.12
12887,191,0.57,0.17
12888,136,0.67,0.32
12889,185,0.77,0.37
12890,153,0.63,0.34
12891,116,0.42,0.31
12892,117,0.69,0.17
12893,69,0.47,0.36
12894,110,0.47,0.26
12895,99,0.57,0.25
12896,20,0.23,0.12
12897,129,0.69,0.24
12898,29,0.58,0.21
12899,81,0.53,0.32
12900,36,0.3,0.2
12901,50,0.51,0.27
12902,50,0.48,0.25
12903,170,0.76,0.34
12904,149,0.38,0.24
12905,172,0.69,0.12
12906,58,0.26,0.31
12907,106,0.39,0.33
12908,21,0.71,0.13
12909,189,0.38,0.39
12910,51,0.49,0.24
12911,135,0.61,0.15
12912,199,0.22,0.29
12913,71,0.39,0.31
12914,156,0.79,0.24
12915,53,0.73,0.39
12916,129,0.35,0.29
12917,65,0.63,0.19
12918,23,0.76,0.15
12919,138,0.43,0.24
12920,97,0.45,0.31
12921,49,0.23,0.19
12922,114,0.72,0.29
12923,129,0.63,0.12
12924,158,0.69,0.4
12925,170,0.76,0.28
12926,78,0.55,0.19
12927,158,0.7,0.26
12928,87,0.45,0.32
12929,195,0.55,0.38
12930,117,0.24,0.14
12931,144,0.48,0.15
12932,114,0.46,0.17
12933,185,0.49,0.24
12934,103,0.26,0.2
12935,141,0.27,0.2
12936,190,0.29,0.35
12937,145,0.72,0.4
12938,40,0.31,0.35
12939,112,0.58,0.33
12940,38,0.25,0.27
12941,192,0.58,0.35
12942,189,0.78,0.15
12943,47,0.75,0.29
12944,196,0.33,0.31
12945,137,0.31,0.4
12946,92,0.42,0.15
12947,140,0.48,0.23
12948,71,0.57,0.17
12949,187,0.37,0.18
12950,131,0.6,0.29
12951,93,0.25,0.1
12952,58,0.39,0.1
12953,183,0.69,0.23
12954,80,0.36,0.28
12955,167,0.27,0.39
12956,76,0.44,0.25
12957,79,0.63,0.1
12958,163,0.39,0.39
12959,165,0.23,0.26
12960,139,0.28,0.24
12961,102,0.29,0.19
12962,98,0.36,0.26
12963,89,0.51,0.11
12964,168,0.79,0.26
12965,82,0.22,0.4
12966,174,0.36,0.31
12967,189,0.69,0.12
12968,30,0.39,0.13
12969,85,0.24,0.3
12970,76,0.25,0.33
12971,168,0.48,0.33
12972,184,0.47,0.22
12973,66,0.42,0.34
12974,158,0.72,0.21
12975,173,0.78,0.34
12976,53,0.34,0.37
12977,146,0.42,0.27
12978,121,0.68,0.14
12979,156,0.24,0.19
12980,116,0.35,0.32
12981,120,0.47,0.16
12982,138,0.45,0.29
12983,179,0.48,0.37
12984,78,0.57,0.38
12985,79,0.69,0.11
12986,117,0.59,0.39
12987,78,0.38,0.23
12988,69,0.74,0.37
12989,158,0.56,0.37
12990,174,0.61,0.26
12991,55,0.66,0.35
12992,97,0.79,0.24
12993,196,0.48,0.24
12994,75,0.69,0.26
12995,171,0.67,0.35
12996,197,0.8,0.33
12997,157,0.64,0.27
12998,148,0.23,0.19
12999,181,0.61,0.21
13000,178,0.21,0.15
13001,47,0.3,0.1
13002,134,0.66,0.39
13003,150,0.75,0.15
13004,147,0.28,0.32
13005,122,0.71,0.13
13006,168,0.26,0.35
13007,190,0.34,0.23
13008,82,0.42,0.14
13009,157,0.74,0.15
13010,93,0.65,0.26
13011,47,0.42,0.37
13012,183,0.4,0.12
13013,133,0.43,0.36
13014,83,0.25,0.11
13015,21,0.7,0.31
13016,119,0.48,0.17
13017,45,0.58,0.14
13018,39,0.27,0.34
13019,84,0.75,0.27
13020,88,0.69,0.23
13021,40,0.71,0.11
13022,158,0.59,0.37
13023,87,0.38,0.23
13024,39,0.61,0.19
13025,88,0.61,0.33
13026,45,0.35,0.14
13027,119,0.49,0.16
13028,169,0.68,0.14
13029,138,0.45,0.17
13030,22,0.48,0.27
13031,92,0.77,0.12
13032,93,0.52,0.16
13033,181,0.26,0.33
13034,153,0.68,0.34
13035,54,0.45,0.12
13036,96,0.75,0.29
13037,129,0.29,0.37
13038,91,0.32,0.18
13039,92,0.78,0.22
13040,98,0.25,0.11
13041,25,0.4,0.27
13042,52,0.7,0.33
13043,161,0.79,0.31
13044,107,0.41,0.36
13045,87,0.28,0.31
13046,87,0.55,0.18
13047,78,0.79,0.29
13048,172,0.27,0.26
13049,146,0.58,0.13
13050,36,0.2,0.16
13051,21,0.41,0.31
13052,122,0.78,0.13
13053,56,0.7,0.37
13054,157,0.73,0.23
13055,124,0.52,0.4
13056,149,0.26,0.11
13057,107,0.25,0.22
13058,121,0.28,0.18
13059,194,0.2,0.19
13060,127,0.28,0.15
13061,94,0.66,0.16
13062,76,0.54,0.15
13063,187,0.55,0.27
13064,47,0.25,0.27
13065,180,0.2,0.12
13066,66,0.56,0.18
13067,102,0.31,0.38
13068,56,0.25,0.36
13069,158,0.51,0.27
13070,82,0.49,0.22
13071,176,0.61,0.32
13072,50,0.61,0.26
13073,88,0.72,0.34
13074,116,0.62,0.24
13075,110,0.45,0.29
13076,49,0.8,0.28
13077,181,0.75,0.31
13078,146,0.35,0.32
13079,150,0.45,0.28
13080,76,0.29,0.33
13081,149,0.43,0.17
13082,179,0.29,0.27
13083,33,0.62,0.39
13084,88,0.71,0.18
13085,24,0.69,0.13
13086,180,0.39,0.34
13087,139,0.73,0.14
13088,50,0.42,0.35
13089,197,0.58,0.21
13090,98,0.51,0.14
13091,103,0.39,0.15
13092,107,0.53,0.25
13093,32,0.22,0.38
13094,101,0.34,0.38
13095,114,0.42,0.3
13096,54,0.25,0.13
13097,148,0.39,0.22
13098,134,0.31,0.13
13099,187,0.46,0.19
13100,25,0.41,0.15
13101,52,0.33,0.39
13102,200,0.23,0.22
13103,139,0.26,0.21
13104,62,0.74,0.4
13105,20,0.68,0.18
13106,39,0.44,0.38
13107,159,0.3,0.28
13108,154,0.68,0.18
13109,50,0.62,0.15
13110,59,0.57,0.12
13111,36,0.45,0.38
13112,161,0.75,0.2
13113,65,0.59,0.1
13114,76,0.74,0.18
13115,90,0.42,0.32
13116,123,0.74,0.35
13117,61,0.21,0.17
13118,80,0.45,0.27
13119,58,0.24,0.32
13120,28,0.41,0.21
13121,89,0.23,0.18
13122,178,0.77,0.17
13123,96,0.44,0.23
13124,24,0.26,0.37
13125,174,0.69,0.21
13126,84,0.33,0.29
13127,85,0.5,0.35
13128,152,0.8,0.19
13129,110,0.23,0.3
13130,35,0.34,0.39
13131,121,0.33,0.3
13132,150,0.35,0.29
13133,45,0.3,0.39
13134,170,0.49,0.37
13135,76,0.22,0.13
13136,119,0.46,0.22
13137,26,0.77,0.26
13138,60,0.79,0.38
13139,157,0.7,0.27
13140,31,0.65,0.16
13141,164,0.28,0.33
13142,173,0.34,0.28
13143,113,0.39,0.39
13144,117,0.65,0.18
13145,62,0.44,0.32
13146,167,0.35,0.28
13147,200,0.69,0.16
13148,155,0.54,0.12
13149,144,0.21,0.26
13150,87,0.68,0.21
13151,34,0.77,0.21
13152,76,0.44,0.18
13153,146,0.43,0.37
13154,70,0.57,0.3
13155,92,0.2,0.16
13156,154,0.38,0.32
13157,79,0.67,0.38
13158,83,0.62,0.31
13159,122,0.49,0.33
13160,149,0.34,0.39
13161,152,0.49,0.35
13162,167,0.63,0.17
13163,103,0.56,0.13
13164,103,0.22,0.32
13165,132,0.59,0.27
13166,30,0.21,0.18
13167,195,0.48,0.4
13168,157,0.63,0.2
13169,165,0.55,0.32
13170,70,0.57,0.22
13171,168,0.37,0.31
13172,39,0.66,0.39
13173,132,0.68,0.16
13174,45,0.49,0.17
13175,158,0.42,0.25
13176,193,0.22,0.23
13177,114,0.75,0.14
13178,68,0.46,0.36
13179,49,0.52,0.16
13180,114,0.22,0.39
13181,152,0.5,0.31
13182,24,0.66,0.11
13183,134,0.26,0.14
13184,51,0.33,0.38
13185,103,0.57,0.14
13186,34,0.66,0.35
13187,43,0.46,0.33
13188,128,0.36,0.18
13189,40,0.28,0.24
13190,163,0.41,0.25
13191,180,0.57,0.31
13192,177,0.3,0.14
13193,78,0.39,0.22
13194,88,0.78,0.34
13195,62,0.34,0.31
13196,162,0.66,0.17
13197,49,0.69,0.18
13198,24,0.2,0.39
13199,34,0.73,0.12
13200,157,0.55,0.32
13201,84,0.76,0.15
13202,76,0.72,0.2
13203,179,0.4,0.37
13204,114,0.27,0.33
13205,92,0.41,0.23
13206,167,0.65,0.31
13207,24,0.28,0.35
13208,135,0.25,0.31
13209,47,0.46,0.24
13210,150,0.38,0.2
13211,115,0.35,0.37
13212,105,0.52,0.38
13213,53,0.49,0.16
13214,78,0.73,0.32
13215,103,0.22,0.23
13216,88,0.24,0.32
13217,193,0.37,0.27
13218,60,0.25,0.15
13219,110,0.39,0.25
13220,190,0.6,0.34
13221,91,0.71,0.35
13222,130,0.8,0.13
13223,45,0.57,0.23
13224,179,0.42,0.29
13225,52,0.64,0.26
13226,121,0.57,0.36
13227,20,0.56,0.28
13228,135,0.25,0.2
13229,33,0.8,0.15
13230,149,0.56,0.22
13231,56,0.31,0.19
13232,96,0.72,0.36
13233,118,0.34,0.4
13234,182,0.46,0.11
13235,109,0.67,0.29
13236,155,0.51,0.12
13237,194,0.36,0.21
13238,59,0.56,0.22
13239,176,0.75,0.35
13240,158,0.24,0.32
13241,108,0.59,0.21
13242,194,0.35,0.31
13243,175,0.76,0.28
13244,111,0.22,0.13
13245,93,0.26,0.31
13246,194,0.3,0.38
13247,94,0.48,0.27
13248,26,0.27,0.31
13249,93,0.32,0.4
13250,192,0.64,0.11
13251,198,0.59,0.18
13252,136,0.25,0.14
13253,158,0.76,0.27
13254,125,0.4,0.17
13255,175,0.46,0.12
13256,178,0.49,0.36
13257,187,0.72,0.35
13258,63,0.59,0.13
13259,187,0.73,0.19
13260,148,0.26,0.3
13261,194,0.35,0.36
13262,129,0.25,0.37
13263,64,0.49,0.13
13264,149,0.53,0.25
13265,76,0.73,0.16
13266,48,0.33,0.29
13267,173,0.4,0.12
13268,52,0.21,0.35
13269,82,0.72,0.27
13270,86,0.22,0.18
13271,128,0.37,0.31
13272,102,0.26,0.24
13273,130,0.62,0.12
13274,63,0.53,0.27
13275,83,0.39,0.35
13276,143,0.74,0.2
13277,120,0.31,0.33
13278,75,0.74,0.17
13279,155,0.46,0.39
13280,100,0.59,0.24
13281,72,0.8,0.32
13282,47,0.55,0.39
13283,185,0.52,0.32
13284,76,0.44,0.1
13285,143,0.59,0.36
13286,84,0.32,0.38
13287,166,0.49,0.2
13288,124,0.74,0.15
13289,22,0.59,0.3
13290,196,0.31,0.22
13291,61,0.71,0.18
13292,58,0.41,0.21
13293,84,0.41,0.3
13294,119,0.44,0.25
13295,86,0.25,0.15
13296,109,0.23,0.28
13297,171,0.67,0.33
13298,78,0.72,0.22
13299,41,0.44,0.3
13300,21,0.55,0.38
13301,143,0.63,0.37
13302,162,0.77,0.35
13303,91,0.79,0.36
13304,171,0.29,0.26
13305,112,0.58,0.39
13306,39,0.31,0.3
13307,182,0.24,0.23
13308,71,0.29,0.13
13309,30,0.58,0.1
13310,188,0.27,0.28
13311,195,0.61,0.4
13312,58,0.39,0.2
13313,56,0.79,0.16
13314,111,0.43,0.35
13315,188,0.51,0.3
13316,45,0.79,0.12
13317,79,0.57,0.39
13318,48,0.66,0.35
13319,84,0.22,0.26
13320,159,0.72,0.36
13321,61,0.4,0.19
13322,89,0.75,0.39
13323,39,0.43,0.21
13324,189,0.6,0.39
13325,158,0.68,0.33
13326,119,0.24,0.38
13327,78,0.37,0.3
13328,100,0.61,0.32
13329,159,0.76,0.1
13330,160,0.4,0.25
13331,35,0.21,0.26
13332,22,0.43,0.38
13333,26,0.31,0.22
13334,37,0.74,0.12
13335,66,0.29,0.24
13336,29,0.29,0.23
13337,27,0.48,0.22
13338,180,0.63,0.33
13339,198,0.41,0.25
13340,121,0.4,0.25
13341,56,0.25,0.22
13342,200,0.62,0.32
13343,82,0.49,0.29
13344,108,0.48,0.39
13345,30,0.2,0.36
13346,200,0.55,0.34
13347,120,0.44,0.13
13348,200,0.61,0.12
13349,62,0.59,0.2
13350,137,0.22,0.22
13351,195,0.74,0.1
13352,128,0.45,0.17
13353,171,0.72,0.14
13354,188,0.7,0.1
13355,23,0.4,0.14
13356,195,0.24,0.12
13357,175,0.55,0.14
13358,136,0.37,0.11
13359,133,0.57,0.3
13360,160,0.76,0.25
13361,194,0.29,0.28
13362,21,0.73,0.16
13363,75,0.35,0.37
13364,82,0.41,0.15
13365,104,0.34,0.15
13366,132,0.73,0.36
13367,60,0.52,0.24
13368,56,0.62,0.26
13369,195,0.73,0.33
13370,69,0.26,0.13
13371,44,0.24,0.4
13372,90,0.51,0.1
13373,27,0.36,0.25
13374,159,0.34,0.29
13375,164,0.73,0.23
13376,95,0.36,0.34
13377,157,0.6,0.38
13378,66,0.36,0.25
13379,83,0.54,0.14
13380,130,0.58,0.16
13381,188,0.69,0.33
13382,64,0.45,0.24
13383,102,0.26,0.14
13384,161,0.64,0.25
13385,186,0.26,0.36
13386,159,0.59,0.1
13387,72,0.59,0.22
13388,63,0.79,0.39
13389,69,0.73,0.12
13390,152,0.33,0.39
13391,185,0.73,0.26
13392,145,0.47,0.25
13393,156,0.47,0.32
13394,155,0.38,0.34
13395,145,0.55,0.15
13396,52,0.42,0.16
13397,112,0.28,0.11
13398,127,0.64,0.35
13399,59,0.39,0.16
13400,70,0.25,0.34
13401,28,0.52,0.35
13402,20,0.45,0.12
13403,200,0.31,0.27
13404,131,0.33,0.14
13405,42,0.4,0.28
13406,142,0.44,0.26
13407,149,0.35,0.28
13408,143,0.45,0.12
13409,111,0.57,0.3
13410,43,0.41,0.32
13411,139,0.64,0.3
13412,62,0.55,0.35
13413,189,0.4,0.13
13414,25,0.44,0.39
13415,44,0.61,0.2
13416,123,0.65,0.25
13417,106,0.41,0.24
13418,44,0.29,0.3
13419,139,0.35,0.18
13420,35,0.65,0.27
13421,68,0.49,0.33
13422,188,0.73,0.39
13423,54,0.77,0.13
13424,73,0.68,0.25
13425,106,0.57,0.26
13426,120,0.52,0.35
13427,163,0.51,0.35
13428,62,0.62,0.38
13429,155,0.62,0.16
13430,40,0.31,0.25
13431,90,0.75,0.25
13432,113,0.34,0.16
13433,172,0.56,0.27
13434,149,0.52,0.22
13435,88,0.53,0.27
13436,74,0.28,0.33
13437,146,0.34,0.13
13438,131,0.32,0.18
13439,97,0.25,0.22
13440,150,0.71,0.11
13441,198,0.27,0.16
13442,91,0.51,0.22
13443,198,0.27,0.24
13444,29,0.23,0.38
13445,167,0.59,0.11
13446,140,0.59,0.27
13447,158,0.21,0.19
13448,70,0.41,0.38
13449,61,0.71,0.24
13450,61,0.76,0.26
13451,110,0.6,0.12
13452,64,0.51,0.22
13453,148,0.48,0.32
13454,149,0.38,0.22
13455,111,0.28,0.17
13456,85,0.79,0.25
13457,91,0.6,0.39
13458,157,0.7,0.17
13459,53,0.23,0.37
13460,135,0.78,0.3
13461,34,0.49,0.27
13462,54,0.72,0.32
13463,102,0.7,0.32
13464,40,0.25,0.15
13465,186,0.33,0.32
13466,52,0.51,0.23
13467,102,0.79,0.3
13468,31,0.75,0.25
13469,75,0.59,0.22
13470,171,0.27,0.39
13471,66,0.52,0.18
13472,162,0.22,0.3
13473,131,0.29,0.38
13474,144,0.51,0.25
13475,108,0.79,0.15
13476,161,0.69,0.36
13477,38,0.56,0.16
13478,70,0.62,0.15
13479,163,0.43,0.18
13480,136,0.29,0.3
13481,160,0.63,0.11
13482,145,0.55,0.37
13483,111,0.56,0.35
13484,45,0.54,0.28
13485,123,0.26,0.15
13486,53,0.36,0.33
13487,100,0.41,0.19
13488,107,0.55,0.29
13489,107,0.41,0.33
13490,95,0.56,0.3
13491,115,0.68,0.29
13492,45,0.31,0.14
13493,145,0.57,0.27
13494,38,0.57,0.31
13495,123,0.22,0.35
13496,169,0.79,0.36
13497,71,0.77,0.19
13498,33,0.64,0.36
13499,111,0.52,0.26
13500,167,0.67,0.16
13501,39,0.53,0.29
13502,124,0.22,0.11
13503,194,0.69,0.28
13504,91,0.77,0.12
13505,124,0.31,0.35
13506,25,0.2,0.27
13507,117,0.61,0.15
13508,114,0.49,0.26
13509,36,0.47,0.21
13510,133,0.37,0.25
13511,190,0.3,0.29
13512,170,0.68,0.11
13513,27,0.29,0.34
13514,146,0.46,0.12
13515,85,0.58,0.11
13516,40,0.46,0.16
13517,112,0.27,0.35
13518,47,0.55,0.13
13519,160,0.63,0.17
13520,150,0.29,0.2
13521,69,0.63,0.38
13522,174,0.28,0.11
13523,192,0.5,0.31
13524,81,0.67,0.21
13525,41,0.63,0.21
13526,41,0.26,0.24
13527,64,0.53,0.4
13528,140,0.69,0.15
13529,30,0.26,0.23
13530,47,0.28,0.15
13531,138,0.24,0.19
13532,94,0.8,0.24
13533,70,0.72,0.31
13534,104,0.41,0.36
13535,47,0.5,0.16
13536,104,0.32,0.1
13537,23,0.56,0.34
13538,192,0.48,0.15
13539,54,0.47,0.27
13540,96,0.78,0.16
13541,62,0.61,0.28
13542,153,0.28,0.18
13543,51,0.38,0.11
13544,175,0.8,0.34
13545,160,0.46,0.39
13546,157,0.79,0.4
13547,156,0.46,0.35
13548,98,0.51,0.17
13549,129,0.68,0.13
13550,76,0.4,0.26
13551,127,0.28,0.24
13552,185,0.29,0.38
13553,180,0.43,0.38
13554,133,0.28,0.15
13555,101,0.51,0.1
13556,179,0.2,0.34
13557,124,0.22,0.17
13558,178,0.39,0.36
13559,79,0.21,0.35
13560,62,0.43,0.27
13561,69,0.7,0.11
13562,92,0.6,0.25
13563,171,0.54,0.3
13564,81,0.65,0.39
13565,190,0.45,0.25
13566,77,0.37,0.32
13567,20,0.78,0.13
13568,185,0.77,0.31
13569,76,0.49,0.25
13570,70,0.73,0.22
13571,159,0.46,0.34
13572,116,0.31,0.14
13573,197,0.32,0.26
13574,60,0.4,0.21
13575,115,0.46,0.11
13576,42,0.77,0.39
13577,160,0.52,0.33
13578,103,0.26,0.27
13579,66,0.27,0.26
13580,190,0.61,0.36
13581,192,0.53,0.37
13582,98,0.72,0.31
13583,57,0.43,0.16
13584,26,0.64,0.19
13585,86,0.73,0.25
13586,128,0.68,0.12
13587,143,0.79,0.25
13588,104,0.56,0.28
13589,183,0.53,0.14
13590,166,0.54,0.28
13591,85,0.24,0.26
13592,187,0.22,0.29
13593,182,0.49,0.25
13594,57,0.73,0.12
13595,85,0.62,0.12
13596,133,0.52,0.23
13597,195,0.58,0.15
13598,133,0.59,0.18
13599,65,0.49,0.33
13600,109,0.28,0.27
13601,123,0.5,0.22
13602,132,0.44,0.23
13603,196,0.22,0.22
13604,166,0.78,0.17
13605,131,0.71,0.11
13606,58,0.68,0.37
13607,91,0.22,0.31
13608,30,0.66,0.23
13609,149,0.48,0.34
13610,50,0.45,0.23
13611,106,0.76,0.3
13612,166,0.61,0.24
13613,23,0.69,0.26
13614,96,0.53,0.12
13615,117,0.3,0.29
13616,48,0.67,0.1
13617,86,0.21,0.34
13618,173,0.53,0.32
13619,67,0.26,0.2
13620,48,0.6,0.39
13621,84,0.34,0.38
13622,146,0.38,0.23
13623,151,0.58,0.36
13624,110,0.46,0.16
13625,34,0.44,0.31
13626,89,0.71,0.35
13627,181,0.34,0.19
13628,190,0.63,0.24
13629,69,0.26,0.23
13630,176,0.27,0.16
13631,167,0.68,0.35
13632,195,0.4,0.24
13633,40,0.71,0.39
13634,108,0.69,0.17
13635,22,0.34,0.39
13636,70,0.39,0.19
13637,39,0.65,0.26
13638,163,0.76,0.11
13639,41,0.34,0.13
13640,73,0.68,0.11
13641,176,0.21,0.13
13642,74,0.52,0.34
13643,161,0.71,0.22
13644,115,0.36,0.22
13645,138,0.35,0.34
13646,35,0.48,0.33
13647,198,0.45,0.2
13648,188,0.71,0.28
13649,84,0.42,0.29
13650,51,0.22,0.29
13651,133,0.46,0.29
13652,135,0.23,0.27
13653,91,0.32,0.12
13654,74,0.61,0.38
13655,134,0.78,0.17
13656,40,0.7,0.28
13657,142,0.48,0.39
13658,86,0.58,0.34
13659,137,0.69,0.27
13660,97,0.64,0.38
13661,164,0.71,0.27
13662,104,0.49,0.24
13663,187,0.55,0.26
13664,45,0.55,0.15
13665,149,0.67,0.21
13666,197,0.36,0.38
13667,88,0.45,0.13
13668,70,0.78,0.1
13669,48,0.59,0.36
13670,156,0.61,0.37
13671,36,0.49,0.22
13672,108,0.69,0.28
13673,45,0.23,0.32
13674,83,0.72,0.38
13675,156,0.24,0.22
13676,105,0.48,0.37
13677,64,0.42,0.18
13678,121,0.25,0.14
13679,126,0.73,0.36
13680,105,0.25,0.28
13681,155,0.66,0.26
13682,142,0.22,0.32
13683,29,0.21,0.37
13684,167,0.6,0.15
13685,36,0.38,0.27
13686,147,0.77,0.37
13687,65,0.77,0.27
13688,72,0.59,0.14
13689,181,0.65,0.17
13690,30,0.58,0.38
13691,112,0.48,0.21
13692,116,0.21,0.12
13693,150,0.29,0.32
13694,186,0.73,0.26
13695,138,0.57,0.35
13696,94,0.41,0.29
13697,171,0.59,0.3
13698,193,0.56,0.18
13699,50,0.77,0.11
13700,27,0.62,0.4
13701,122,0.79,0.35
13702,107,0.64,0.37
13703,38,0.22,0.39
13704,177,0.66,0.37
13705,76,0.21,0.12
13706,120,0.69,0.15
13707,105,0.38,0.38
13708,126,0.71,0.12
13709,39,0.37,0.37
13710,146,0.33,0.12
13711,70,0.32,0.14
13712,91,0.45,0.15
13713,175,0.78,0.13
13714,55,0.42,0.12
13715,129,0.3,0.36
13716,123,0.5,0.2
13717,60,0.69,0.28
13718,175,0.33,0.35
13719,130,0.25,0.18
13720,127,0.65,0.38
13721,45,0.31,0.39
13722,190,0.7,0.29
13723,78,0.73,0.11
13724,190,0.33,0.37
13725,150,0.62,0.36
13726,100,0.58,0.14
13727,114,0.31,0.18
13728,191,0.5,0.4
13729,33,0.32,0.18
13730,196,0.62,0.31
13731,199,0.47,0.38
13732,181,0.43,0.2
13733,179,0.56,0.15
13734,200,0.68,0.38
13735,141,0.6,0.17
13736,105,0.48,0.17
13737,183,0.35,0.38
13738,182,0.3,0.35
13739,112,0.67,0.11
13740,36,0.32,0.13
13741,141,0.28,0.31
13742,132,0.58,0.35
13743,123,0.47,0.36
13744,23,0.59,0.29
13745,55,0.35,0.37
13746,48,0.25,0.26
13747,198,0.44,0.1
13748,27,0.23,0.21
13749,90,0.65,0.26
13750,76,0.52,0.27
13751,137,0.45,0.23
13752,144,0.52,0.35
13753,70,0.42,0.26
13754,107,0.31,0.22
13755,97,0.27,0.16
13756,107,0.21,0.39
13757,148,0.28,0.27
13758,157,0.2,0.19
13759,35,0.27,0.29
13760,164,0.5,0.24
13761,196,0.76,0.33
13762,112,0.58,0.34
13763,38,0.69,0.1
13764,87,0.25,0.1
13765,123,0.78,0.28
13766,200,0.59,0.29
13767,107,0.77,0.38
13768,60,0.62,0.39
13769,27,0.79,0.4
13770,25,0.46,0.3
13771,135,0.72,0.32
13772,71,0.78,0.24
13773,147,0.56,0.31
13774,80,0.55,0.35
13775,122,0.53,0.19
13776,47,0.3,0.22
13777,58,0.37,0.2
13778,193,0.55,0.22
13779,180,0.61,0.4
13780,173,0.21,0.16
13781,157,0.54,0.24
13782,45,0.69,0.3
13783,157,0.77,0.21
13784,153,0.47,0.24
13785,143,0.55,0.15
13786,199,0.52,0.15
13787,129,0.36,0.38
13788,109,0.63,0.15
13789,188,0.21,0.26
13790,67,0.69,0.3
13791,21,0.46,0.24
13792,106,0.73,0.4
13793,180,0.4,0.29
13794,59,0.23,0.22
13795,177,0.26,0.32
13796,112,0.25,0.13
13797,142,0.28,0.4
13798,109,0.66,0.37
13799,64,0.34,0.2
13800,176,0.6,0.14
13801,69,0.42,0.16
13802,130,0.48,0.11
13803,197,0.7,0.39
13804,135,0.56,0.24
13805,193,0.37,0.21
13806,171,0.73,0.27
13807,102,0.25,0.16
13808,168,0.67,0.26
13809,86,0.69,0.18
13810,106,0.34,0.39
13811,45,0.61,0.21
13812,97,0.28,0.16
13813,77,0.63,0.31
13814,196,0.7,0.28
13815,107,0.63,0.25
13816,52,0.55,0.35
13817,145,0.24,0.16
13818,193,0.29,0.24
13819,155,0.45,0.19
13820,59,0.74,0.36
13821,34,0.23,0.16
13822,96,0.27,0.11
13823,147,0.59,0.18
13824,130,0.3,0.12
13825,33,0.51,0.17
13826,159,0.27,0.25
13827,121,0.78,0.15
13828,137,0.27,0.23
13829,133,0.21,0.2
13830,35,0.44,0.21
13831,135,0.73,0.25
13832,149,0.73,0.26
13833,124,0.72,0.16
13834,118,0.23,0.12
13835,67,0.44,0.11
13836,163,0.58,0.15
13837,167,0.79,0.17
13838,121,0.64,0.36
13839,151,0.77,0.37
13840,98,0.4,0.16
13841,36,0.42,0.35
13842,56,0.32,0.25
13843,54,0.39,0.28
13844,177,0.64,0.3
13845,152,0.35,0.39
13846,172,0.34,0.14
13847,123,0.75,0.26
13848,177,0.75,0.2
13849,41,0.35,0.23
13850,112,0.49,0.13
13851,37,0.6,0.39
13852,194,0.77,0.11
13853,171,0.29,0.18
13854,94,0.24,0.2
13855,42,0.38,0.14
13856,24,0.45,0.26
13857,198,0.4,0.34
13858,90,0.61,0.31
13859,117,0.23,0.15
13860,161,0.37,0.16
13861,154,0.66,0.1
13862,135,0.75,0.22
13863,141,0.61,0.23
13864,157,0.65,0.27
13865,23,0.27,0.18
13866,113,0.44,0.37
13867,148,0.62,0.14
13868,48,0.35,0.29
13869,175,0.76,0.14
13870,160,0.58,0.37
13871,165,0.36,0.15
13872,148,0.43,0.32
13873,92,0.63,0.18
13874,110,0.44,0.22
13875,140,0.53,0.37
13876,142,0.6,0.31
13877,146,0.2,0.28
13878,133,0.49,0.28
13879,122,0.44,0.23
13880,147,0.49,0.11
13881,121,0.7,0.28
13882,144,0.69,0.29
13883,105,0.43,0.26
13884,38,0.31,0.39
13885,105,0.65,0.37
13886,52,0.31,0.12
13887,65,0.79,0.3
13888,164,0.78,0.15
13889,106,0.79,0.32
13890,189,0.39,0.27
13891,58,0.53,0.39
13892,94,0.32,0.16
13893,182,0.58,0.2
13894,90,0.74,0.19
13895,86,0.22,0.25
13896,32,0.3,0.13
13897,122,0.67,0.3
13898,35,0.79,0.27
13899,50,0.48,0.15
13900,173,0.38,0.36
13901,175,0.5,0.14
13902,144,0.23,0.37
13903,102,0.51,0.36
13904,91,0.5,0.26
13905,79,0.29,0.3
13906,172,0.51,0.17
13907,163,0.38,0.26
13908,134,0.38,0.37
13909,77,0.36,0.32
13910,162,0.7,0.15
13911,105,0.23,0.24
13912,198,0.67,0.29
13913,157,0.78,0.37
13914,21,0.79,0.14
13915,63,0.7,0.31
13916,135,0.45,0.15
13917,109,0.68,0.38
13918,155,0.39,0.33
13919,190,0.29,0.35
13920,136,0.55,0.11
13921,102,0.75,0.19
13922,195,0.57,0.28
13923,125,0.36,0.29
13924,165,0.31,0.27
13925,42,0.7,0.38
13926,54,0.72,0.13
13927,31,0.35,0.28
13928,168,0.48,0.19
13929,91,0.28,0.14
13930,71,0.69,0.12
13931,123,0.7,0.26
13932,55,0.78,0.31
13933,89,0.42,0.22
13934,61,0.35,0.22
13935,33,0.32,0.12
13936,130,0.77,0.3
13937,113,0.26,0.21
13938,77,0.32,0.26
13939,118,0.77,0.28
13940,83,0.54,0.38
13941,196,0.22,0.27
13942,113,0.72,0.22
13943,88,0.78,0.17
13944,159,0.76,0.22
13945,195,0.68,0.39
13946,163,0.37,0.21
13947,63,0.37,0.2
13948,38,0.26,0.34
13949,42,0.73,0.33
13950,185,0.37,0.11
13951,36,0.57,0.28
13952,138,0.59,0.32
13953,131,0.74,0.21
13954,158,0.41,0.26
13955,180,0.76,0.31
13956,184,0.75,0.12
13957,78,0.24,0.4
13958,92,0.24,0.15
13959,153,0.5,0.37
13960,169,0.54,0.38
13961,30,0.24,0.29
13962,81,0.75,0.35
13963,79,0.4,0.24
13964,65,0.43,0.38
13965,32,0.77,0.23
13966,200,0.71,0.33
13967,42,0.26,0.31
13968,86,0.2,0.33
13969,118,0.74,0.13
13970,27,0.47,0.15
13971,106,0.75,0.16
13972,193,0.37,0.23
13973,90,0.23,0.28
13974,33,0.26,0.23
13975,67,0.72,0.31
13976,175,0.68,0.14
13977,36,0.5,0.21
13978,194,0.43,0.27
13979,181,0.75,0.33
13980,45,0.23,0.13
13981,162,0.31,0.19
13982,42,0.59,0.14
13983,163,0.43,0.37
13984,114,0.37,0.35
13985,188,0.71,0.22
13986,130,0.34,0.26
13987,155,0.68,0.17
13988,123,0.4,0.16
13989,77,0.25,0.39
13990,21,0.21,0.33
13991,131,0.47,0.39
13992,143,0.34,0.22
13993,95,0.8,0.32
13994,125,0.6,0.12
13995,80,0.45,0.18
13996,101,0.39,0.34
13997,53,0.22,0.31
13998,90,0.28,0.19
13999,59,0.41,0.18
14000,110,0.76,0.32
14001,52,0.45,0.15
14002,63,0.42,0.28
14003,157,0.51,0.18
14004,25,0.37,0.2
14005,162,0.58,0.15
14006,113,0.68,0.31
14007,39,0.36,0.3
14008,187,0.43,0.35
14009,72,0.28,0.3
14010,94,0.42,0.25
14011,165,0.61,0.13
14012,168,0.23,0.3
14013,157,0.57,0.23
14014,36,0.42,0.14
14015,97,0.58,0.31
14016,87,0.5,0.26
14017,133,0.59,0.4
14018,70,0.43,0.39
14019,196,0.71,0.14
14020,33,0.44,0.31
14021,178,0.66,0.38
14022,98,0.26,0.18
14023,186,0.7,0.22
14024,107,0.27,0.33
14025,148,0.58,0.27
14026,185,0.56,0.33
14027,193,0.24,0.17
14028,98,0.49,0.15
14029,189,0.36,0.21
14030,45,0.79,0.25
14031,85,0.65,0.39
14032,110,0.28,0.37
14033,157,0.79,0.36
14034,55,0.55,0.29
14035,62,0.28,0.4
14036,134,0.65,0.36
14037,53,0.66,0.35
14038,145,0.29,0.16
14039,179,0.26,0.35
14040,27,0.6,0.15
14041,24,0.58,0.32
14042,108,0.25,0.24
14043,116,0.31,0.3
14044,62,0.6,0.28
14045,139,0.21,0.33
14046,77,0.26,0.24
14047,159,0.4,0.35
14048,157,0.5,0.17
14049,156,0.36,0.31
14050,199,0.36,0.38
14051,105,0.44,0.11
14052,50,0.41,0.37
14053,138,0.72,0.28
14054,154,0.27,0.27
14055,191,0.41,0.2
14056,91,0.47,0.33
14057,99,0.37,0.21
14058,72,0.65,0.35
14059,141,0.6,0.26
14060,157,0.56,0.38
14061,45,0.51,0.13
14062,24,0.66,0.37
14063,148,0.63,0.15
14064,77,0.66,0.19
14065,25,0.59,0.31
14066,31,0.23,0.11
14067,23,0.55,0.11
14068,85,0.49,0.16
14069,178,0.74,0.16
14070,128,0.59,0.33
14071,31,0.49,0.36
14072,143,0.73,0.32
14073,92,0.69,0.36
14074,197,0.78,0.15
14075,30,0.38,0.15
14076,54,0.69,0.11
14077,44,0.74,0.18
14078,132,0.38,0.39
14079,135,0.54,0.29
14080,148,0.24,0.34
14081,22,0.54,0.19
14082,37,0.26,0.28
14083,146,0.67,0.38
14084,157,0.39,0.37
14085,161,0.42,0.22
14086,25,0.67,0.26
14087,161,0.64,0.37
14088,55,0.29,0.36
14089,161,0.64,0.26
14090,87,0.33,0.17
14091,123,0.22,0.26
14092,60,0.72,0.2
14093,135,0.64,0.26
14094,104,0.43,0.13
14095,181,0.26,0.29
14096,81,0.46,0.25
14097,131,0.8,0.26
14098,117,0.24,0.11
14099,68,0.66,0.38
14100,90,0.61,0.28
14101,108,0.61,0.24
14102,138,0.46,0.12
14103,79,0.26,0.17
14104,102,0.39,0.14
14105,68,0.32,0.38
14106,73,0.79,0.33
14107,62,0.69,0.31
14108,117,0.65,0.23
14109,107,0.43,0.37
14110,86,0.8,0.34
14111,99,0.79,0.17
14112,114,0.74,0.22
14113,122,0.76,0.18
14114,124,0.35,0.23
14115,78,0.53,0.31
14116,150,0.66,0.35
14117,91,0.64,0.24
14118,78,0.8,0.3
14119,127,0.49,0.24
14120,194,0.41,0.25
14121,59,0.76,0.12
14122,40,0.37,0.39
14123,31,0.76,0.19
14124,108,0.64,0.34
14125,80,0.48,0.26
14126,49,0.58,0.17
14127,141,0.68,0.17
14128,170,0.61,0.25
14129,162,0.36,0.32
14130,194,0.22,0.21
14131,155,0.25,0.35
14132,178,0.66,0.17
14133,191,0.58,0.2
14134,170,0.45,0.21
14135,129,0.49,0.37
14136,21,0.63,0.15
14137,69,0.76,0.34
14138,175,0.61,0.11
14139,198,0.23,0.35
14140,82,0.58,0.12
14141,164,0.24,0.12
14142,174,0.78,0.12
14143,36,0.76,0.18
14144,108,0.55,0.22
14145,115,0.51,0.18
14146,184,0.58,0.21
14147,32,0.24,0.38
14148,157,0.59,0.23
14149,116,0.47,0.32
14150,178,0.3,0.11
14151,137,0.68,0.31
14152,149,0.54,0.14
14153,148,0.61,0.3
14154,92,0.71,0.15
14155,165,0.46,0.3
14156,22,0.65,0.24
14157,84,0.76,0.22
14158,129,0.27,0.28
14159,38,0.33,0.16
14160,191,0.22,0.15
14161,53,0.23,0.37
14162,44,0.48,0.24
14163,153,0.36,0.14
14164,48,0.6,0.28
14165,90,0.71,0.13
14166,109,0.67,0.37
14167,53,0.59,0.23
14168,41,0.45,0.12
14169,61,0.37,0.15
14170,134,0.37,0.3
14171,167,0.78,0.38
14172,194,0.45,0.13
14173,116,0.43,0.11
14174,163,0.26,0.18
14175,165,0.8,0.12
14176,169,0.63,0.14
14177,109,0.34,0.37
14178,191,0.7,0.12
14179,135,0.61,0.37
14180,190,0.72,0.11
14181,59,0.22,0.24
14182,43,0.61,0.1
14183,81,0.66,0.29
14184,22,0.36,0.17
14185,130,0.71,0.3
14186,52,0.43,0.12
14187,21,0.69,0.37
14188,114,0.46,0.29
14189,137,0.4,0.35
14190,179,0.73,0.21
14191,126,0.55,0.23
14192,191,0.56,0.38
14193,147,0.66,0.22
14194,141,0.46,0.27
14195,110,0.61,0.17
14196,60,0.66,0.11
14197,31,0.41,0.17
14198,194,0.76,0.32
14199,113,0.6,0.16
14200,158,0.79,0.33
14201,21,0.48,0.34
14202,45,0.29,0.37
14203,74,0.2,0.19
14204,25,0.62,0.11
14205,37,0.48,0.25
14206,94,0.3,0.36
14207,191,0.59,0.35
14208,114,0.33,0.39
14209,148,0.37,0.23
14210,195,0.78,0.26
14211,199,0.35,0.11
14212,118,0.55,0.38
14213,81,0.55,0.38
14214,45,0.62,0.27
14215,148,0.21,0.32
14216,42,0.48,0.27
14217,125,0.32,0.31
14218,199,0.47,0.14
14219,133,0.62,0.29
14220,128,0.63,0.36
14221,168,0.38,0.39
14222,37,0.76,0.33
14223,158,0.68,0.26
14224,53,0.28,0.4
14225,192,0.8,0.15
14226,37,0.67,0.16
14227,122,0.59,0.16
14228,30,0.65,0.34
14229,140,0.22,0.39
14230,31,0.51,0.24
14231,27,0.22,0.15
14232,39,0.77,0.34
14233,85,0.44,0.26
14234,81,0.42,0.23
14235,25,0.49,0.34
14236,171,0.32,0.28
14237,154,0.52,0.22
14238,85,0.59,0.4
14239,114,0.45,0.37
14240,193,0.3,0.19
14241,162,0.43,0.31
14242,74,0.24,0.34
14243,167,0.62,0.15
14244,101,0.68,0.39
14245,170,0.23,0.25
14246,159,0.74,0.16
14247,42,0.75,0.21
14248,90,0.49,0.32
14249,126,0.49,0.16
14250,87,0.47,0.19
14251,58,0.49,0.11
14252,70,0.2,0.4
14253,148,0.77,0.17
14254,124,0.28,0.19
14255,81,0.33,0.11
14256,155,0.29,0.38
14257,70,0.56,0.35
14258,125,0.43,0.31
14259,46,0.42,0.31
14260,84,0.55,0.17
14261,191,0.72,0.13
14262,28,0.28,0.26
14263,102,0.71,0.19
14264,119,0.5,0.25
14265,62,0.4,0.32
14266,73,0.52,0.17
14267,129,0.68,0.26
14268,24,0.55,0.16
14269,118,0.52,0.1
14270,181,0.47,0.36
14271,128,0.79,0.31
14272,169,0.76,0.18
14273,113,0.29,0.24
14274,123,0.58,0.1
14275,129,0.74,0.25
14276,104,0.52,0.32
14277,98,0.61,0.15
14278,133,0.55,0.2
14279,161,0.21,0.37
14280,104,0.45,0.38
14281,29,0.32,0.14
14282,78,0.64,0.28
14283,90,0.37,0.11
14284,145,0.44,0.3
14285,179,0.22,0.25
14286,189,0.51,0.36
14287,61,0.27,0.28
14288,71,0.23,0.23
14289,171,0.3,0.3
14290,61,0.24,0.2
14291,168,0.31,0.12
14292,91,0.65,0.24
14293,136,0.48,0.26
14294,151,0.64,0.13
14295,148,0.26,0.22
14296,34,0.48,0.19
14297,64,0.76,0.2
14298,108,0.75,0.19
14299,159,0.59,0.3
14300,65,0.2,0.35
14301,141,0.76,0.17
14302,122,0.21,0.35
14303,200,0.34,0.15
14304,105,0.65,0.24
14305,143,0.7,0.2
14306,68,0.76,0.13
14307,21,0.43,0.2
14308,135,0.34,0.36
14309,117,0.68,0.36
14310,55,0.26,0.36
14311,199,0.51,0.17
14312,141,0.77,0.1
14313,129,0.48,0.31
14314,99,0.27,0.34
14315,149,0.28,0.11
14316,83,0.3,0.37
14317,190,0.78,0.35
14318,149,0.52,0.31
14319,128,0.33,0.32
14320,60,0.51,0.24
14321,60,0.57,0.19
14322,179,0.24,0.29
14323,20,0.73,0.27
14324,86,0.68,0.12
14325,81,0.41,0.26
14326,198,0.28,0.12
14327,81,0.26,0.24
14328,55,0.65,0.35
14329,105,0.8,0.4
14330,29,0.38,0.27
14331,143,0.58,0.27
14332,77,0.7,0.37
14333,121,0.53,0.17
14334,195,0.35,0.36
14335,60,0.25,0.36
14336,26,0.57,0.14
14337,20,0.21,0.37
14338,49,0.51,0.15
14339,28,0.35,0.36
14340,63,0.25,0.38
14341,143,0.35,0.35
14342,70,0.64,0.21
14343,158,0.66,0.31
14344,122,0.52,0.26
14345,74,0.24,0.37
14346,187,0.66,0.28
14347,99,0.71,0.28
14348,110,0.4,0.27
14349,87,0.48,0.12
14350,51,0.24,0.32
14351,44,0.69,0.11
14352,166,0.72,0.2
14353,196,0.76,0.16
14354,51,0.33,0.14
14355,80,0.31,0.26
14356,96,0.44,0.33
14357,126,0.42,0.32
14358,88,0.62,0.33
14359,61,0.44,0.24
14360,162,0.33,0.38
14361,147,0.73,0.24
14362,125,0.42,0.3
14363,147,0.4,0.13
14364,160,0.55,0.19
14365,30,0.24,0.29
14366,47,0.76,0.21
14367,124,0.64,0.13
14368,190,0.73,0.17
14369,76,0.23,0.26
14370,85,0.28,0.33
14371,146,0.61,0.16
14372,126,0.44,0.21
14373,46,0.61,0.2
14374,47,0.23,0.14
14375,70,0.72,0.24
14376,85,0.52,0.35
14377,110,0.48,0.27
14378,121,0.79,0.39
14379,166,0.29,0.2
14380,74,0.28,0.14
14381,143,0.39,0.24
14382,78,0.69,0.33
14383,131,0.38,0.18
14384,163,0.37,0.2
14385,140,0.21,0.1
14386,109,0.21,0.17
14387,88,0.49,0.33
14388,84,0.3,0.19
14389,106,0.6,0.2
14390,150,0.67,0.15
14391,97,0.22,0.23
14392,23,0.73,0.16
14393,28,0.72,0.3
14394,176,0.26,0.2
14395,73,0.23,0.38
14396,104,0.24,0.12
14397,142,0.32,0.32
14398,195,0.78,0.28
14399,127,0.69,0.22
14400,162,0.51,0.24
14401,147,0.2,0.22
14402,118,0.43,0.35
14403,117,0.79,0.19
14404,112,0.48,0.22
14405,157,0.53,0.11
14406,190,0.8,0.28
14407,103,0.75,0.36
14408,193,0.31,0.32
14409,68,0.49,0.39
14410,145,0.76,0.22
14411,105,0.54,0.37
14412,39,0.7,0.23
14413,67,0.26,0.23
14414,158,0.75,0.16
14415,77,0.75,0.38
14416,23,0.35,0.38
14417,156,0.58,0.21
14418,157,0.55,0.36
14419,146,0.48,0.32
14420,74,0.72,0.39
14421,152,0.51,0.36
14422,63,0.21,0.31
14423,175,0.23,0.2
14424,44,0.41,0.38
14425,188,0.68,0.15
14426,184,0.76,0.32
14427,98,0.25,0.1
14428,72,0.76,0.12
14429,89,0.52,0.37
14430,31,0.3,0.23
14431,99,0.42,0.15
14432,163,0.51,0.32
14433,58,0.26,0.21
14434,129,0.22,0.21
14435,109,0.73,0.22
14436,58,0.5,0.31
14437,91,0.38,0.31
14438,77,0.77,0.25
14439,108,0.7,0.33
14440,91,0.77,0.13
14441,82,0.27,0.15
14442,167,0.71,0.28
14443,47,0.46,0.17
14444,33,0.26,0.33
14445,149,0.67,0.26
14446,106,0.33,0.15
14447,32,0.62,0.25
14448,144,0.77,0.27
14449,71,0.58,0.37
14450,109,0.3,0.38
14451,22,0.4,0.28
14452,125,0.79,0.19
14453,39,0.24,0.24
14454,67,0.34,0.23
14455,162,0.62,0.37
14456,193,0.24,0.32
14457,106,0.34,0.38
14458,89,0.36,0.2
14459,172,0.54,0.19
14460,100,0.24,0.25
14461,54,0.64,0.28
14462,101,0.32,0.31
14463,48,0.33,0.14
14464,149,0.33,0.33
14465,93,0.2,0.18
14466,102,0.6,0.19
14467,128,0.27,0.31
14468,192,0.75,0.25
14469,141,0.29,0.32
14470,50,0.62,0.32
14471,189,0.54,0.17
14472,165,0.7,0.27
14473,24,0.34,0.18
14474,52,0.34,0.35
14475,118,0.33,0.14
14476,97,0.23,0.24
14477,141,0.47,0.34
14478,43,0.55,0.16
14479,140,0.35,0.13
14480,71,0.69,0.16
14481,173,0.7,0.35
14482,94,0.56,0.24
14483,152,0.44,0.12
14484,55,0.72,0.17
14485,60,0.44,0.28
14486,198,0.46,0.28
14487,115,0.5,0.35
14488,54,0.38,0.23
14489,93,0.33,0.26
14490,200,0.5,0.18
14491,99,0.21,0.35
14492,26,0.26,0.28
14493,122,0.63,0.37
14494,92,0.5,0.12
14495,62,0.38,0.4
14496,188,0.43,0.11
14497,97,0.69,0.24
14498,172,0.21,0.17
14499,151,0.68,0.23
14500,51,0.25,0.22
14501,74,0.58,0.29
14502,45,0.32,0.14
14503,42,0.33,0.2
14504,24,0.26,0.11
14505,101,0.68,0.21
14506,198,0.23,0.3
14507,156,0.49,0.26
14508,110,0.59,0.23
14509,110,0.8,0.29
14510,65,0.46,0.27
14511,43,0.62,0.39
14512,112,0.72,0.14
14513,124,0.68,0.26
14514,199,0.5,0.29
14515,176,0.68,0.21
14516,174,0.63,0.27
14517,147,0.23,0.31
14518,196,0.78,0.23
14519,188,0.79,0.16
14520,163,0.59,0.12
14521,68,0.76,0.34
14522,138,0.69,0.33
14523,91,0.45,0.2
14524,165,0.63,0.29
14525,191,0.41,0.11
14526,52,0.72,0.3
14527,27,0.44,0.33
14528,50,0.25,0.21
14529,120,0.68,0.2
14530,84,0.61,0.32
14531,183,0.77,0.27
14532,160,0.73,0.22
14533,46,0.67,0.19
14534,87,0.56,0.17
14535,122,0.24,0.31
14536,86,0.23,0.27
14537,101,0.79,0.19
14538,166,0.42,0.38
14539,24,0.34,0.27
14540,115,0.62,0.1
14541,158,0.71,0.16
14542,114,0.58,0.1
14543,111,0.31,0.35
14544,133,0.39,0.3
14545,128,0.36,0.34
14546,137,0.62,0.36
14547,133,0.55,0.25
14548,47,0.31,0.2
14549,91,0.65,0.35
14550,106,0.28,0.14
14551,179,0.37,0.22
14552,42,0.57,0.3
14553,176,0.51,0.19
14554,82,0.23,0.14
14555,134,0.73,0.35
14556,148,0.57,0.17
14557,157,0.39,0.31
14558,29,0.26,0.37
14559,173,0.77,0.16
14560,166,0.39,0.15
14561,74,0.39,0.19
14562,50,0.49,0.3
14563,148,0.76,0.21
14564,53,0.72,0.11
14565,70,0.55,0.12
14566,191,0.44,0.28
14567,28,0.32,0.22
14568,67,0.25,0.36
14569,127,0.24,0.22
14570,109,0.54,0.17
14571,83,0.44,0.17
14572,197,0.62,0.29
14573,155,0.55,0.25
14574,89,0.38,0.32
14575,162,0.21,0.24
14576,60,0.74,0.36
14577,167,0.67,0.37
14578,66,0.78,0.14
14579,171,0.8,0.13
14580,137,0.63,0.29
14581,47,0.67,0.34
14582,79,0.69,0.18
14583,160,0.77,0.21
14584,58,0.71,0.4
14585,68,0.37,0.23
14586,153,0.78,0.12
14587,42,0.56,0.17
14588,103,0.39,0.38
14589,152,0.69,0.31
14590,47,0.32,0.3
14591,135,0.39,0.14
14592,139,0.39,0.25
14593,151,0.47,0.17
14594,172,0.39,0.13
14595,107,0.28,0.32
14596,51,0.58,0.13
14597,118,0.53,0.16
14598,32,0.51,0.16
14599,161,0.42,0.25
14600,195,0.67,0.13
14601,61,0.59,0.19
14602,185,0.52,0.33
14603,193,0.49,0.26
14604,140,0.5,0.36
14605,21,0.38,0.28
14606,71,0.45,0.31
14607,86,0.75,0.28
14608,72,0.29,0.25
14609,182,0.37,0.19
14610,67,0.57,0.28
14611,166,0.51,0.36
14612,125,0.74,0.11
14613,109,0.33,0.18
14614,137,0.26,0.14
14615,40,0.75,0.1
14616,114,0.57,0.16
14617,50,0.35,0.12
14618,153,0.36,0.36
14619,44,0.66,0.38
14620,102,0.59,0.17
14621,50,0.39,0.34
14622,90,0.65,0.29
14623,103,0.34,0.31
14624,165,0.28,0.29
14625,197,0.72,0.26
14626,70,0.76,0.2
14627,76,0.75,0.18
14628,160,0.4,0.16
14629,50,0.42,0.39
14630,44,0.44,0.28
14631,42,0.32,0.23
14632,58,0.66,0.11
14633,137,0.3,0.25
14634,55,0.38,0.11
14635,86,0.45,0.13
14636,133,0.78,0.28
14637,21,0.77,0.37
14638,86,0.39,0.12
14639,27,0.39,0.28
14640,100,0.68,0.29
14641,97,0.64,0.13
14642,105,0.21,0.12
14643,116,0.52,0.3
14644,161,0.27,0.21
14645,97,0.59,0.17
14646,54,0.25,0.23
14647,182,0.59,0.21
14648,160,0.58,0.14
14649,199,0.52,0.39
14650,161,0.45,0.24
14651,41,0.62,0.35
14652,89,0.71,0.17
14653,23,0.43,0.22
14654,165,0.26,0.17
14655,21,0.74,0.21
14656,40,0.73,0.32
14657,76,0.43,0.15
14658,40,0.74,0.29
14659,83,0.71,0.36
14660,29,0.78,0.38
14661,95,0.45,0.16
14662,81,0.4,0.4
14663,144,0.65,0.23
14664,98,0.7,0.29
14665,39,0.47,0.24
14666,192,0.38,0.25
14667,114,0.51,0.38
14668,142,0.49,0.2
14669,154,0.29,0.23
14670,47,0.29,0.25
14671,66,0.7,0.15
14672,82,0.65,0.34
14673,119,0.21,0.14
14674,44,0.27,0.2
14675,120,0.6,0.1
14676,170,0.41,0.11
14677,50,0.69,0.27
14678,33,0.35,0.3
14679,175,0.42,0.26
14680,169,0.45,0.21
14681,87,0.67,0.13
14682,143,0.47,0.15
14683,149,0.56,0.39
14684,51,0.27,0.26
14685,82,0.62,0.3
14686,86,0.23,0.18
14687,53,0.75,0.26
14688,144,0.61,0.25
14689,115,0.75,0.18
14690,36,0.66,0.11
14691,72,0.54,0.37
14692,117,0.36,0.16
14693,31,0.58,0.34
14694,94,0.69,0.39
14695,142,0.76,0.14
14696,47,0.52,0.17
14697,57,0.74,0.23
14698,85,0.2,0.36
14699,62,0.56,0.12
14700,175,0.54,0.36
14701,91,0.27,0.14
14702,91,0.3,0.19
14703,148,0.35,0.26
14704,151,0.54,0.21
14705,51,0.46,0.29
14706,36,0.63,0.2
14707,93,0.4,0.11
14708,133,0.64,0.27
14709,111,0.67,0.2
14710,191,0.53,0.35
14711,52,0.69,0.12
14712,72,0.79,0.14
14713,108,0.57,0.25
14714,75,0.44,0.18
14715,93,0.78,0.12
14716,200,0.46,0.21
14717,77,0.58,0.29
14718,121,0.24,0.17
14719,41,0.22,0.29
14720,54,0.29,0.24
14721,132,0.72,0.28
14722,183,0.35,0.15
14723,176,0.33,0.25
14724,100,0.47,0.3
14725,92,0.53,0.23
14726,88,0.21,0.35
14727,28,0.42,0.21
14728,22,0.38,0.11
14729,39,0.6,0.34
14730,92,0.4,0.11
14731,65,0.7,0.26
14732,63,0.57,0.11
14733,37,0.74,0.27
14734,132,0.71,0.15
14735,26,0.43,0.37
14736,155,0.34,0.24
14737,36,0.3,0.11
14738,65,0.3,0.29
14739,192,0.56,0.31
14740,31,0.28,0.13
14741,104,0.72,0.31
14742,94,0.24,0.38
14743,192,0.39,0.11
14744,52,0.62,0.27
14745,200,0.72,0.18
14746,73,0.23,0.16
14747,91,0.25,0.21
14748,46,0.77,0.32
14749,181,0.59,0.38
14750,197,0.37,0.11
14751,185,0.35,0.23
14752,115,0.21,0.32
14753,24,0.74,0.36
14754,167,0.36,0.17
14755,129,0.7,0.11
14756,54,0.56,0.16
14757,175,0.63,0.36
14758,199,0.43,0.3
14759,176,0.72,0.4
14760,124,0.37,0.27
14761,28,0.5,0.26
14762,20,0.3,0.28
14763,90,0.22,0.21
14764,88,0.29,0.22
14765,107,0.52,0.27
14766,84,0.49,0.2
14767,47,0.58,0.3
14768,37,0.3,0.18
14769,40,0.36,0.16
14770,41,0.3,0.26
14771,35,0.34,0.27
14772,44,0.69,0.12
14773,48,0.31,0.22
14774,101,0.66,0.13
14775,26,0.42,0.1
14776,193,0.4,0.16
14777,93,0.48,0.16
14778,134,0.71,0.19
14779,197,0.33,0.14
14780,172,0.29,0.18
14781,82,0.79,0.23
14782,138,0.54,0.3
14783,174,0.25,0.28
14784,193,0.33,0.37
14785,81,0.74,0.25
14786,80,0.24,0.23
14787,79,0.33,0.13
14788,21,0.25,0.38
14789,89,0.34,0.32
14790,90,0.31,0.32
14791,156,0.65,0.16
14792,169,0.51,0.3
14793,125,0.34,0.29
14794,145,0.22,0.35
14795,80,0.63,0.17
14796,189,0.46,0.23
14797,182,0.52,0.2
14798,21,0.43,0.26
14799,144,0.2,0.12
14800,73,0.57,0.16
14801,39,0.24,0.24
14802,94,0.3,0.24
14803,184,0.58,0.33
14804,106,0.32,0.21
14805,127,0.76,0.26
14806,151,0.37,0.25
14807,106,0.65,0.21
14808,103,0.75,0.2
14809,114,0.26,0.2
14810,27,0.7,0.14
14811,176,0.73,0.3
14812,188,0.24,0.15
14813,119,0.39,0.38
14814,59,0.38,0.3
14815,182,0.57,0.37
14816,22,0.8,0.28
14817,25,0.57,0.19
14818,112,0.67,0.32
14819,136,0.72,0.23
14820,49,0.47,0.38
14821,120,0.45,0.23
14822,68,0.22,0.28
14823,120,0.21,0.19
14824,57,0.58,0.13
14825,173,0.77,0.17
14826,132,0.43,0.13
14827,177,0.78,0.12
14828,199,0.48,0.39
14829,71,0.59,0.3
14830,66,0.45,0.36
14831,162,0.38,0.35
14832,84,0.22,0.31
14833,126,0.67,0.12
14834,102,0.49,0.32
14835,180,0.54,0.32
14836,93,0.78,0.26
14837,82,0.52,0.26
14838,20,0.55,0.21
14839,152,0.39,0.3
14840,62,0.22,0.39
14841,25,0.2,0.27
14842,143,0.31,0.18
14843,184,0.29,0.36
14844,157,0.3,0.2
14845,70,0.64,0.33
14846,72,0.48,0.25
14847,128,0.48,0.21
14848,133,0.44,0.12
14849,185,0.38,0.31
14850,66,0.68,0.11
14851,175,0.77,0.39
14852,192,0.74,0.39
14853,33,0.51,0.11
14854,33,0.36,0.33
14855,156,0.26,0.37
14856,27,0.72,0.31
14857,111,0.38,0.27
14858,31,0.76,0.28
14859,144,0.61,0.34
14860,149,0.22,0.3
14861,85,0.79,0.19
14862,23,0.65,0.35
14863,107,0.41,0.25
14864,182,0.47,0.2
14865,35,0.3,0.17
14866,161,0.44,0.3
14867,131,0.23,0.35
14868,106,0.34,0.3
14869,120,0.43,0.19
14870,115,0.3,0.28
14871,178,0.5,0.35
14872,190,0.27,0.28
14873,170,0.71,0.1
14874,161,0.21,0.3
14875,63,0.71,0.37
14876,116,0.5,0.33
14877,27,0.42,0.29
14878,142,0.65,0.21
14879,138,0.22,0.39
14880,63,0.42,0.17
14881,77,0.62,0.22
14882,24,0.34,0.14
14883,28,0.6,0.35
14884,173,0.42,0.21
14885,195,0.43,0.2
14886,90,0.48,0.1
14887,171,0.61,0.38
14888,79,0.36,0.34
14889,50,0.57,0.22
14890,153,0.55,0.35
14891,145,0.76,0.15
14892,129,0.67,0.26
14893,171,0.59,0.18
14894,158,0.56,0.18
14895,160,0.44,0.13
14896,158,0.74,0.4
14897,64,0.59,0.32
14898,88,0.56,0.17
14899,55,0.25,0.26
14900,86,0.67,0.27
14901,41,0.24,0.31
14902,75,0.3,0.12
14903,85,0.4,0.3
14904,117,0.43,0.26
14905,71,0.27,0.14
14906,124,0.78,0.24
14907,93,0.31,0.18
14908,157,0.71,0.29
14909,39,0.3,0.34
14910,85,0.38,0.31
14911,137,0.76,0.28
14912,141,0.64,0.31
14913,94,0.34,0.39
14914,32,0.45,0.16
14915,199,0.56,0.3
14916,137,0.29,0.17
14917,53,0.29,0.14
14918,154,0.42,0.38
14919,78,0.27,0.17
14920,72,0.56,0.24
14921,118,0.26,0.26
14922,74,0.62,0.25
14923,147,0.34,0.33
14924,173,0.66,0.2
14925,21,0.68,0.25
14926,66,0.44,0.23
14927,32,0.31,0.35
14928,37,0.44,0.13
14929,86,0.77,0.13
14930,120,0.61,0.11
14931,78,0.49,0.33
14932,32,0.31,0.29
14933,30,0.6,0.21
14934,61,0.46,0.23
14935,98,0.28,0.35
14936,119,0.63,0.24
14937,113,0.64,0.39
14938,38,0.35,0.17
14939,33,0.43,0.3
14940,200,0.75,0.36
14941,60,0.75,0.32
14942,82,0.41,0.34
14943,87,0.51,0.39
14944,154,0.64,0.32
14945,137,0.55,0.2
14946,117,0.66,0.11
14947,48,0.5,0.29
14948,102,0.75,0.14
14949,37,0.57,0.15
14950,127,0.6,0.2
14951,34,0.39,0.25
14952,98,0.39,0.19
14953,34,0.47,0.38
14954,115,0.53,0.19
14955,35,0.52,0.26
14956,44,0.64,0.27
14957,118,0.63,0.22
14958,45,0.64,0.31
14959,146,0.53,0.29
14960,158,0.63,0.37
14961,45,0.2,0.26
14962,162,0.38,0.4
14963,80,0.74,0.15
14964,37,0.3,0.18
14965,153,0.29,0.27
14966,181,0.77,0.35
14967,119,0.46,0.35
14968,151,0.69,0.16
14969,82,0.73,0.38
14970,140,0.61,0.35
14971,123,0.28,0.28
14972,113,0.31,0.19
14973,86,0.4,0.37
14974,35,0.26,0.13
14975,177,0.24,0.29
14976,58,0.74,0.15
14977,171,0.22,0.28
14978,50,0.59,0.22
14979,72,0.54,0.14
14980,66,0.73,0.19
14981,166,0.21,0.15
14982,161,0.36,0.12
14983,140,0.76,0.21
14984,29,0.55,0.24
14985,100,0.34,0.11
14986,127,0.46,0.11
14987,75,0.62,0.15
14988,55,0.43,0.19
14989,76,0.48,0.28
14990,77,0.51,0.22
14991,156,0.23,0.18
14992,100,0.51,0.34
14993,176,0.68,0.29
14994,186,0.28,0.15
14995,176,0.67,0.39
14996,57,0.41,0.13
14997,61,0.37,0.15
14998,141,0.39,0.21
14999,104,0.73,0.15
15000,30,0.6,0.36
15001,152,0.56,0.36
15002,38,0.39,0.23
15003,174,0.58,0.29
15004,46,0.3,0.35
15005,40,0.66,0.28
15006,77,0.24,0.16
15007,53,0.6,0.24
15008,130,0.52,0.15
15009,166,0.68,0.34
15010,36,0.56,0.33
15011,157,0.4,0.31
15012,40,0.21,0.13
15013,48,0.2,0.37
15014,123,0.72,0.39
15015,92,0.29,0.27
15016,153,0.77,0.35
15017,77,0.24,0.28
15018,31,0.27,0.16
15019,176,0.73,0.36
15020,38,0.63,0.31
15021,56,0.54,0.39
15022,88,0.46,0.17
15023,47,0.24,0.11
15024,200,0.3,0.24
15025,135,0.36,0.16
15026,23,0.31,0.18
15027,174,0.45,0.32
15028,39,0.2,0.19
15029,161,0.65,0.1
15030,200,0.43,0.39
15031,66,0.5,0.24
15032,53,0.79,0.25
15033,188,0.53,0.12
15034,91,0.21,0.15
15035,108,0.68,0.29
15036,84,0.42,0.27
15037,85,0.7,0.16
15038,53,0.59,0.12
15039,139,0.26,0.35
15040,75,0.56,0.22
15041,159,0.24,0.28
15042,140,0.43,0.39
15043,167,0.36,0.34
15044,96,0.57,0.4
15045,123,0.31,0.21
15046,72,0.5,0.1
15047,166,0.78,0.21
15048,26,0.73,0.16
15049,29,0.6,0.39
15050,180,0.64,0.14
15051,187,0.45,0.32
15052,164,0.49,0.16
15053,43,0.29,0.19
15054,80,0.35,0.12
15055,50,0.42,0.14
15056,87,0.73,0.35
15057,30,0.2,0.16
15058,40,0.4,0.23
15059,41,0.55,0.34
15060,28,0.5,0.23
15061,196,0.6,0.27
15062,154,0.71,0.36
15063,22,0.58,0.15
15064,192,0.73,0.21
15065,112,0.56,0.13
15066,30,0.29,0.17
15067,128,0.74,0.35
15068,134,0.69,0.23
15069,106,0.32,0.13
15070,28,0.79,0.29
15071,55,0.54,0.17
15072,76,0.22,0.27
15073,134,0.76,0.23
15074,114,0.53,0.22
15075,35,0.73,0.37
15076,183,0.47,0.3
15077,126,0.78,0.39
15078,51,0.25,0.18
15079,112,0.54,0.12
15080,61,0.31,0.14
15081,85,0.24,0.31
15082,196,0.21,0.2
15083,21,0.79,0.26
15084,176,0.62,0.37
15085,124,0.31,0.24
15086,117,0.63,0.15
15087,25,0.63,0.24
15088,111,0.49,0.24
15089,146,0.65,0.37
15090,78,0.38,0.12
15091,28,0.3,0.36
15092,142,0.47,0.26
15093,91,0.65,0.19
15094,171,0.26,0.24
15095,68,0.42,0.29
15096,46,0.29,0.2
15097,29,0.52,0.39
15098,48,0.26,0.35
15099,133,0.42,0.4
15100,35,0.26,0.39
15101,155,0.24,0.34
15102,101,0.72,0.3
15103,30,0.56,0.17
15104,180,0.27,0.38
15105,104,0.43,0.25
15106,131,0.72,0.39
15107,70,0.62,0.27
15108,196,0.37,0.18
15109,137,0.32,0.11
15110,199,0.46,0.38
15111,173,0.37,0.13
15112,86,0.23,0.26
15113,163,0.6,0.33
15114,34,0.56,0.39
15115,134,0.3,0.17
15116,147,0.45,0.37
15117,129,0.42,0.23
15118,122,0.45,0.16
15119,170,0.23,0.23
15120,21,0.29,0.39
15121,174,0.3,0.18
15122,141,0.26,0.2
15123,143,0.66,0.14
15124,29,0.75,0.2
15125,20,0.68,0.18
15126,69,0.25,0.31
15127,180,0.8,0.16
15128,113,0.5,0.36
15129,135,0.53,0.15
15130,198,0.2,0.32
15131,156,0.22,0.27
15132,43,0.32,0.23
15133,45,0.32,0.11
15134,143,0.45,0.28
15135,54,0.55,0.32
15136,156,0.37,0.24
15137,146,0.41,0.27
15138,79,0.72,0.24
15139,125,0.37,0.18
15140,178,0.78,0.2
15141,102,0.51,0.39
15142,114,0.61,0.29
15143,37,0.34,0.36
15144,86,0.59,0.29
15145,154,0.27,0.15
15146,175,0.67,0.38
15147,118,0.66,0.14
15148,128,0.23,0.23
15149,199,0.47,0.22
15150,116,0.67,0.21
15151,68,0.71,0.28
15152,146,0.3,0.12
15153,135,0.26,0.21
15154,77,0.26,0.31
15155,87,0.55,0.28
15156,67,0.76,0.4
15157,171,0.42,0.35
15158,64,0.74,0.22
15159,69,0.68,0.36
15160,84,0.23,0.24
15161,70,0.43,0.39
15162,164,0.38,0.21
15163,41,0.33,0.18
15164,144,0.41,0.19
15165,104,0.34,0.19
15166,135,0.78,0.3
15167,66,0.59,0.32
15168,134,0.46,0.26
15169,27,0.67,0.36
15170,185,0.48,0.39
15171,93,0.38,0.35
15172,166,0.23,0.4
15173,93,0.53,0.32
15174,48,0.51,0.15
15175,160,0.23,0.34
15176,145,0.49,0.29
15177,58,0.68,0.4
15178,105,0.71,0.17
15179,66,0.43,0.31
15180,185,0.65,0.36
15181,102,0.58,0.38
15182,35,0.65,0.18
15183,85,0.49,0.25
15184,190,0.52,0.17
15185,39,0.38,0.3
15186,58,0.38,0.39
15187,149,0.46,0.28
15188,61,0.76,0.4
15189,144,0.51,0.38
15190,182,0.25,0.33
15191,172,0.31,0.15
15192,20,0.26,0.39
15193,191,0.65,0.39
15194,93,0.47,0.38
15195,56,0.53,0.14
15196,81,0.27,0.25
15197,26,0.72,0.4
15198,57,0.26,0.3
15199,112,0.46,0.27
15200,91,0.48,0.13
15201,111,0.69,0.37
15202,49,0.7,0.21
15203,96,0.55,0.39
15204,31,0.22,0.27
15205,54,0.26,0.16
15206,26,0.35,0.39
15207,101,0.76,0.11
15208,27,0.39,0.25
15209,106,0.55,0.21
15210,59,0.75,0.28
15211,175,0.43,0.16
15212,187,0.26,0.14
15213,82,0.77,0.34
15214,197,0.46,0.13
15215,147,0.65,0.28
15216,106,0.66,0.26
15217,180,0.63,0.35
15218,129,0.55,0.26
15219,89,0.73,0.19
15220,57,0.35,0.27
15221,145,0.56,0.29
15222,166,0.43,0.26
15223,47,0.22,0.23
15224,53,0.55,0.13
15225,168,0.43,0.29
15226,40,0.38,0.27
15227,153,0.64,0.15
15228,166,0.23,0.33
15229,54,0.56,0.31
15230,38,0.36,0.15
15231,175,0.47,0.2
15232,185,0.52,0.36
15233,184,0.77,0.26
15234,82,0.36,0.15
15235,81,0.61,0.1
15236,109,0.79,0.34
15237,191,0.28,0.18
15238,170,0.77,0.18
15239,105,0.48,0.38
15240,179,0.39,0.17
15241,167,0.8,0.24
15242,135,0.78,0.24
15243,38,0.4,0.24
15244,32,0.4,0.18
15245,122,0.47,0.16
15246,156,0.36,0.29
15247,40,0.47,0.29
15248,89,0.72,0.3
15249,168,0.41,0.29
15250,30,0.24,0.14
15251,120,0.73,0.16
15252,174,0.49,0.22
15253,136,0.6,0.29
15254,110,0.57,0.38
15255,195,0.49,0.17
15256,104,0.75,0.2
15257,156,0.63,0.37
15258,142,0.4,0.36
15259,119,0.46,0.39
15260,123,0.59,0.12
15261,101,0.32,0.33
15262,114,0.71,0.35
15263,44,0.75,0.11
15264,45,0.46,0.12
15265,119,0.68,0.23
15266,114,0.59,0.3
15267,194,0.25,0.2
15268,150,0.69,0.38
15269,130,0.31,0.29
15270,191,0.71,0.24
15271,140,0.46,0.29
15272,174,0.66,0.13
15273,102,0.79,0.22
15274,108,0.37,0.25
15275,152,0.32,0.11
15276,139,0.2,0.21
15277,164,0.53,0.27
15278,135,0.4,0.21
15279,68,0.59,0.32
15280,31,0.44,0.21
15281,183,0.72,0.13
15282,137,0.69,0.21
15283,137,0.52,0.28
15284,111,0.76,0.37
15285,49,0.58,0.38
15286,42,0.52,0.11
15287,81,0.39,0.33
15288,121,0.54,0.22
15289,25,0.69,0.38
15290,150,0.74,0.2
15291,141,0.24,0.12
15292,69,0.45,0.22
15293,24,0.45,0.21
15294,196,0.29,0.2
15295,78,0.3,0.33
15296,177,0.55,0.17
15297,171,0.8,0.19
15298,78,0.41,0.17
15299,175,0.71,0.14
15300,41,0.48,0.27
15301,150,0.55,0.29
15302,56,0.34,0.1
15303,122,0.3,0.11
15304,166,0.8,0.3
15305,73,0.67,0.24
15306,175,0.71,0.39
15307,105,0.34,0.2
15308,57,0.42,0.4
15309,102,0.76,0.16
15310,61,0.49,0.35
15311,22,0.43,0.22
15312,34,0.3,0.14
15313,138,0.67,0.25
15314,32,0.33,0.33
15315,114,0.37,0.33
15316,68,0.46,0.27
15317,161,0.54,0.27
15318,147,0.47,0.23
15319,69,0.72,0.22
15320,147,0.65,0.37
15321,158,0.32,0.14
15322,101,0.71,0.32
15323,186,0.55,0.4
15324,53,0.79,0.29
15325,165,0.53,0.19
15326,118,0.74,0.1
15327,141,0.79,0.35
15328,74,0.6,0.22
15329,165,0.74,0.25
15330,86,0.39,0.4
15331,163,0.56,0.19
15332,182,0.39,0.28
15333,182,0.51,0.34
15334,154,0.8,0.1
15335,40,0.62,0.29
15336,139,0.73,0.2
15337,180,0.74,0.17
15338,74,0.36,0.23
15339,100,0.71,0.14
15340,200,0.47,0.28
15341,110,0.78,0.27
15342,109,0.32,0.26
15343,51,0.61,0.15
15344,68,0.49,0.2
15345,33,0.23,0.34
15346,107,0.69,0.36
15347,20,0.56,0.32
15348,73,0.66,0.14
15349,183,0.61,0.12
15350,71,0.56,0.31
15351,132,0.79,0.21
15352,72,0.55,0.19
15353,64,0.78,0.11
15354,78,0.7,0.11
15355,154,0.25,0.11
15356,107,0.43,0.1
15357,42,0.53,0.23
15358,43,0.33,0.26
15359,165,0.37,0.3
15360,186,0.33,0.29
15361,154,0.27,0.28
15362,90,0.54,0.38
15363,109,0.68,0.16
15364,72,0.42,0.15
15365,127,0.39,0.23
15366,64,0.29,0.29
15367,68,0.32,0.21
15368,97,0.27,0.24
15369,71,0.76,0.33
15370,81,0.27,0.28
15371,78,0.48,0.33
15372,191,0.57,0.29
15373,129,0.56,0.22
15374,166,0.35,0.38
15375,128,0.45,0.22
15376,47,0.58,0.24
15377,169,0.31,0.33
15378,23,0.69,0.11
15379,59,0.78,0.2
15380,162,0.41,0.33
15381,102,0.7,0.25
15382,72,0.26,0.26
15383,193,0.6,0.12
15384,82,0.26,0.13
15385,140,0.46,0.15
15386,24,0.77,0.36
15387,87,0.35,0.26
15388,134,0.34,0.38
15389,91,0.2,0.24
15390,156,0.68,0.21
15391,134,0.53,0.17
15392,141,0.52,0.27
15393,192,0.35,0.36
15394,127,0.53,0.17
15395,190,0.29,0.4
15396,150,0.74,0.36
15397,190,0.21,0.27
15398,33,0.53,0.13
15399,110,0.38,0.13
15400,85,0.23,0.24
15401,160,0.72,0.27
15402,111,0.72,0.4
15403,140,0.51,0.12
15404,42,0.74,0.22
15405,181,0.63,0.29
15406,124,0.55,0.23
15407,20,0.6,0.13
15408,82,0.65,0.17
15409,53,0.45,0.33
15410,159,0.32,0.19
15411,117,0.71,0.24
15412,32,0.6,0.12
15413,99,0.57,0.32
15414,151,0.7,0.23
15415,59,0.55,0.38
15416,113,0.36,0.15
15417,52,0.36,0.2
15418,41,0.23,0.13
15419,58,0.42,0.13
15420,183,0.52,0.18
15421,71,0.57,0.19
15422,200,0.53,0.18
15423,80,0.56,0.19
15424,111,0.73,0.17
15425,73,0.28,0.35
15426,145,0.35,0.16
15427,164,0.7,0.22
15428,125,0.77,0.19
15429,174,0.41,0.17
15430,42,0.67,0.17
15431,26,0.59,0.3
15432,94,0.28,0.21
15433,169,0.38,0.2
15434,99,0.77,0.21
15435,47,0.29,0.26
15436,97,0.48,0.15
15437,91,0.43,0.21
15438,199,0.67,0.12
15439,171,0.58,0.39
15440,190,0.36,0.25
15441,105,0.43,0.31
15442,67,0.34,0.36
15443,111,0.3,0.3
15444,159,0.51,0.36
15445,65,0.76,0.14
15446,51,0.39,0.14
15447,36,0.24,0.25
15448,130,0.35,0.16
15449,156,0.56,0.37
15450,104,0.21,0.27
15451,181,0.63,0.32
15452,139,0.67,0.3
15453,96,0.23,0.18
15454,179,0.7,0.29
15455,154,0.56,0.21
15456,27,0.71,0.15
15457,60,0.74,0.37
15458,185,0.55,0.17
15459,132,0.44,0.38
15460,95,0.51,0.38
15461,168,0.45,0.23
15462,169,0.26,0.33
15463,35,0.58,0.15
15464,146,0.51,0.32
15465,35,0.24,0.35
15466,73,0.46,0.23
15467,71,0.63,0.32
15468,82,0.33,0.35
15469,68,0.43,0.36
15470,48,0.62,0.34
15471,98,0.8,0.34
15472,190,0.35,0.24
15473,44,0.27,0.14
15474,81,0.55,0.2
15475,187,0.21,0.26
15476,149,0.38,0.26
15477,59,0.71,0.38
15478,47,0.78,0.12
15479,20,0.73,0.34
15480,180,0.49,0.32
15481,183,0.34,0.16
15482,70,0.71,0.18
15483,30,0.32,0.25
15484,163,0.36,0.39
15485,178,0.74,0.39
15486,83,0.49,0.13
15487,117,0.78,0.12
15488,199,0.7,0.16
15489,84,0.72,0.38
15490,54,0.36,0.27
15491,36,0.53,0.18
15492,138,0.34,0.37
15493,135,0.61,0.32
15494,70,0.25,0.37
15495,49,0.26,0.36
15496,167,0.39,0.15
15497,189,0.54,0.17
15498,31,0.55,0.3
15499,104,0.55,0.32
15500,48,0.6,0.16
15501,72,0.35,0.29
15502,42,0.54,0.36
15503,155,0.25,0.38
15504,161,0.6,0.33
15505,24,0.44,0.33
15506,156,0.31,0.23
15507,40,0.27,0.38
15508,116,0.63,0.27
15509,136,0.28,0.17
15510,61,0.25,0.35
15511,182,0.63,0.12
15512,109,0.69,0.21
15513,165,0.48,0.11
15514,119,0.54,0.22
15515,185,0.49,0.25
15516,182,0.6,0.2
15517,87,0.79,0.31
15518,154,0.58,0.21
15519,142,0.34,0.32
15520,41,0.69,0.14
15521,150,0.35,0.21
15522,124,0.63,0.3
15523,135,0.63,0.4
15524,195,0.66,0.2
15525,57,0.41,0.35
15526,74,0.31,0.31
15527,102,0.79,0.35
15528,168,0.35,0.29
15529,119,0.21,0.17
15530,122,0.77,0.24
15531,114,0.7,0.19
15532,115,0.63,0.16
15533,25,0.21,0.22
15534,31,0.62,0.26
15535,136,0.55,0.29
15536,45,0.39,0.25
15537,160,0.21,0.15
15538,111,0.69,0.4
15539,51,0.76,0.32
15540,101,0.4,0.33
15541,100,0.57,0.2
15542,125,0.29,0.25
15543,44,0.4,0.33
15544,95,0.42,0.28
15545,129,0.64,0.21
15546,77,0.51,0.38
15547,145,0.61,0.37
15548,22,0.5,0.33
15549,87,0.37,0.19
15550,37,0.36,0.15
15551,185,0.52,0.16
15552,121,0.25,0.23
15553,184,0.74,0.25
15554,63,0.51,0.26
15555,173,0.72,0.22
15556,34,0.36,0.21
15557,31,0.37,0.15
15558,193,0.75,0.33
15559,71,0.54,0.35
15560,111,0.44,0.27
15561,134,0.25,0.3
15562,137,0.42,0.2
15563,183,0.45,0.35
15564,178,0.6,0.25
15565,73,0.51,0.22
15566,66,0.8,0.3
15567,61,0.38,0.28
15568,120,0.49,0.16
15569,34,0.6,0.25
15570,78,0.62,0.23
15571,48,0.42,0.24
15572,153,0.21,0.35
15573,98,0.25,0.22
15574,200,0.58,0.24
15575,175,0.44,0.39
15576,83,0.21,0.21
15577,148,0.23,0.14
15578,35,0.49,0.12
15579,136,0.26,0.33
15580,113,0.46,0.23
15581,138,0.69,0.16
15582,38,0.3,0.31
15583,127,0.57,0.11
15584,143,0.25,0.37
15585,26,0.78,0.15
15586,26,0.48,0.38
15587,162,0.43,0.28
15588,121,0.78,0.35
15589,53,0.3,0.2
15590,109,0.73,0.18
15591,182,0.61,0.38
15592,126,0.63,0.17
15593,22,0.32,0.36
15594,98,0.58,0.29
15595,87,0.49,0.18
15596,75,0.32,0.23
15597,147,0.71,0.25
15598,116,0.69,0.35
15599,109,0.73,0.25
15600,165,0.38,0.23
15601,149,0.53,0.35
15602,197,0.47,0.33
15603,37,0.21,0.13
15604,70,0.26,0.31
15605,125,0.4,0.24
15606,30,0.32,0.12
15607,52,0.59,0.34
15608,164,0.68,0.2
15609,86,0.73,0.17
15610,189,0.41,0.24
15611,174,0.28,0.31
15612,22,0.6,0.31
15613,196,0.2,0.12
15614,197,0.48,0.17
15615,89,0.2,0.15
15616,164,0.7,0.31
15617,96,0.67,0.19
15618,143,0.54,0.3
15619,116,0.65,0.19
15620,34,0.49,0.4
15621,49,0.8,0.11
15622,66,0.51,0.11
15623,37,0.78,0.31
15624,76,0.52,0.4
15625,133,0.61,0.2
15626,180,0.77,0.25
15627,116,0.51,0.35
15628,189,0.33,0.35
15629,166,0.56,0.26
15630,51,0.45,0.2
15631,85,0.39,0.26
15632,85,0.58,0.2
15633,44,0.36,0.21
15634,57,0.3,0.12
15635,23,0.48,0.17
15636,99,0.3,0.38
15637,194,0.37,0.33
15638,129,0.46,0.3
15639,90,0.28,0.23
15640,69,0.52,0.13
15641,168,0.35,0.25
15642,22,0.27,0.32
15643,69,0.59,0.36
15644,180,0.71,0.34
15645,186,0.32,0.36
15646,73,0.25,0.2
15647,91,0.24,0.15
15648,46,0.39,0.16
15649,62,0.69,0.11
15650,90,0.54,0.15
15651,120,0.39,0.26
15652,32,0.22,0.38
15653,152,0.61,0.31
15654,169,0.5,0.13
15655,53,0.47,0.26
15656,30,0.39,0.3
15657,82,0.79,0.35
15658,39,0.3,0.25
15659,90,0.28,0.19
15660,66,0.43,0.15
15661,178,0.72,0.23
15662,158,0.38,0.22
15663,56,0.24,0.34
15664,103,0.64,0.24
15665,76,0.46,0.33
15666,148,0.46,0.29
15667,68,0.4,0.28
15668,117,0.61,0.34
15669,72,0.53,0.31
15670,34,0.21,0.39
15671,63,0.63,0.12
15672,45,0.26,0.24
15673,178,0.78,0.19
15674,166,0.58,0.38
15675,115,0.51,0.38
15676,103,0.32,0.13
15677,168,0.57,0.28
15678,60,0.47,0.2
15679,52,0.74,0.15
15680,24,0.41,0.34
15681,160,0.64,0.36
15682,108,0.38,0.1
15683,160,0.23,0.14
15684,109,0.74,0.34
15685,84,0.63,0.32
15686,33,0.78,0.22
15687,63,0.37,0.29
15688,142,0.29,0.13
15689,101,0.42,0.15
15690,156,0.54,0.16
15691,168,0.67,0.22
15692,64,0.48,0.12
15693,101,0.65,0.18
15694,21,0.21,0.13
15695,135,0.64,0.16
15696,98,0.78,0.11
15697,67,0.41,0.13
15698,107,0.71,0.16
15699,50,0.76,0.15
15700,95,0.28,0.33
15701,153,0.37,0.23
15702,113,0.71,0.31
15703,120,0.35,0.14
15704,106,0.68,0.24
15705,138,0.57,0.17
15706,58,0.23,0.34
15707,106,0.27,0.15
15708,190,0.6,0.39
15709,200,0.54,0.36
15710,79,0.23,0.11
15711,154,0.37,0.29
15712,114,0.78,0.35
15713,131,0.27,0.34
15714,139,0.74,0.22
15715,92,0.33,0.19
15716,145,0.76,0.22
15717,120,0.65,0.26
15718,159,0.68,0.39
15719,89,0.21,0.11
15720,159,0.69,0.28
15721,81,0.55,0.26
15722,160,0.52,0.37
15723,95,0.74,0.32
15724,196,0.47,0.29
15725,45,0.69,0.12
15726,196,0.36,0.19
15727,199,0.73,0.2
15728,187,0.31,0.28
15729,74,0.57,0.16
15730,128,0.58,0.29
15731,58,0.66,0.19
15732,42,0.39,0.36
15733,153,0.41,0.24
15734,102,0.55,0.29
15735,161,0.39,0.12
15736,88,0.8,0.18
15737,56,0.78,0.29
15738,103,0.51,0.27
15739,179,0.4,0.33
15740,33,0.27,0.25
15741,123,0.57,0.21
15742,88,0.8,0.25
15743,25,0.64,0.16
15744,98,0.27,0.39
15745,93,0.39,0.15
15746,88,0.75,0.37
15747,131,0.33,0.14
15748,53,0.56,0.34
15749,84,0.31,0.24
15750,156,0.2,0.31
15751,22,0.55,0.15
15752,152,0.72,0.2
15753,52,0.2,0.35
15754,29,0.34,0.2
15755,22,0.33,0.11
15756,61,0.41,0.25
15757,134,0.41,0.21
15758,78,0.32,0.17
15759,189,0.21,0.22
15760,90,0.2,0.12
15761,83,0.32,0.14
15762,100,0.22,0.22
15763,56,0.45,0.33
15764,107,0.7,0.34
15765,171,0.46,0.37
15766,113,0.22,0.17
15767,200,0.75,0.14
15768,111,0.56,0.39
15769,85,0.23,0.12
15770,113,0.64,0.17
15771,36,0.66,0.25
15772,120,0.34,0.1
15773,196,0.57,0.18
15774,180,0.23,0.36
15775,194,0.74,0.19
15776,121,0.34,0.39
15777,85,0.73,0.26
15778,159,0.22,0.39
15779,91,0.23,0.16
15780,104,0.57,0.34
15781,141,0.3,0.25
15782,146,0.65,0.15
15783,85,0.44,0.29
15784,140,0.5,0.32
15785,80,0.54,0.26
15786,84,0.67,0.28
15787,179,0.39,0.11
15788,28,0.24,0.35
15789,78,0.63,0.34
15790,185,0.69,0.34
15791,70,0.47,0.18
15792,107,0.63,0.36
15793,141,0.78,0.18
15794,97,0.5,0.23
15795,62,0.57,0.35
15796,101,0.29,0.22
15797,163,0.38,0.19
15798,145,0.57,0.16
15799,50,0.6,0.36
15800,124,0.27,0.16
15801,60,0.49,0.23
15802,24,0.66,0.21
15803,174,0.75,0.26
15804,128,0.2,0.2
15805,124,0.33,0.15
15806,147,0.66,0.29
15807,55,0.5,0.32
15808,126,0.42,0.36
15809,190,0.72,0.15
15810,115,0.34,0.35
15811,114,0.52,0.19
15812,170,0.47,0.37
15813,186,0.47,0.36
15814,29,0.65,0.17
15815,190,0.2,0.34
15816,50,0.27,0.38
15817,96,0.42,0.39
15818,119,0.63,0.38
15819,28,0.27,0.33
15820,181,0.27,0.32
15821,100,0.36,0.3
15822,50,0.31,0.15
15823,99,0.47,0.39
15824,188,0.8,0.2
15825,144,0.48,0.17
15826,158,0.57,0.18
15827,74,0.26,0.2
15828,178,0.42,0.23
15829,182,0.4,0.11
15830,28,0.42,0.11
15831,176,0.71,0.21
15832,64,0.48,0.33
15833,180,0.35,0.33
15834,156,0.78,0.11
15835,105,0.56,0.37
15836,23,0.39,0.23
15837,86,0.51,0.15
15838,195,0.77,0.13
15839,171,0.52,0.26
15840,60,0.37,0.3
15841,82,0.22,0.38
15842,196,0.62,0.3
15843,41,0.21,0.39
15844,54,0.65,0.25
15845,103,0.61,0.38
15846,64,0.71,0.1
15847,141,0.64,0.34
15848,166,0.32,0.31
15849,199,0.23,0.19
15850,52,0.77,0.24
15851,114,0.51,0.3
15852,188,0.29,0.36
15853,191,0.3,0.27
15854,160,0.71,0.36
15855,42,0.33,0.22
15856,151,0.51,0.31
15857,173,0.78,0.11
15858,128,0.3,0.29
15859,191,0.23,0.3
15860,182,0.69,0.19
15861,30,0.58,0.35
15862,80,0.73,0.15
15863,157,0.6,0.14
15864,188,0.62,0.25
15865,152,0.76,0.25
15866,135,0.3,0.2
15867,51,0.39,0.37
15868,89,0.68,0.23
15869,200,0.31,0.4
15870,49,0.45,0.31
15871,37,0.57,0.34
15872,146,0.2,0.39
15873,31,0.24,0.22
15874,103,0.79,0.27
15875,176,0.34,0.39
15876,68,0.78,0.36
15877,190,0.5,0.28
15878,109,0.68,0.4
15879,41,0.69,0.32
15880,198,0.73,0.38
15881,172,0.75,0.14
15882,200,0.42,0.1
15883,30,0.23,0.24
15884,166,0.38,0.36
15885,192,0.69,0.22
15886,178,0.68,0.24
15887,145,0.27,0.32
15888,188,0.23,0.17
15889,193,0.46,0.25
15890,185,0.26,0.38
15891,156,0.65,0.25
15892,150,0.56,0.24
15893,169,0.34,0.39
15894,92,0.48,0.34
15895,181,0.44,0.37
15896,163,0.45,0.19
15897,135,0.43,0.24
15898,27,0.44,0.19
15899,177,0.28,0.34
15900,175,0.53,0.4
15901,70,0.49,0.14
15902,168,0.44,0.37
15903,38,0.33,0.19
15904,108,0.41,0.39
15905,143,0.39,0.36
15906,162,0.3,0.37
15907,82,0.44,0.21
15908,118,0.73,0.11
15909,199,0.63,0.36
15910,96,0.79,0.3
15911,130,0.78,0.16
15912,125,0.29,0.26
15913,20,0.3,0.21
15914,173,0.24,0.37
15915,164,0.38,0.22
15916,176,0.57,0.2
15917,100,0.39,0.11
15918,121,0.63,0.23
15919,200,0.34,0.18
15920,84,0.47,0.13
15921,89,0.45,0.37
15922,126,0.54,0.24
15923,95,0.56,0.28
15924,29,0.32,0.37
15925,88,0.76,0.31
15926,53,0.67,0.14
15927,171,0.68,0.33
15928,106,0.69,0.2
15929,196,0.24,0.31
15930,38,0.25,0.29
15931,192,0.7,0.37
15932,56,0.41,0.13
15933,49,0.47,0.14
15934,100,0.2,0.16
15935,78,0.64,0.3
15936,144,0.23,0.26
15937,37,0.67,0.39
15938,145,0.62,0.35
15939,88,0.4,0.22
15940,139,0.76,0.3
15941,21,0.43,0.39
15942,27,0.52,0.13
15943,60,0.71,0.39
15944,147,0.74,0.39
15945,76,0.33,0.17
15946,49,0.34,0.15
15947,108,0.47,0.26
15948,161,0.62,0.21
15949,91,0.72,0.23
15950,91,0.4,0.35
15951,125,0.51,0.12
15952,44,0.64,0.36
15953,109,0.32,0.36
15954,131,0.48,0.11
15955,57,0.5,0.27
15956,70,0.57,0.23
15957,51,0.59,0.19
15958,184,0.33,0.23
15959,77,0.36,0.2
15960,78,0.26,0.18
15961,86,0.4,0.2
15962,47,0.52,0.1
15963,123,0.55,0.37
15964,85,0.23,0.23
15965,91,0.59,0.1
15966,108,0.58,0.22
15967,147,0.41,0.22
15968,33,0.77,0.12
15969,123,0.65,0.26
15970,166,0.74,0.26
15971,124,0.61,0.16
15972,78,0.4,0.22
15973,169,0.37,0.13
15974,176,0.7,0.34
15975,27,0.66,0.14
15976,38,0.23,0.35
15977,179,0.78,0.36
15978,21,0.57,0.33
15979,128,0.59,0.1
15980,179,0.3,0.37
15981,174,0.7,0.31
15982,124,0.51,0.27
15983,197,0.77,0.3
15984,91,0.36,0.22
15985,149,0.25,0.28
15986,168,0.39,0.18
15987,43,0.46,0.32
15988,110,0.52,0.18
15989,37,0.78,0.38
15990,39,0.8,0.17
15991,56,0.6,0.21
15992,91,0.42,0.19
15993,129,0.3,0.15
15994,31,0.75,0.21
15995,172,0.25,0.31
15996,163,0.49,0.35
15997,195,0.21,0.28
15998,141,0.53,0.3
15999,75,0.4,0.24
16000,25,0.66,0.13
16001,124,0.24,0.31
16002,123,0.67,0.14
16003,108,0.45,0.29
16004,39,0.41,0.36
16005,108,0.74,0.31
16006,21,0.48,0.27
16007,46,0.76,0.39
16008,47,0.56,0.28
16009,152,0.2,0.27
16010,195,0.64,0.17
16011,182,0.21,0.11
16012,58,0.4,0.34
16013,140,0.74,0.24
16014,20,0.74,0.31
16015,177,0.71,0.31
16016,111,0.27,0.19
16017,44,0.34,0.22
16018,162,0.51,0.1
16019,86,0.56,0.19
16020,60,0.54,0.24
16021,20,0.54,0.22
16022,186,0.56,0.1
16023,87,0.3,0.11
16024,115,0.33,0.24
16025,84,0.66,0.31
16026,199,0.31,0.37
16027,192,0.56,0.4
16028,189,0.2,0.38
16029,133,0.64,0.17
16030,194,0.67,0.25
16031,179,0.22,0.29
16032,173,0.33,0.27
16033,175,0.78,0.12
16034,147,0.75,0.16
16035,45,0.39,0.3
16036,67,0.41,0.12
16037,198,0.72,0.31
16038,142,0.78,0.19
16039,146,0.72,0.23
16040,97,0.56,0.24
16041,121,0.46,0.28
16042,90,0.73,0.21
16043,118,0.63,0.29
16044,182,0.35,0.37
16045,59,0.69,0.34
16046,129,0.44,0.28
16047,102,0.67,0.34
16048,164,0.58,0.15
16049,58,0.79,0.39
16050,181,0.71,0.26
16051,24,0.8,0.37
16052,187,0.44,0.11
16053,24,0.77,0.31
16054,94,0.4,0.16
16055,192,0.7,0.18
16056,93,0.54,0.27
16057,107,0.43,0.27
16058,160,0.56,0.24
16059,103,0.43,0.11
16060,84,0.59,0.16
16061,47,0.5,0.13
16062,146,0.8,0.33
16063,67,0.62,0.35
16064,168,0.77,0.17
16065,131,0.3,0.13
16066,22,0.35,0.19
16067,180,0.42,0.36
16068,166,0.73,0.15
16069,166,0.73,0.28
16070,117,0.64,0.4
16071,179,0.66,0.14
16072,63,0.53,0.19
16073,28,0.37,0.28
16074,129,0.58,0.23
16075,119,0.72,0.1
16076,85,0.32,0.18
16077,152,0.59,0.12
16078,35,0.39,0.31
16079,77,0.22,0.23
16080,150,0.5,0.23
16081,199,0.29,0.2
16082,65,0.47,0.35
16083,154,0.22,0.37
16084,76,0.62,0.1
16085,61,0.57,0.36
16086,160,0.39,0.3
16087,71,0.4,0.29
16088,194,0.22,0.16
16089,139,0.78,0.2
16090,91,0.46,0.36
16091,150,0.38,0.25
16092,112,0.72,0.2
16093,76,0.52,0.33
16094,164,0.79,0.34
16095,56,0.74,0.23
16096,164,0.21,0.37
16097,120,0.36,0.38
16098,166,0.29,0.19
16099,129,0.68,0.26
16100,32,0.76,0.28
16101,39,0.53,0.33
16102,64,0.47,0.37
16103,57,0.72,0.14
16104,133,0.39,0.22
16105,37,0.68,0.11
16106,44,0.66,0.28
16107,46,0.24,0.18
16108,187,0.28,0.28
16109,104,0.22,0.32
16110,49,0.54,0.38
16111,31,0.56,0.33
16112,167,0.65,0.29
16113,30,0.79,0.3
16114,54,0.46,0.19
16115,47,0.67,0.29
16116,78,0.62,0.24
16117,31,0.8,0.3
16118,83,0.56,0.21
16119,64,0.54,0.27
16120,130,0.7,0.3
16121,24,0.25,0.13
16122,147,0.58,0.14
16123,94,0.64,0.23
16124,199,0.45,0.15
16125,130,0.25,0.4
16126,182,0.45,0.17
16127,195,0.35,0.24
16128,182,0.63,0.25
16129,175,0.67,0.25
16130,36,0.49,0.2
16131,70,0.38,0.12
16132,98,0.4,0.32
16133,100,0.68,0.37
16134,130,0.51,0.23
16135,53,0.69,0.32
16136,162,0.75,0.31
16137,181,0.58,0.38
16138,170,0.3,0.31
16139,140,0.59,0.21
16140,122,0.4,0.21
16141,113,0.33,0.21
16142,36,0.76,0.14
16143,62,0.6,0.19
16144,81,0.49,0.38
16145,166,0.77,0.22
16146,70,0.39,0.38
16147,97,0.49,0.15
16148,111,0.64,0.14
16149,81,0.54,0.14
16150,192,0.25,0.23
16151,116,0.31,0.36
16152,93,0.72,0.21
16153,62,0.56,0.11
16154,188,0.63,0.22
16155,67,0.35,0.19
16156,156,0.57,0.33
16157,81,0.66,0.23
16158,86,0.22,0.26
16159,60,0.5,0.26
16160,27,0.27,0.36
16161,187,0.74,0.13
16162,95,0.65,0.28
16163,200,0.35,0.37
16164,21,0.67,0.18
16165,88,0.35,0.36
16166,132,0.67,0.39
16167,186,0.3,0.11
16168,186,0.48,0.28
16169,147,0.53,0.16
16170,173,0.39,0.29
16171,161,0.63,0.19
16172,44,0.55,0.19
16173,20,0.52,0.34
16174,195,0.4,0.14
16175,171,0.79,0.27
16176,195,0.43,0.22
16177,178,0.63,0.29
16178,129,0.44,0.16
16179,172,0.35,0.38
16180,90,0.45,0.33
16181,63,0.29,0.37
16182,68,0.37,0.34
16183,65,0.37,0.16
16184,162,0.42,0.4
16185,153,0.55,0.22
16186,35,0.51,0.21
16187,83,0.28,0.15
16188,71,0.73,0.1
16189,88,0.57,0.19
16190,29,0.8,0.26
16191,199,0.44,0.1
16192,128,0.58,0.25
16193,199,0.77,0.37
16194,103,0.73,0.27
16195,31,0.7,0.11
16196,76,0.24,0.38
16197,175,0.3,0.4
16198,182,0.37,0.16
16199,144,0.34,0.32
16200,85,0.45,0.39
16201,120,0.75,0.29
16202,128,0.6,0.14
16203,139,0.49,0.22
16204,66,0.6,0.17
16205,133,0.28,0.22
16206,41,0.58,0.35
16207,192,0.44,0.14
16208,84,0.28,0.17
16209,196,0.28,0.24
16210,171,0.75,0.34
16211,112,0.45,0.17
16212,88,0.74,0.16
16213,91,0.77,0.39
16214,85,0.31,0.35
16215,177,0.6,0.26
16216,142,0.66,0.12
16217,126,0.76,0.33
16218,65,0.68,0.26
16219,195,0.71,0.13
16220,56,0.49,0.37
16221,196,0.27,0.21
16222,39,0.28,0.32
16223,178,0.75,0.39
16224,88,0.67,0.19
16225,25,0.77,0.35
16226,69,0.44,0.17
16227,190,0.77,0.11
16228,163,0.64,0.22
16229,79,0.59,0.29
16230,90,0.56,0.18
16231,75,0.31,0.14
16232,26,0.27,0.24
16233,165,0.49,0.32
16234,109,0.56,0.22
16235,47,0.27,0.13
16236,136,0.43,0.27
16237,198,0.21,0.2
16238,99,0.66,0.11
16239,169,0.48,0.27
16240,118,0.65,0.4
16241,183,0.65,0.24
16242,137,0.76,0.26
16243,91,0.28,0.26
16244,189,0.78,0.33
16245,49,0.59,0.12
16246,35,0.41,0.32
16247,106,0.32,0.22
16248,139,0.57,0.14
16249,135,0.6,0.18
16250,65,0.43,0.39
16251,21,0.52,0.19
16252,98,0.5,0.27
16253,191,0.74,0.21
16254,183,0.66,0.13
16255,20,0.71,0.38
16256,171,0.56,0.32
16257,72,0.76,0.17
16258,174,0.24,0.34
16259,90,0.53,0.21
16260,137,0.74,0.36
16261,137,0.51,0.2
16262,26,0.72,0.29
16263,67,0.76,0.33
16264,104,0.69,0.28
16265,167,0.66,0.22
16266,125,0.59,0.29
16267,158,0.41,0.39
16268,176,0.76,0.39
16269,139,0.39,0.38
16270,32,0.35,0.39
16271,182,0.72,0.15
16272,143,0.48,0.22
16273,133,0.44,0.27
16274,135,0.28,0.26
16275,71,0.28,0.14
16276,35,0.5,0.31
16277,174,0.26,0.31
16278,79,0.44,0.29
16279,185,0.76,0.26
16280,200,0.26,0.38
16281,55,0.71,0.11
16282,48,0.27,0.38
16283,20,0.61,0.13
16284,167,0.41,0.18
16285,36,0.22,0.14
16286,94,0.64,0.39
16287,47,0.4,0.29
16288,131,0.66,0.33
16289,37,0.45,0.19
16290,134,0.72,0.24
16291,138,0.7,0.11
16292,45,0.21,0.2
16293,33,0.68,0.14
16294,160,0.45,0.2
16295,50,0.44,0.29
16296,184,0.42,0.14
16297,98,0.28,0.37
16298,111,0.72,0.19
16299,199,0.78,0.2
16300,78,0.51,0.15
16301,44,0.56,0.28
16302,152,0.42,0.28
16303,49,0.55,0.18
16304,121,0.39,0.2
16305,101,0.64,0.27
16306,57,0.66,0.23
16307,180,0.3,0.18
16308,175,0.5,0.24
16309,168,0.39,0.28
16310,122,0.23,0.2
16311,68,0.38,0.16
16312,197,0.28,0.39
16313,20,0.35,0.39
16314,80,0.32,0.34
16315,168,0.36,0.34
16316,195,0.69,0.15
16317,89,0.38,0.25
16318,142,0.74,0.24
16319,175,0.7,0.25
16320,163,0.67,0.2
16321,118,0.66,0.14
16322,192,0.32,0.2
16323,89,0.7,0.17
16324,164,0.58,0.28
16325,167,0.79,0.28
16326,200,0.28,0.2
16327,197,0.34,0.26
16328,140,0.34,0.16
16329,133,0.29,0.17
16330,186,0.52,0.38
16331,134,0.26,0.11
16332,143,0.63,0.15
16333,80,0.66,0.38
16334,196,0.26,0.21
16335,100,0.61,0.16
16336,95,0.49,0.36
16337,24,0.8,0.34
16338,169,0.65,0.27
16339,46,0.32,0.33
16340,110,0.71,0.17
16341,194,0.74,0.39
16342,159,0.49,0.29
16343,21,0.78,0.32
16344,199,0.56,0.29
16345,128,0.55,0.2
16346,174,0.26,0.37
16347,23,0.4,0.26
16348,33,0.34,0.19
16349,197,0.76,0.39
16350,110,0.78,0.22
16351,57,0.42,0.22
16352,51,0.47,0.36
16353,174,0.39,0.18
16354,73,0.31,0.16
16355,156,0.69,0.36
16356,111,0.64,0.19
16357,50,0.24,0.38
16358,136,0.66,0.15
16359,156,0.44,0.22
16360,176,0.46,0.16
16361,134,0.41,0.34
16362,103,0.76,0.35
16363,175,0.26,0.37
16364,31,0.38,0.33
16365,77,0.62,0.27
16366,43,0.77,0.14
16367,108,0.26,0.11
16368,197,0.31,0.21
16369,38,0.27,0.25
16370,139,0.66,0.33
16371,113,0.48,0.38
16372,106,0.64,0.31
16373,160,0.69,0.38
16374,155,0.77,0.11
16375,42,0.45,0.14
16376,154,0.35,0.26
16377,143,0.52,0.3
16378,62,0.25,0.14
16379,175,0.77,0.24
16380,167,0.43,0.24
16381,120,0.32,0.11
16382,184,0.73,0.15
16383,153,0.22,0.28
16384,113,0.34,0.16
16385,154,0.61,0.15
16386,111,0.39,0.33
16387,50,0.69,0.36
16388,116,0.46,0.25
16389,102,0.25,0.21
16390,131,0.63,0.38
16391,86,0.28,0.11
16392,58,0.43,0.11
16393,170,0.33,0.18
16394,173,0.72,0.17
16395,111,0.55,0.39
16396,30,0.35,0.2
16397,88,0.76,0.37
16398,135,0.77,0.35
16399,176,0.58,0.3
16400,139,0.42,0.3
16401,148,0.22,0.29
16402,23,0.44,0.17
16403,194,0.27,0.2
16404,29,0.31,0.33
16405,81,0.38,0.23
16406,184,0.67,0.26
16407,72,0.71,0.13
16408,130,0.71,0.37
16409,61,0.27,0.22
16410,73,0.45,0.33
16411,126,0.58,0.17
16412,34,0.68,0.39
16413,148,0.21,0.13
16414,43,0.56,0.27
16415,134,0.62,0.3
16416,168,0.48,0.19
16417,64,0.23,0.24
16418,74,0.39,0.34
16419,24,0.75,0.12
16420,176,0.42,0.11
16421,62,0.49,0.15
16422,105,0.29,0.3
16423,138,0.34,0.32
16424,177,0.51,0.36
16425,173,0.37,0.1
16426,129,0.26,0.13
16427,56,0.29,0.12
16428,77,0.63,0.35
16429,183,0.7,0.19
16430,171,0.58,0.17
16431,145,0.42,0.3
16432,120,0.6,0.16
16433,118,0.37,0.31
16434,109,0.31,0.32
16435,103,0.64,0.26
16436,141,0.76,0.32
16437,119,0.39,0.19
16438,142,0.28,0.14
16439,173,0.46,0.22
16440,92,0.33,0.25
16441,150,0.6,0.14
16442,193,0.26,0.2
16443,40,0.73,0.3
16444,97,0.54,0.12
16445,74,0.58,0.35
16446,127,0.72,0.38
16447,102,0.53,0.28
16448,84,0.67,0.33
16449,155,0.29,0.29
16450,38,0.8,0.33
16451,147,0.69,0.17
16452,63,0.58,0.36
16453,159,0.53,0.28
16454,116,0.42,0.25
16455,182,0.3,0.2
16456,57,0.59,0.24
16457,89,0.43,0.29
16458,124,0.75,0.27
16459,193,0.34,0.32
16460,42,0.31,0.19
16461,137,0.53,0.23
16462,50,0.79,0.31
16463,37,0.75,0.34
16464,179,0.74,0.36
16465,93,0.2,0.25
16466,32,0.74,0.34
16467,199,0.24,0.33
16468,120,0.25,0.37
16469,64,0.76,0.11
16470,82,0.69,0.23
16471,164,0.59,0.26
16472,45,0.2,0.4
16473,123,0.66,0.1
16474,59,0.63,0.18
16475,184,0.2,0.14
16476,169,0.35,0.14
16477,172,0.5,0.1
16478,51,0.77,0.13
16479,59,0.77,0.38
16480,36,0.69,0.35
16481,129,0.76,0.12
16482,55,0.31,0.22
16483,83,0.52,0.25
16484,125,0.56,0.28
16485,45,0.31,0.32
16486,157,0.36,0.27
16487,163,0.42,0.23
16488,166,0.31,0.33
16489,28,0.2,0.34
16490,29,0.6,0.22
16491,196,0.59,0.13
16492,97,0.47,0.21
16493,79,0.42,0.25
16494,170,0.3,0.19
16495,40,0.8,0.19
16496,63,0.43,0.15
16497,39,0.24,0.3
16498,132,0.72,0.34
16499,170,0.68,0.16
16500,74,0.32,0.33
16501,165,0.73,0.2
16502,65,0.34,0.17
16503,200,0.77,0.14
16504,184,0.7,0.21
16505,101,0.77,0.37
16506,145,0.75,0.37
16507,192,0.64,0.25
16508,82,0.35,0.15
16509,154,0.66,0.17
16510,179,0.2,0.28
16511,91,0.41,0.32
16512,29,0.45,0.23
16513,86,0.72,0.17
16514,124,0.22,0.33
16515,157,0.76,0.34
16516,181,0.43,0.18
16517,114,0.51,0.33
16518,21,0.6,0.34
16519,166,0.45,0.2
16520,200,0.62,0.39
16521,142,0.37,0.4
16522,116,0.7,0.29
16523,156,0.49,0.38
16524,22,0.2,0.14
16525,33,0.52,0.17
16526,29,0.79,0.17
16527,176,0.49,0.29
16528,122,0.7,0.25
16529,30,0.53,0.31
16530,108,0.76,0.22
16531,115,0.56,0.11
16532,51,0.72,0.2
16533,106,0.66,0.28
16534,162,0.23,0.12
16535,100,0.62,0.31
16536,134,0.44,0.26
16537,134,0.61,0.19
16538,131,0.69,0.18
16539,44,0.51,0.28
16540,103,0.63,0.13
16541,108,0.44,0.15
16542,24,0.31,0.34
16543,88,0.47,0.24
16544,105,0.51,0.32
16545,141,0.27,0.19
16546,197,0.68,0.15
16547,78,0.53,0.38
16548,198,0.59,0.26
16549,135,0.46,0.19
16550,198,0.53,0.12
16551,80,0.24,0.37
16552,72,0.64,0.34
16553,92,0.41,0.26
16554,127,0.65,0.22
16555,116,0.48,0.39
16556,142,0.34,0.12
16557,60,0.42,0.32
16558,93,0.55,0.22
16559,73,0.41,0.2
16560,157,0.71,0.24
16561,154,0.44,0.33
16562,64,0.61,0.13
16563,51,0.25,0.19
16564,75,0.71,0.39
16565,117,0.49,0.3
16566,53,0.43,0.19
16567,196,0.41,0.13
16568,34,0.67,0.21
16569,185,0.48,0.3
16570,88,0.75,0.14
16571,104,0.22,0.25
16572,20,0.5,0.31
16573,134,0.53,0.37
16574,58,0.42,0.34
16575,29,0.6,0.13
16576,193,0.56,0.37
16577,103,0.69,0.21
16578,139,0.67,0.38
16579,147,0.74,0.18
16580,97,0.38,0.14
16581,188,0.53,0.14
16582,137,0.58,0.28
16583,166,0.22,0.31
16584,53,0.72,0.29
16585,181,0.63,0.33
16586,31,0.47,0.37
16587,73,0.3,0.36
16588,102,0.56,0.33
16589,80,0.5,0.38
16590,118,0.35,0.13
16591,158,0.65,0.17
16592,27,0.32,0.26
16593,162,0.24,0.19
16594,150,0.52,0.35
16595,172,0.36,0.17
16596,190,0.67,0.29
16597,54,0.78,0.13
16598,102,0.5,0.34
16599,35,0.46,0.26
16600,166,0.69,0.33
16601,22,0.75,0.11
16602,51,0.27,0.21
16603,161,0.23,0.3
16604,21,0.53,0.25
16605,86,0.34,0.38
16606,27,0.2,0.2
16607,66,0.65,0.31
16608,163,0.5,0.17
16609,44,0.46,0.19
16610,198,0.7,0.36
16611,145,0.4,0.22
16612,133,0.42,0.32
16613,149,0.69,0.31
16614,96,0.63,0.25
16615,87,0.43,0.26
16616,199,0.77,0.22
16617,87,0.4,0.28
16618,61,0.61,0.39
16619,62,0.55,0.2
16620,150,0.53,0.35
16621,93,0.21,0.24
16622,99,0.65,0.17
16623,152,0.24,0.39
16624,185,0.78,0.21
16625,27,0.29,0.17
16626,70,0.68,0.19
16627,144,0.5,0.38
16628,167,0.65,0.31
16629,68,0.65,0.3
16630,154,0.33,0.25
16631,49,0.68,0.29
16632,112,0.46,0.15
16633,156,0.3,0.11
16634,75,0.35,0.21
16635,100,0.45,0.21
16636,158,0.79,0.39
16637,58,0.26,0.16
16638,103,0.54,0.24
16639,87,0.29,0.31
16640,159,0.52,0.12
16641,65,0.4,0.36
16642,152,0.5,0.29
16643,192,0.24,0.33
16644,122,0.26,0.13
16645,136,0.32,0.19
16646,43,0.42,0.28
16647,185,0.74,0.11
16648,87,0.58,0.18
16649,199,0.44,0.26
16650,104,0.35,0.38
16651,64,0.51,0.18
16652,168,0.36,0.32
16653,116,0.34,0.21
16654,167,0.5,0.14
16655,198,0.36,0.15
16656,72,0.35,0.16
16657,90,0.38,0.12
16658,56,0.64,0.36
16659,66,0.3,0.27
16660,107,0.78,0.35
16661,119,0.7,0.37
16662,74,0.74,0.16
16663,179,0.44,0.31
16664,29,0.62,0.35
16665,135,0.21,0.33
16666,175,0.64,0.34
16667,44,0.73,0.22
16668,143,0.41,0.26
16669,169,0.22,0.31
16670,149,0.52,0.15
16671,46,0.72,0.3
16672,174,0.63,0.2
16673,71,0.2,0.36
16674,183,0.78,0.24
16675,152,0.51,0.19
16676,60,0.48,0.34
16677,123,0.45,0.34
16678,110,0.61,0.16
16679,172,0.77,0.23
16680,24,0.31,0.36
16681,123,0.73,0.31
16682,49,0.56,0.15
16683,143,0.73,0.38
16684,182,0.72,0.35
16685,150,0.69,0.38
16686,140,0.66,0.36
16687,171,0.76,0.36
16688,41,0.77,0.38
16689,78,0.43,0.25
16690,131,0.3,0.38
16691,129,0.35,0.29
16692,24,0.75,0.28
16693,104,0.75,0.34
16694,142,0.75,0.31
16695,134,0.32,0.16
16696,146,0.76,0.28
16697,142,0.58,0.29
16698,183,0.58,0.28
16699,134,0.36,0.29
16700,27,0.68,0.32
16701,122,0.52,0.13
16702,122,0.41,0.29
16703,144,0.25,0.36
16704,148,0.35,0.12
16705,165,0.53,0.32
16706,56,0.74,0.31
16707,127,0.28,0.13
16708,37,0.42,0.15
16709,38,0.28,0.17
16710,185,0.29,0.15
16711,43,0.62,0.19
16712,83,0.44,0.4
16713,152,0.63,0.25
16714,49,0.38,0.15
16715,43,0.56,0.12
16716,181,0.7,0.21
16717,81,0.56,0.2
16718,109,0.43,0.35
16719,94,0.48,0.37
16720,151,0.41,0.13
16721,170,0.3,0.16
16722,114,0.38,0.16
16723,167,0.43,0.34
16724,27,0.74,0.12
16725,113,0.6,0.2
16726,63,0.32,0.31
16727,142,0.39,0.25
16728,116,0.65,0.3
16729,55,0.68,0.26
16730,160,0.74,0.21
16731,112,0.71,0.15
16732,198,0.28,0.17
16733,197,0.57,0.25
16734,154,0.62,0.25
16735,133,0.6,0.17
16736,52,0.39,0.27
16737,89,0.62,0.26
16738,76,0.33,0.18
16739,158,0.24,0.31
16740,129,0.44,0.39
16741,133,0.54,0.3
16742,196,0.3,0.25
16743,200,0.29,0.31
16744,107,0.21,0.21
16745,20,0.47,0.2
16746,28,0.51,0.18
16747,62,0.74,0.24
16748,180,0.2,0.22
16749,107,0.51,0.32
16750,117,0.58,0.37
16751,69,0.55,0.18
16752,154,0.26,0.34
16753,90,0.55,0.11
16754,119,0.6,0.29
16755,161,0.46,0.19
16756,162,0.5,0.14
16757,138,0.77,0.3
16758,155,0.61,0.32
16759,55,0.67,0.15
16760,22,0.32,0.17
16761,129,0.31,0.35
16762,150,0.44,0.36
16763,144,0.24,0.3
16764,45,0.78,0.14
16765,79,0.43,0.37
16766,144,0.69,0.35
16767,114,0.4,0.36
16768,54,0.27,0.23
16769,59,0.71,0.19
16770,169,0.68,0.26
16771,100,0.44,0.16
16772,69,0.71,0.19
16773,131,0.66,0.33
16774,86,0.57,0.28
16775,44,0.46,0.21
16776,177,0.24,0.33
16777,185,0.52,0.25
16778,135,0.45,0.12
16779,64,0.31,0.18
16780,107,0.5,0.34
16781,62,0.35,0.29
16782,57,0.47,0.25
16783,47,0.23,0.34
16784,140,0.31,0.16
16785,122,0.45,0.34
16786,96,0.26,0.2
16787,94,0.39,0.2
16788,29,0.45,0.3
16789,53,0.58,0.16
16790,156,0.34,0.15
16791,95,0.69,0.14
16792,65,0.49,0.13
16793,47,0.64,0.36
16794,55,0.32,0.37
16795,48,0.53,0.24
16796,151,0.23,0.27
16797,168,0.37,0.28
16798,60,0.32,0.28
16799,64,0.3,0.21
16800,79,0.49,0.16
16801,48,0.27,0.27
16802,59,0.33,0.34
16803,71,0.69,0.24
16804,96,0.35,0.27
16805,42,0.74,0.15
16806,91,0.47,0.12
16807,89,0.22,0.33
16808,171,0.47,0.14
16809,150,0.78,0.15
16810,140,0.76,0.29
16811,161,0.65,0.37
16812,75,0.58,0.34
16813,107,0.51,0.27
16814,63,0.28,0.38
16815,147,0.71,0.38
16816,194,0.26,0.11
16817,82,0.33,0.33
16818,93,0.25,0.39
16819,139,0.3,0.2
16820,134,0.79,0.22
16821,175,0.8,0.33
16822,176,0.78,0.3
16823,142,0.42,0.17
16824,189,0.72,0.22
16825,77,0.77,0.38
16826,66,0.74,0.25
16827,64,0.48,0.39
16828,186,0.29,0.27
16829,84,0.76,0.26
16830,146,0.66,0.14
16831,81,0.78,0.1
16832,29,0.77,0.12
16833,111,0.45,0.11
16834,114,0.3,0.14
16835,72,0.37,0.39
16836,82,0.72,0.26
16837,161,0.67,0.38
16838,93,0.65,0.1
16839,24,0.56,0.27
16840,161,0.54,0.24
16841,46,0.29,0.15
16842,26,0.56,0.14
16843,103,0.26,0.26
16844,199,0.28,0.26
16845,147,0.57,0.23
16846,119,0.29,0.11
16847,83,0.74,0.14
16848,74,0.59,0.2
16849,195,0.21,0.35
16850,158,0.44,0.31
16851,40,0.37,0.16
16852,57,0.47,0.39
16853,147,0.68,0.28
16854,180,0.69,0.21
16855,42,0.29,0.38
16856,57,0.63,0.16
16857,85,0.23,0.21
16858,198,0.48,0.15
16859,63,0.35,0.25
16860,159,0.51,0.2
16861,124,0.79,0.22
16862,134,0.21,0.2
16863,164,0.31,0.24
16864,191,0.7,0.28
16865,136,0.74,0.32
16866,192,0.68,0.34
16867,131,0.43,0.31
16868,52,0.63,0.3
16869,111,0.61,0.25
16870,166,0.68,0.38
16871,181,0.64,0.13
16872,140,0.25,0.19
16873,184,0.71,0.12
16874,193,0.74,0.13
16875,44,0.42,0.25
16876,139,0.5,0.34
16877,151,0.41,0.19
16878,52,0.27,0.24
16879,148,0.56,0.25
16880,168,0.46,0.18
16881,45,0.45,0.38
16882,107,0.36,0.14
16883,93,0.62,0.11
16884,198,0.22,0.25
16885,99,0.21,0.15
16886,70,0.55,0.38
16887,185,0.33,0.4
16888,193,0.58,0.28
16889,143,0.27,0.2
16890,60,0.51,0.23
16891,51,0.4,0.19
16892,31,0.36,0.16
16893,63,0.43,0.17
16894,144,0.6,0.17
16895,152,0.24,0.38
16896,163,0.51,0.19
16897,162,0.38,0.36
16898,168,0.23,0.26
16899,178,0.52,0.32
16900,151,0.37,0.27
16901,98,0.79,0.17
16902,36,0.36,0.16
16903,46,0.46,0.28
16904,147,0.61,0.11
16905,86,0.37,0.29
16906,67,0.66,0.1
16907,50,0.68,0.27
16908,151,0.44,0.2
16909,75,0.67,0.13
16910,44,0.69,0.28
16911,86,0.74,0.3
16912,149,0.67,0.28
16913,88,0.7,0.15
16914,152,0.23,0.21
16915,97,0.39,0.24
16916,25,0.28,0.21
16917,163,0.57,0.29
16918,200,0.36,0.29
16919,181,0.41,0.28
16920,195,0.61,0.11
16921,192,0.72,0.2
16922,52,0.22,0.35
16923,71,0.48,0.27
16924,135,0.65,0.21
16925,148,0.41,0.11
16926,68,0.34,0.36
16927,162,0.55,0.11
16928,184,0.56,0.17
16929,101,0.41,0.23
16930,140,0.21,0.24
16931,28,0.8,0.27
16932,107,0.49,0.34
16933,66,0.47,0.26
16934,92,0.52,0.32
16935,63,0.62,0.32
16936,193,0.24,0.37
16937,141,0.62,0.13
16938,47,0.54,0.13
16939,80,0.8,0.25
16940,33,0.61,0.36
16941,28,0.66,0.3
16942,140,0.33,0.27
16943,188,0.77,0.32
16944,126,0.59,0.35
16945,74,0.58,0.32
16946,185,0.59,0.11
16947,192,0.2,0.1
16948,120,0.8,0.36
16949,57,0.25,0.38
16950,117,0.49,0.38
16951,86,0.77,0.37
16952,88,0.39,0.12
16953,39,0.64,0.27
16954,137,0.28,0.3
16955,41,0.59,0.19
16956,40,0.29,0.39
16957,132,0.26,0.12
16958,197,0.38,0.27
16959,188,0.52,0.35
16960,80,0.77,0.28
16961,150,0.39,0.24
16962,23,0.53,0.28
16963,30,0.27,0.36
16964,110,0.58,0.14
16965,174,0.42,0.23
16966,126,0.5,0.12
16967,143,0.33,0.2
16968,102,0.61,0.29
16969,72,0.28,0.19
16970,39,0.46,0.33
16971,187,0.6,0.22
16972,162,0.34,0.1
16973,63,0.51,0.34
16974,83,0.74,0.37
16975,130,0.58,0.4
16976,46,0.54,0.24
16977,127,0.27,0.26
16978,110,0.27,0.36
16979,103,0.66,0.16
16980,154,0.32,0.19
16981,102,0.52,0.38
16982,199,0.37,0.27
16983,111,0.73,0.26
16984,176,0.73,0.23
16985,82,0.31,0.11
16986,166,0.76,0.28
16987,101,0.27,0.16
16988,178,0.22,0.36
16989,144,0.73,0.14
16990,94,0.22,0.14
16991,182,0.22,0.24
16992,131,0.29,0.26
16993,139,0.6,0.37
16994,195,0.29,0.33
16995,76,0.63,0.19
16996,20,0.48,0.33
16997,67,0.77,0.26
16998,93,0.59,0.21
16999,53,0.26,0.28
17000,200,0.8,0.37
17001,63,0.33,0.36
17002,96,0.56,0.17
17003,34,0.3,0.26
17004,106,0.42,0.27
17005,96,0.56,0.14
17006,74,0.46,0.32
17007,150,0.54,0.3
17008,52,0.77,0.1
17009,132,0.78,0.18
17010,70,0.23,0.36
17011,131,0.57,0.36
17012,176,0.61,0.24
17013,76,0.39,0.21
17014,145,0.7,0.15
17015,85,0.53,0.18
17016,84,0.69,0.39
17017,188,0.27,0.12
17018,115,0.25,0.27
17019,49,0.43,0.32
17020,155,0.73,0.3
17021,107,0.38,0.12
17022,140,0.33,0.17
17023,73,0.4,0.25
17024,185,0.53,0.26
17025,141,0.51,0.2
17026,199,0.4,0.11
17027,105,0.26,0.21
17028,151,0.76,0.15
17029,138,0.66,0.26
17030,98,0.29,0.36
17031,44,0.46,0.39
17032,105,0.61,0.2
17033,122,0.55,0.24
17034,60,0.32,0.31
17035,193,0.3,0.21
17036,168,0.55,0.4
17037,77,0.22,0.35
17038,34,0.59,0.21
17039,150,0.79,0.14
17040,196,0.47,0.38
17041,107,0.58,0.31
17042,54,0.24,0.23
17043,156,0.27,0.25
17044,53,0.74,0.32
17045,69,0.29,0.23
17046,159,0.41,0.23
17047,141,0.31,0.14
17048,118,0.4,0.2
17049,61,0.41,0.2
17050,71,0.77,0.16
17051,82,0.3,0.31
17052,196,0.58,0.36
17053,25,0.48,0.25
17054,137,0.69,0.25
17055,81,0.6,0.35
17056,98,0.25,0.36
17057,148,0.36,0.23
17058,182,0.69,0.16
17059,176,0.41,0.36
17060,148,0.45,0.18
17061,38,0.3,0.36
17062,126,0.27,0.12
17063,48,0.78,0.11
17064,178,0.38,0.17
17065,158,0.29,0.17
17066,39,0.31,0.31
17067,180,0.61,0.36
17068,171,0.43,0.14
17069,60,0.34,0.16
17070,196,0.73,0.15
17071,123,0.75,0.27
17072,95,0.57,0.21
17073,81,0.25,0.12
17074,91,0.72,0.39
17075,35,0.43,0.24
17076,33,0.47,0.35
17077,99,0.26,0.11
17078,170,0.28,0.29
17079,155,0.27,0.36
17080,86,0.51,0.3
17081,174,0.66,0.39
17082,118,0.21,0.16
17083,111,0.26,0.1
17084,59,0.61,0.37
17085,153,0.21,0.15
17086,75,0.43,0.3
17087,177,0.49,0.4
17088,134,0.48,0.16
17089,191,0.43,0.4
17090,72,0.68,0.29
17091,119,0.32,0.19
17092,80,0.47,0.19
17093,174,0.73,0.23
17094,68,0.25,0.24
17095,38,0.43,0.32
17096,167,0.71,0.27
17097,190,0.39,0.1
17098,112,0.29,0.26
17099,115,0.62,0.35
17100,68,0.51,0.17
17101,39,0.32,0.33
17102,127,0.26,0.24
17103,187,0.75,0.38
17104,158,0.45,0.15
17105,33,0.34,0.3
17106,37,0.28,0.31
17107,104,0.77,0.29
17108,80,0.64,0.33
17109,133,0.39,0.14
17110,101,0.71,0.33
17111,49,0.54,0.39
17112,105,0.56,0.35
17113,174,0.7,0.19
17114,117,0.62,0.25
17115,140,0.5,0.34
17116,122,0.28,0.29
17117,54,0.59,0.12
17118,71,0.43,0.27
17119,59,0.3,0.18
17120,134,0.29,0.4
17121,102,0.41,0.13
17122,85,0.5,0.23
17123,177,0.7,0.11
17124,100,0.37,0.39
17125,57,0.53,0.31
17126,77,0.29,0.2
17127,175,0.28,0.28
17128,173,0.41,0.11
17129,174,0.36,0.37
17130,96,0.36,0.23
17131,25,0.76,0.14
17132,176,0.35,0.23
17133,122,0.62,0.25
17134,147,0.41,0.39
17135,165,0.26,0.36
17136,28,0.33,0.29
17137,157,0.31,0.29
17138,36,0.31,0.27
17139,186,0.35,0.21
17140,74,0.77,0.14
17141,51,0.41,0.36
17142,73,0.61,0.13
17143,185,0.73,0.15
17144,176,0.38,0.27
17145,181,0.68,0.21
17146,176,0.52,0.28
17147,88,0.26,0.1
17148,94,0.31,0.32
17149,128,0.34,0.33
17150,78,0.53,0.25
17151,53,0.37,0.37
17152,99,0.63,0.26
17153,117,0.56,0.28
17154,129,0.3,0.13
17155,152,0.52,0.34
17156,156,0.6,0.15
17157,147,0.36,0.31
17158,83,0.72,0.11
17159,104,0.45,0.33
17160,158,0.77,0.11
17161,110,0.79,0.32
17162,121,0.52,0.17
17163,74,0.33,0.2
17164,144,0.55,0.26
17165,109,0.7,0.28
17166,176,0.79,0.14
17167,146,0.71,0.29
17168,90,0.58,0.32
17169,199,0.66,0.38
17170,130,0.74,0.2
17171,35,0.8,0.32
17172,150,0.59,0.3
17173,166,0.63,0.32
17174,31,0.28,0.31
17175,139,0.22,0.3
17176,89,0.74,0.28
17177,116,0.78,0.38
17178,197,0.66,0.23
17179,190,0.72,0.12
17180,79,0.66,0.27
17181,76,0.39,0.14
17182,70,0.27,0.35
17183,84,0.31,0.32
17184,175,0.43,0.2
17185,69,0.5,0.16
17186,46,0.59,0.37
17187,48,0.77,0.39
17188,144,0.77,0.2
17189,189,0.2,0.33
17190,95,0.58,0.37
17191,165,0.76,0.24
17192,40,0.22,0.26
17193,89,0.73,0.32
17194,54,0.43,0.11
17195,73,0.74,0.19
17196,140,0.48,0.21
17197,151,0.43,0.36
17198,200,0.79,0.39
17199,73,0.58,0.31
17200,150,0.25,0.3
17201,181,0.32,0.18
17202,83,0.77,0.38
17203,91,0.44,0.13
17204,41,0.46,0.31
17205,85,0.27,0.17
17206,163,0.35,0.13
17207,190,0.47,0.12
17208,30,0.76,0.21
17209,101,0.62,0.19
17210,33,0.55,0.18
17211,122,0.62,0.29
17212,143,0.62,0.12
17213,70,0.5,0.29
17214,157,0.39,0.21
17215,93,0.24,0.39
17216,37,0.44,0.4
17217,90,0.47,0.1
17218,181,0.52,0.23
17219,99,0.35,0.27
17220,161,0.65,0.32
17221,85,0.33,0.34
17222,152,0.29,0.24
17223,54,0.7,0.2
17224,111,0.52,0.25
17225,183,0.39,0.29
17226,99,0.78,0.23
17227,131,0.21,0.13
17228,60,0.26,0.16
17229,114,0.56,0.37
17230,42,0.73,0.31
17231,22,0.24,0.12
17232,122,0.47,0.17
17233,156,0.34,0.28
17234,45,0.25,0.3
17235,74,0.59,0.23
17236,82,0.39,0.24
17237,79,0.44,0.2
17238,139,0.27,0.28
17239,139,0.28,0.21
17240,93,0.31,0.18
17241,21,0.41,0.14
17242,177,0.25,0.37
17243,115,0.54,0.32
17244,59,0.2,0.19
17245,49,0.54,0.34
17246,34,0.74,0.29
17247,20,0.66,0.25
17248,150,0.69,0.23
17249,145,0.44,0.23
17250,113,0.53,0.32
17251,136,0.44,0.24
17252,20,0.66,0.28
17253,49,0.31,0.17
17254,152,0.7,0.11
17255,110,0.21,0.12
17256,160,0.76,0.23
17257,53,0.48,0.36
17258,189,0.35,0.37
17259,83,0.53,0.16
17260,30,0.68,0.27
17261,46,0.44,0.12
17262,183,0.29,0.13
17263,96,0.72,0.4
17264,68,0.68,0.15
17265,70,0.41,0.35
17266,31,0.45,0.22
17267,34,0.37,0.36
17268,59,0.43,0.25
17269,125,0.3,0.24
17270,117,0.37,0.28
17271,114,0.28,0.29
17272,23,0.39,0.13
17273,52,0.58,0.23
17274,108,0.72,0.19
17275,93,0.56,0.27
17276,169,0.48,0.36
17277,160,0.47,0.18
17278,188,0.36,0.29
17279,160,0.48,0.11
17280,34,0.49,0.37
17281,135,0.22,0.29
17282,31,0.38,0.36
17283,149,0.71,0.22
17284,120,0.46,0.33
17285,177,0.44,0.12
17286,113,0.52,0.26
17287,118,0.41,0.22
17288,133,0.34,0.29
17289,38,0.76,0.38
17290,78,0.25,0.35
17291,66,0.23,0.18
17292,142,0.32,0.29
17293,29,0.42,0.24
17294,30,0.73,0.14
17295,157,0.53,0.29
17296,198,0.73,0.2
17297,176,0.64,0.2
17298,59,0.25,0.27
17299,82,0.55,0.29
17300,40,0.51,0.25
17301,85,0.23,0.29
17302,187,0.77,0.37
17303,97,0.47,0.28
17304,194,0.33,0.35
17305,129,0.78,0.27
17306,59,0.6,0.19
17307,77,0.29,0.2
17308,74,0.23,0.34
17309,194,0.53,0.29
17310,58,0.55,0.14
17311,69,0.43,0.13
17312,95,0.51,0.37
17313,62,0.47,0.13
17314,120,0.48,0.15
17315,175,0.34,0.1
17316,76,0.28,0.33
17317,182,0.53,0.15
17318,167,0.36,0.3
17319,80,0.34,0.17
17320,73,0.43,0.22
17321,95,0.38,0.29
17322,46,0.49,0.37
17323,49,0.38,0.1
17324,109,0.66,0.38
17325,101,0.58,0.21
17326,140,0.78,0.38
17327,79,0.65,0.38
17328,121,0.74,0.27
17329,28,0.64,0.24
17330,110,0.3,0.26
17331,91,0.24,0.24
17332,31,0.27,0.13
17333,125,0.25,0.18
17334,61,0.21,0.26
17335,110,0.6,0.32
17336,42,0.8,0.34
17337,63,0.39,0.38
17338,108,0.71,0.3
17339,190,0.51,0.29
17340,26,0.39,0.24
17341,159,0.27,0.13
17342,189,0.47,0.19
17343,69,0.68,0.31
17344,95,0.58,0.2
17345,166,0.27,0.18
17346,90,0.5,0.39
17347,140,0.36,0.19
17348,88,0.5,0.15
17349,199,0.69,0.31
17350,121,0.71,0.26
17351,65,0.25,0.12
17352,70,0.35,0.16
17353,129,0.76,0.23
17354,135,0.39,0.17
17355,123,0.49,0.26
17356,29,0.44,0.24
17357,74,0.64,0.3
17358,150,0.33,0.38
17359,110,0.63,0.14
17360,153,0.5,0.14
17361,81,0.42,0.32
17362,102,0.36,0.11
17363,77,0.59,0.15
17364,126,0.39,0.22
17365,98,0.43,0.31
17366,113,0.33,0.11
17367,171,0.76,0.39
17368,57,0.59,0.28
17369,102,0.3,0.23
17370,131,0.66,0.23
17371,74,0.23,0.33
17372,156,0.43,0.36
17373,165,0.74,0.33
17374,29,0.61,0.35
17375,139,0.27,0.23
17376,130,0.45,0.19
17377,177,0.28,0.32
17378,73,0.71,0.22
17379,141,0.72,0.14
17380,102,0.54,0.34
17381,189,0.22,0.33
17382,127,0.8,0.35
17383,102,0.57,0.12
17384,140,0.65,0.24
17385,128,0.42,0.24
17386,153,0.58,0.12
17387,66,0.7,0.33
17388,39,0.33,0.32
17389,164,0.53,0.27
17390,191,0.6,0.23
17391,161,0.49,0.19
17392,56,0.64,0.28
17393,179,0.36,0.32
17394,81,0.41,0.33
17395,145,0.66,0.36
17396,36,0.73,0.2
17397,30,0.21,0.27
17398,169,0.42,0.34
17399,35,0.54,0.19
17400,66,0.27,0.25
17401,49,0.71,0.11
17402,100,0.47,0.3
17403,167,0.3,0.29
17404,48,0.77,0.23
17405,108,0.79,0.18
17406,191,0.46,0.21
17407,153,0.76,0.24
17408,48,0.69,0.38
17409,70,0.44,0.38
17410,95,0.56,0.13
17411,141,0.53,0.14
17412,93,0.39,0.17
17413,44,0.34,0.29
17414,170,0.47,0.23
17415,30,0.57,0.21
17416,67,0.65,0.2
17417,42,0.45,0.37
17418,36,0.62,0.22
17419,144,0.22,0.27
17420,106,0.36,0.37
17421,129,0.54,0.15
17422,64,0.49,0.22
17423,153,0.66,0.21
17424,197,0.33,0.19
17425,40,0.65,0.38
17426,67,0.37,0.11
17427,123,0.74,0.22
17428,182,0.8,0.2
17429,95,0.49,0.27
17430,145,0.32,0.37
17431,141,0.66,0.35
17432,156,0.31,0.14
17433,41,0.45,0.25
17434,114,0.63,0.28
17435,196,0.47,0.16
17436,38,0.62,0.23
17437,72,0.36,0.17
17438,128,0.22,0.13
17439,200,0.54,0.34
17440,81,0.2,0.13
17441,53,0.65,0.11
17442,51,0.35,0.13
17443,121,0.29,0.17
17444,71,0.28,0.28
17445,129,0.56,0.2
17446,90,0.23,0.11
17447,110,0.57,0.2
17448,164,0.45,0.33
17449,43,0.67,0.14
17450,21,0.58,0.35
17451,37,0.45,0.4
17452,182,0.8,0.2
17453,137,0.79,0.37
17454,105,0.49,0.29
17455,65,0.62,0.18
17456,181,0.25,0.33
17457,128,0.44,0.14
17458,39,0.23,0.12
17459,170,0.61,0.35
17460,47,0.42,0.25
17461,29,0.36,0.35
17462,42,0.38,0.14
17463,30,0.36,0.34
17464,131,0.38,0.29
17465,51,0.52,0.13
17466,107,0.58,0.31
17467,129,0.47,0.35
17468,32,0.39,0.16
17469,178,0.76,0.25
17470,193,0.77,0.11
17471,84,0.3,0.11
17472,112,0.6,0.13
17473,179,0.64,0.14
17474,157,0.26,0.3
17475,117,0.65,0.15
17476,197,0.52,0.2
17477,119,0.31,0.34
17478,115,0.23,0.18
17479,168,0.74,0.25
17480,115,0.41,0.29
17481,29,0.64,0.27
17482,148,0.25,0.26
17483,197,0.28,0.25
17484,28,0.39,0.28
17485,152,0.42,0.13
17486,38,0.73,0.15
17487,123,0.39,0.38
17488,31,0.28,0.4
17489,145,0.38,0.16
17490,40,0.68,0.35
17491,197,0.58,0.35
17492,144,0.46,0.35
17493,56,0.21,0.23
17494,82,0.77,0.29
17495,145,0.29,0.2
17496,139,0.61,0.17
17497,94,0.62,0.29
17498,174,0.23,0.11
17499,100,0.58,0.39
17500,106,0.4,0.28
17501,94,0.33,0.33
17502,182,0.44,0.4
17503,190,0.31,0.34
17504,124,0.8,0.11
17505,146,0.46,0.3
17506,127,0.4,0.2
17507,85,0.56,0.23
17508,185,0.71,0.16
17509,104,0.54,0.34
17510,176,0.3,0.1
17511,120,0.54,0.2
17512,63,0.35,0.17
17513,77,0.41,0.3
17514,36,0.37,0.3
17515,115,0.27,0.27
17516,66,0.51,0.14
17517,75,0.63,0.11
17518,189,0.29,0.37
17519,88,0.78,0.35
17520,46,0.21,0.13
17521,56,0.59,0.24
17522,142,0.69,0.13
17523,77,0.53,0.31
17524,49,0.52,0.26
17525,47,0.66,0.31
17526,112,0.22,0.25
17527,63,0.4,0.35
17528,93,0.23,0.37
17529,111,0.33,0.36
17530,167,0.65,0.23
17531,52,0.34,0.26
17532,198,0.42,0.34
17533,23,0.49,0.26
17534,114,0.65,0.4
17535,24,0.53,0.37
17536,64,0.3,0.15
17537,47,0.58,0.13
17538,167,0.35,0.15
17539,93,0.33,0.38
17540,140,0.3,0.34
17541,77,0.73,0.28
17542,124,0.43,0.34
17543,66,0.58,0.34
17544,43,0.48,0.32
17545,185,0.31,0.28
17546,131,0.63,0.21
17547,74,0.55,0.29
17548,192,0.75,0.14
17549,170,0.36,0.25
17550,93,0.74,0.22
17551,88,0.34,0.13
17552,153,0.8,0.39
17553,186,0.42,0.26
17554,86,0.47,0.14
17555,25,0.78,0.2
17556,179,0.29,0.16
17557,190,0.36,0.26
17558,120,0.29,0.17
17559,190,0.65,0.21
17560,173,0.62,0.26
17561,197,0.51,0.31
17562,99,0.22,0.35
17563,82,0.66,0.36
17564,95,0.53,0.24
17565,187,0.21,0.28
17566,188,0.53,0.1
17567,105,0.54,0.32
17568,191,0.54,0.13
17569,44,0.25,0.23
17570,161,0.2,0.29
17571,98,0.54,0.13
17572,100,0.35,0.21
17573,200,0.72,0.13
17574,199,0.78,0.24
17575,181,0.29,0.27
17576,53,0.6,0.37
17577,43,0.49,0.36
17578,61,0.45,0.12
17579,180,0.36,0.22
17580,87,0.51,0.28
17581,128,0.34,0.16
17582,165,0.39,0.15
17583,89,0.57,0.24
17584,26,0.34,0.25
17585,40,0.38,0.21
17586,167,0.3,0.21
17587,108,0.37,0.1
17588,98,0.53,0.32
17589,125,0.55,0.28
17590,192,0.55,0.13
17591,190,0.27,0.21
17592,187,0.41,0.19
17593,120,0.37,0.39
17594,128,0.64,0.38
17595,144,0.52,0.36
17596,141,0.27,0.23
17597,102,0.62,0.17
17598,199,0.43,0.36
17599,116,0.69,0.34
17600,65,0.41,0.25
17601,160,0.8,0.36
17602,27,0.69,0.35
17603,153,0.45,0.22
17604,149,0.72,0.34
17605,170,0.55,0.16
17606,161,0.26,0.23
17607,68,0.49,0.35
17608,81,0.36,0.36
17609,170,0.43,0.23
17610,167,0.44,0.31
17611,132,0.24,0.13
17612,123,0.51,0.17
17613,137,0.33,0.21
17614,177,0.75,0.14
17615,128,0.66,0.19
17616,123,0.27,0.36
17617,164,0.74,0.29
17618,133,0.65,0.32
17619,22,0.24,0.18
17620,160,0.78,0.18
17621,88,0.34,0.29
17622,29,0.7,0.24
17623,59,0.28,0.11
17624,58,0.62,0.14
17625,100,0.73,0.31
17626,185,0.71,0.29
17627,142,0.67,0.22
17628,63,0.6,0.38
17629,158,0.36,0.2
17630,192,0.52,0.21
17631,34,0.68,0.26
17632,185,0.74,0.2
17633,26,0.24,0.1
17634,124,0.49,0.36
17635,45,0.41,0.38
17636,29,0.79,0.16
17637,170,0.48,0.28
17638,183,0.47,0.3
17639,147,0.77,0.21
17640,92,0.76,0.22
17641,192,0.26,0.3
17642,155,0.63,0.11
17643,82,0.35,0.38
17644,62,0.79,0.36
17645,67,0.41,0.21
17646,170,0.65,0.2
17647,154,0.6,0.15
17648,32,0.55,0.23
17649,122,0.63,0.17
17650,37,0.65,0.1
17651,108,0.76,0.36
17652,186,0.26,0.27
17653,123,0.51,0.34
17654,108,0.23,0.38
17655,78,0.6,0.31
17656,100,0.61,0.19
17657,94,0.31,0.21
17658,31,0.48,0.19
17659,74,0.54,0.16
17660,116,0.4,0.34
17661,73,0.24,0.32
17662,78,0.54,0.38
17663,33,0.7,0.37
17664,20,0.28,0.27
17665,24,0.5,0.2
17666,138,0.78,0.39
17667,45,0.25,0.28
17668,146,0.28,0.3
17669,156,0.8,0.24
17670,76,0.28,0.29
17671,169,0.61,0.22
17672,107,0.38,0.3
17673,111,0.58,0.13
17674,52,0.75,0.19
17675,95,0.65,0.11
17676,108,0.34,0.22
17677,28,0.54,0.3
17678,45,0.75,0.31
17679,99,0.72,0.26
17680,158,0.24,0.33
17681,125,0.65,0.18
17682,47,0.56,0.38
17683,58,0.56,0.3
17684,143,0.35,0.28
17685,36,0.71,0.37
17686,197,0.59,0.15
17687,65,0.42,0.25
17688,103,0.29,0.37
17689,22,0.6,0.33
17690,158,0.76,0.16
17691,50,0.8,0.16
17692,170,0.5,0.3
17693,103,0.75,0.31
17694,95,0.53,0.4
17695,41,0.63,0.29
17696,158,0.58,0.34
17697,98,0.76,0.24
17698,197,0.63,0.31
17699,108,0.78,0.11
17700,140,0.33,0.36
17701,92,0.33,0.15
17702,188,0.31,0.12
17703,99,0.51,0.16
17704,47,0.44,0.19
17705,77,0.49,0.28
17706,62,0.59,0.25
17707,177,0.48,0.13
17708,100,0.28,0.28
17709,166,0.4,0.28
17710,41,0.62,0.38
17711,38,0.48,0.17
17712,63,0.33,0.29
17713,199,0.28,0.36
17714,64,0.76,0.15
17715,143,0.43,0.2
17716,55,0.52,0.12
17717,127,0.4,0.12
17718,38,0.64,0.35
17719,142,0.39,0.33
17720,189,0.41,0.16
17721,137,0.66,0.36
17722,131,0.63,0.26
17723,72,0.55,0.14
17724,69,0.24,0.28
17725,111,0.73,0.2
17726,158,0.7,0.22
17727,102,0.71,0.28
17728,39,0.25,0.36
17729,58,0.73,0.34
17730,68,0.75,0.37
17731,98,0.22,0.3
17732,44,0.29,0.27
17733,42,0.52,0.25
17734,137,0.66,0.26
17735,128,0.67,0.34
17736,129,0.45,0.28
17737,91,0.63,0.25
17738,130,0.69,0.3
17739,157,0.54,0.25
17740,111,0.48,0.14
17741,119,0.67,0.33
17742,45,0.49,0.16
17743,25,0.32,0.16
17744,70,0.26,0.39
17745,163,0.31,0.39
17746,28,0.59,0.24
17747,56,0.21,0.26
17748,135,0.74,0.31
17749,79,0.53,0.32
17750,67,0.63,0.13
17751,188,0.79,0.31
17752,50,0.78,0.39
17753,110,0.79,0.14
17754,61,0.55,0.11
17755,22,0.51,0.15
17756,196,0.64,0.11
17757,43,0.3,0.39
17758,102,0.48,0.15
17759,45,0.52,0.18
17760,196,0.3,0.19
17761,65,0.28,0.38
17762,104,0.73,0.2
17763,83,0.59,0.17
17764,146,0.67,0.29
17765,37,0.21,0.23
17766,54,0.22,0.12
17767,54,0.28,0.16
17768,137,0.63,0.3
17769,115,0.57,0.38
17770,136,0.34,0.3
17771,196,0.25,0.25
17772,111,0.7,0.28
17773,112,0.76,0.32
17774,115,0.3,0.23
17775,23,0.44,0.19
17776,102,0.68,0.13
17777,122,0.63,0.19
17778,27,0.69,0.1
17779,159,0.5,0.39
17780,161,0.23,0.31
17781,127,0.56,0.11
17782,48,0.78,0.31
17783,24,0.46,0.29
17784,70,0.45,0.31
17785,180,0.72,0.28
17786,102,0.77,0.3
17787,199,0.29,0.37
17788,116,0.46,0.23
17789,70,0.78,0.21
17790,51,0.53,0.32
17791,149,0.57,0.24
17792,52,0.61,0.23
17793,98,0.45,0.18
17794,198,0.36,0.31
17795,49,0.57,0.23
17796,93,0.38,0.13
17797,73,0.73,0.4
17798,173,0.39,0.22
17799,168,0.75,0.21
17800,52,0.63,0.13
17801,54,0.31,0.24
17802,67,0.26,0.15
17803,70,0.43,0.16
17804,117,0.65,0.38
17805,65,0.37,0.12
17806,118,0.22,0.11
17807,150,0.63,0.32
17808,61,0.27,0.35
17809,177,0.69,0.19
17810,36,0.27,0.31
17811,109,0.67,0.33
17812,55,0.4,0.29
17813,150,0.78,0.28
17814,131,0.22,0.38
17815,32,0.78,0.12
17816,78,0.3,0.29
17817,107,0.44,0.31
17818,72,0.24,0.24
17819,45,0.46,0.39
17820,159,0.68,0.33
17821,149,0.22,0.28
17822,163,0.25,0.37
17823,97,0.53,0.32
17824,111,0.67,0.19
17825,75,0.35,0.36
17826,150,0.78,0.38
17827,199,0.47,0.2
17828,96,0.32,0.39
17829,162,0.56,0.28
17830,30,0.32,0.31
17831,114,0.59,0.23
17832,22,0.69,0.31
17833,35,0.73,0.29
17834,127,0.21,0.12
17835,138,0.43,0.37
17836,71,0.56,0.21
17837,135,0.72,0.39
17838,104,0.32,0.32
17839,182,0.45,0.31
17840,31,0.49,0.37
17841,199,0.65,0.31
17842,77,0.67,0.36
17843,149,0.36,0.32
17844,190,0.36,0.2
17845,135,0.75,0.14
17846,108,0.22,0.18
17847,183,0.55,0.34
17848,108,0.54,0.18
17849,186,0.21,0.36
17850,47,0.77,0.39
17851,87,0.28,0.15
17852,27,0.34,0.36
17853,87,0.45,0.22
17854,191,0.5,0.29
17855,133,0.5,0.12
17856,85,0.64,0.12
17857,139,0.23,0.22
17858,92,0.54,0.11
17859,149,0.68,0.32
17860,66,0.57,0.31
17861,110,0.43,0.37
17862,185,0.47,0.14
17863,40,0.27,0.37
17864,129,0.34,0.2
17865,108,0.44,0.17
17866,122,0.32,0.31
17867,149,0.21,0.23
17868,115,0.54,0.14
17869,126,0.78,0.12
17870,99,0.71,0.24
17871,82,0.52,0.37
17872,196,0.25,0.29
17873,145,0.51,0.27
17874,188,0.66,0.24
17875,59,0.51,0.34
17876,32,0.55,0.26
17877,139,0.67,0.1
17878,95,0.47,0.16
17879,45,0.47,0.23
17880,29,0.2,0.31
17881,21,0.41,0.11
17882,77,0.33,0.36
17883,73,0.22,0.28
17884,20,0.73,0.18
17885,121,0.31,0.15
17886,155,0.73,0.26
17887,78,0.73,0.17
17888,104,0.67,0.27
17889,160,0.35,0.26
17890,200,0.51,0.25
17891,63,0.52,0.3
17892,114,0.49,0.35
17893,28,0.51,0.33
17894,159,0.33,0.14
17895,73,0.26,0.38
17896,132,0.67,0.23
17897,71,0.59,0.17
17898,138,0.8,0.26
17899,108,0.27,0.23
17900,33,0.41,0.27
17901,115,0.28,0.15
17902,22,0.5,0.28
17903,62,0.68,0.33
17904,87,0.46,0.26
17905,52,0.29,0.15
17906,86,0.25,0.16
17907,95,0.31,0.27
17908,28,0.22,0.34
17909,110,0.62,0.2
17910,60,0.47,0.19
17911,157,0.34,0.17
17912,136,0.27,0.28
17913,158,0.45,0.25
17914,96,0.41,0.11
17915,133,0.21,0.25
17916,39,0.58,0.32
17917,102,0.67,0.25
17918,72,0.71,0.22
17919,45,0.78,0.18
17920,32,0.64,0.38
17921,132,0.54,0.29
17922,61,0.74,0.27
17923,52,0.47,0.14
17924,152,0.45,0.37
17925,87,0.22,0.2
17926,59,0.66,0.13
17927,74,0.27,0.3
17928,191,0.79,0.2
17929,83,0.45,0.12
17930,57,0.43,0.14
17931,138,0.71,0.35
17932,69,0.77,0.37
17933,168,0.57,0.14
17934,26,0.35,0.14
17935,20,0.75,0.38
17936,50,0.38,0.29
17937,31,0.73,0.25
17938,66,0.37,0.14
17939,39,0.75,0.11
17940,148,0.46,0.28
17941,100,0.69,0.3
17942,68,0.65,0.24
17943,197,0.37,0.13
17944,97,0.25,0.17
17945,195,0.73,0.15
17946,183,0.63,0.38
17947,142,0.29,0.15
17948,123,0.27,0.35
17949,121,0.36,0.3
17950,78,0.63,0.12
17951,61,0.69,0.26
17952,40,0.61,0.32
17953,103,0.27,0.25
17954,46,0.27,0.34
17955,161,0.39,0.27
17956,35,0.5,0.25
17957,61,0.53,0.3
17958,184,0.61,0.3
17959,145,0.33,0.4
17960,38,0.22,0.24
17961,85,0.77,0.3
17962,128,0.32,0.13
17963,159,0.34,0.19
17964,92,0.56,0.16
17965,156,0.79,0.34
17966,97,0.47,0.13
17967,68,0.48,0.17
17968,135,0.47,0.3
17969,175,0.64,0.24
17970,65,0.33,0.19
17971,74,0.6,0.37
17972,199,0.53,0.15
17973,69,0.51,0.2
17974,136,0.4,0.29
17975,55,0.32,0.26
17976,148,0.79,0.15
17977,41,0.29,0.23
17978,56,0.26,0.35
17979,75,0.68,0.4
17980,136,0.61,0.37
17981,55,0.47,0.3
17982,156,0.35,0.35
17983,121,0.42,0.14
17984,100,0.71,0.14
17985,26,0.78,0.2
17986,81,0.39,0.3
17987,186,0.73,0.32
17988,195,0.38,0.34
17989,154,0.68,0.18
17990,103,0.61,0.35
17991,194,0.25,0.12
17992,89,0.64,0.24
17993,116,0.68,0.17
17994,56,0.47,0.33
17995,94,0.21,0.22
17996,174,0.78,0.17
17997,126,0.63,0.22
17998,193,0.45,0.24
17999,153,0.59,0.15
18000,159,0.67,0.1
18001,149,0.47,0.31
18002,153,0.68,0.16
18003,159,0.36,0.27
18004,40,0.56,0.2
18005,160,0.33,0.3
18006,71,0.5,0.11
18007,125,0.61,0.27
18008,102,0.3,0.28
18009,72,0.76,0.36
18010,159,0.41,0.37
18011,58,0.64,0.11
18012,134,0.53,0.2
18013,137,0.29,0.13
18014,68,0.27,0.29
18015,194,0.63,0.36
18016,48,0.36,0.14
18017,25,0.57,0.2
18018,84,0.75,0.13
18019,67,0.23,0.28
18020,141,0.22,0.29
18021,62,0.67,0.15
18022,22,0.75,0.26
18023,144,0.72,0.14
18024,110,0.61,0.23
18025,152,0.59,0.14
18026,139,0.25,0.22
18027,170,0.58,0.28
18028,52,0.71,0.38
18029,165,0.65,0.3
18030,132,0.54,0.38
18031,172,0.51,0.39
18032,62,0.39,0.34
18033,176,0.32,0.32
18034,141,0.77,0.22
18035,149,0.26,0.18
18036,170,0.27,0.19
18037,136,0.58,0.4
18038,41,0.54,0.21
18039,138,0.39,0.18
18040,57,0.69,0.22
18041,84,0.54,0.33
18042,93,0.5,0.13
18043,69,0.21,0.17
18044,85,0.33,0.39
18045,153,0.59,0.16
18046,189,0.68,0.35
18047,74,0.69,0.33
18048,163,0.39,0.39
18049,94,0.33,0.3
18050,90,0.43,0.14
18051,62,0.67,0.29
18052,160,0.32,0.36
18053,31,0.46,0.15
18054,69,0.29,0.26
18055,39,0.38,0.12
18056,57,0.32,0.1
18057,29,0.27,0.12
18058,85,0.69,0.32
18059,48,0.52,0.36
18060,91,0.47,0.12
18061,138,0.38,0.35
18062,41,0.58,0.37
18063,81,0.48,0.24
18064,48,0.37,0.17
18065,151,0.67,0.12
18066,53,0.43,0.18
18067,117,0.36,0.15
18068,109,0.5,0.38
18069,121,0.31,0.33
18070,20,0.39,0.27
18071,118,0.79,0.27
18072,50,0.38,0.22
18073,161,0.31,0.13
18074,50,0.26,0.18
18075,127,0.57,0.31
18076,66,0.21,0.25
18077,177,0.64,0.26
18078,185,0.54,0.23
18079,92,0.55,0.32
18080,65,0.71,0.36
18081,176,0.67,0.17
18082,77,0.23,0.35
18083,67,0.22,0.27
18084,132,0.43,0.4
18085,98,0.36,0.34
18086,135,0.33,0.25
18087,77,0.49,0.12
18088,117,0.75,0.37
18089,188,0.27,0.14
18090,66,0.8,0.1
18091,143,0.78,0.2
18092,46,0.27,0.17
18093,22,0.57,0.38
18094,172,0.21,0.19
18095,106,0.46,0.12
18096,181,0.76,0.36
18097,199,0.71,0.38
18098,139,0.71,0.36
18099,129,0.78,0.27
18100,71,0.25,0.24
18101,69,0.35,0.33
18102,82,0.43,0.11
18103,149,0.27,0.38
18104,160,0.37,0.37
18105,63,0.57,0.19
18106,138,0.74,0.31
18107,80,0.4,0.11
18108,51,0.51,0.36
18109,174,0.24,0.15
18110,155,0.32,0.23
18111,38,0.51,0.18
18112,51,0.6,0.18
18113,175,0.54,0.16
18114,121,0.3,0.33
18115,176,0.53,0.39
18116,124,0.78,0.37
18117,156,0.7,0.27
18118,135,0.73,0.11
18119,196,0.61,0.21
18120,193,0.39,0.15
18121,58,0.28,0.16
18122,30,0.4,0.25
18123,190,0.72,0.14
18124,161,0.4,0.33
18125,130,0.62,0.16
18126,115,0.59,0.26
18127,84,0.48,0.4
18128,130,0.26,0.13
18129,160,0.63,0.33
18130,168,0.58,0.14
18131,60,0.74,0.26
18132,100,0.68,0.18
18133,191,0.64,0.36
18134,101,0.52,0.37
18135,87,0.71,0.18
18136,165,0.48,0.21
18137,86,0.65,0.38
18138,48,0.2,0.37
18139,115,0.62,0.24
18140,91,0.76,0.32
18141,120,0.42,0.22
18142,188,0.77,0.22
18143,25,0.3,0.34
18144,79,0.58,0.15
18145,26,0.28,0.27
18146,118,0.5,0.38
18147,43,0.65,0.11
18148,78,0.78,0.38
18149,87,0.27,0.11
18150,95,0.79,0.34
18151,162,0.62,0.31
18152,63,0.34,0.35
18153,55,0.45,0.25
18154,149,0.25,0.12
18155,194,0.67,0.34
18156,135,0.26,0.28
18157,31,0.56,0.28
18158,49,0.39,0.15
18159,58,0.69,0.14
18160,24,0.72,0.21
18161,98,0.2,0.16
18162,64,0.34,0.25
18163,102,0.76,0.13
18164,188,0.21,0.21
18165,196,0.58,0.35
18166,147,0.7,0.19
18167,67,0.37,0.29
18168,123,0.42,0.3
18169,68,0.25,0.27
18170,89,0.27,0.25
18171,96,0.6,0.33
18172,93,0.49,0.37
18173,56,0.75,0.28
18174,194,0.23,0.37
18175,23,0.48,0.29
18176,186,0.52,0.21
18177,75,0.71,0.36
18178,31,0.44,0.22
18179,144,0.34,0.27
18180,162,0.8,0.11
18181,139,0.3,0.17
18182,52,0.54,0.16
18183,153,0.32,0.28
18184,123,0.46,0.36
18185,128,0.53,0.36
18186,165,0.73,0.35
18187,61,0.22,0.17
18188,113,0.26,0.2
18189,51,0.73,0.38
18190,71,0.77,0.28
18191,108,0.67,0.39
18192,86,0.75,0.19
18193,53,0.34,0.18
18194,150,0.35,0.26
18195,173,0.75,0.19
18196,156,0.32,0.38
18197,174,0.7,0.24
18198,199,0.8,0.21
18199,179,0.44,0.28
18200,87,0.57,0.19
18201,25,0.27,0.23
18202,98,0.4,0.23
18203,178,0.25,0.16
18204,144,0.43,0.13
18205,143,0.34,0.27
18206,126,0.79,0.13
18207,128,0.35,0.24
18208,159,0.76,0.38
18209,189,0.49,0.3
18210,189,0.52,0.3
18211,25,0.5,0.11
18212,80,0.42,0.13
18213,177,0.59,0.13
18214,72,0.28,0.14
18215,73,0.74,0.33
18216,169,0.36,0.36
18217,128,0.39,0.25
18218,132,0.28,0.31
18219,37,0.3,0.2
18220,127,0.34,0.32
18221,102,0.69,0.19
18222,34,0.47,0.27
18223,133,0.63,0.11
18224,137,0.65,0.2
18225,174,0.79,0.11
18226,53,0.52,0.22
18227,164,0.31,0.12
18228,159,0.45,0.17
18229,73,0.36,0.21
18230,178,0.73,0.38
18231,125,0.24,0.14
18232,51,0.52,0.22
18233,153,0.44,0.34
18234,153,0.44,0.38
18235,57,0.21,0.4
18236,121,0.42,0.34
18237,145,0.43,0.28
18238,87,0.6,0.37
18239,60,0.75,0.35
18240,195,0.52,0.24
18241,178,0.72,0.29
18242,70,0.46,0.31
18243,35,0.56,0.11
18244,139,0.61,0.22
18245,139,0.58,0.22
18246,47,0.51,0.31
18247,55,0.5,0.11
18248,87,0.8,0.27
18249,72,0.73,0.36
18250,87,0.55,0.24
18251,155,0.22,0.37
18252,180,0.25,0.27
18253,94,0.69,0.35
18254,146,0.64,0.25
18255,193,0.46,0.17
18256,157,0.58,0.16
18257,20,0.73,0.27
18258,69,0.49,0.28
18259,174,0.58,0.13
18260,164,0.72,0.34
18261,71,0.68,0.26
18262,169,0.67,0.12
18263,123,0.75,0.39
18264,92,0.27,0.11
18265,120,0.78,0.15
18266,76,0.48,0.21
18267,144,0.48,0.21
18268,57,0.77,0.14
18269,84,0.72,0.21
18270,80,0.21,0.19
18271,59,0.71,0.16
18272,185,0.23,0.13
18273,157,0.4,0.39
18274,106,0.42,0.2
18275,136,0.75,0.14
18276,171,0.26,0.31
18277,114,0.41,0.37
18278,158,0.4,0.25
18279,79,0.2,0.11
18280,189,0.32,0.23
18281,169,0.74,0.29
18282,151,0.54,0.36
18283,34,0.31,0.29
18284,114,0.71,0.35
18285,50,0.75,0.12
18286,188,0.75,0.22
18287,148,0.71,0.29
18288,163,0.31,0.26
18289,49,0.29,0.34
18290,150,0.52,0.38
18291,26,0.73,0.3
18292,168,0.71,0.14
18293,196,0.67,0.15
18294,55,0.66,0.26
18295,148,0.77,0.33
18296,87,0.52,0.31
18297,178,0.41,0.23
18298,121,0.32,0.36
18299,147,0.64,0.33
18300,67,0.3,0.35
18301,145,0.26,0.16
18302,129,0.45,0.32
18303,171,0.63,0.36
18304,166,0.49,0.35
18305,40,0.79,0.22
18306,51,0.3,0.31
18307,33,0.5,0.34
18308,196,0.48,0.32
18309,169,0.44,0.19
18310,101,0.7,0.39
18311,29,0.35,0.23
18312,179,0.34,0.22
18313,81,0.53,0.12
18314,89,0.28,0.13
18315,78,0.56,0.26
18316,134,0.48,0.26
18317,160,0.75,0.24
18318,114,0.25,0.23
18319,111,0.23,0.31
18320,91,0.76,0.33
18321,24,0.49,0.35
18322,85,0.73,0.26
18323,143,0.5,0.39
18324,118,0.41,0.3
18325,54,0.71,0.24
18326,199,0.23,0.23
18327,89,0.66,0.37
18328,195,0.29,0.39
18329,148,0.7,0.37
18330,104,0.75,0.18
18331,64,0.79,0.22
18332,116,0.28,0.39
18333,102,0.35,0.14
18334,113,0.4,0.34
18335,88,0.59,0.2
18336,115,0.78,0.32
18337,116,0.5,0.18
18338,152,0.33,0.29
18339,145,0.75,0.34
18340,97,0.49,0.15
18341,23,0.27,0.14
18342,93,0.34,0.29
18343,46,0.49,0.21
18344,135,0.61,0.11
18345,67,0.75,0.19
18346,179,0.67,0.16
18347,87,0.71,0.3
18348,76,0.41,0.37
18349,139,0.76,0.23
18350,22,0.4,0.32
18351,63,0.4,0.3
18352,63,0.32,0.21
18353,49,0.39,0.26
18354,100,0.65,0.22
18355,34,0.24,0.31
18356,55,0.64,0.11
18357,120,0.58,0.22
18358,148,0.51,0.12
18359,199,0.26,0.3
18360,132,0.59,0.21
18361,103,0.79,0.16
18362,185,0.71,0.23
18363,37,0.7,0.15
18364,188,0.39,0.25
18365,85,0.39,0.33
18366,179,0.72,0.22
18367,189,0.74,0.18
18368,149,0.22,0.21
18369,125,0.27,0.2
18370,181,0.22,0.34
18371,34,0.29,0.13
18372,55,0.8,0.26
18373,37,0.64,0.29
18374,168,0.31,0.39
18375,134,0.23,0.38
18376,148,0.67,0.39
18377,96,0.66,0.26
18378,99,0.31,0.37
18379,98,0.29,0.39
18380,98,0.53,0.31
18381,27,0.33,0.13
18382,86,0.34,0.17
18383,198,0.66,0.24
18384,73,0.51,0.24
18385,199,0.6,0.3
18386,152,0.53,0.31
18387,47,0.32,0.1
18388,66,0.43,0.36
18389,90,0.74,0.39
18390,35,0.72,0.24
18391,76,0.71,0.37
18392,31,0.7,0.28
18393,86,0.74,0.39
18394,131,0.27,0.32
18395,79,0.72,0.15
18396,65,0.56,0.37
18397,97,0.31,0.23
18398,44,0.52,0.19
18399,166,0.65,0.25
18400,87,0.77,0.36
18401,100,0.2,0.32
18402,153,0.64,0.33
18403,39,0.21,0.26
18404,46,0.33,0.35
18405,175,0.51,0.12
18406,150,0.6,0.17
18407,109,0.74,0.16
18408,37,0.43,0.19
18409,108,0.79,0.22
18410,198,0.3,0.18
18411,31,0.61,0.38
18412,90,0.32,0.23
18413,162,0.32,0.32
18414,182,0.76,0.16
18415,25,0.35,0.22
18416,152,0.67,0.29
18417,137,0.41,0.13
18418,110,0.75,0.34
18419,107,0.27,0.17
18420,106,0.59,0.3
18421,91,0.67,0.18
18422,132,0.45,0.22
18423,158,0.41,0.13
18424,113,0.47,0.23
18425,148,0.43,0.13
18426,49,0.25,0.18
18427,116,0.79,0.36
18428,186,0.44,0.26
18429,111,0.25,0.27
18430,187,0.57,0.11
18431,91,0.28,0.37
18432,21,0.67,0.33
18433,94,0.61,0.32
18434,42,0.27,0.2
18435,129,0.4,0.24
18436,194,0.47,0.13
18437,174,0.69,0.15
18438,182,0.47,0.11
18439,166,0.71,0.4
18440,24,0.71,0.14
18441,56,0.7,0.36
18442,121,0.53,0.27
18443,38,0.72,0.15
18444,63,0.68,0.36
18445,48,0.75,0.35
18446,195,0.36,0.29
18447,24,0.52,0.22
18448,127,0.35,0.37
18449,51,0.56,0.25
18450,38,0.57,0.36
18451,185,0.43,0.37
18452,108,0.56,0.12
18453,121,0.72,0.24
18454,32,0.23,0.34
18455,86,0.57,0.39
18456,164,0.64,0.14
18457,198,0.31,0.24
18458,193,0.63,0.19
18459,120,0.4,0.37
18460,36,0.54,0.28
18461,37,0.21,0.37
18462,184,0.34,0.23
18463,149,0.46,0.28
18464,44,0.38,0.35
18465,157,0.79,0.34
18466,145,0.49,0.23
18467,28,0.51,0.36
18468,38,0.61,0.27
18469,26,0.69,0.3
18470,159,0.67,0.31
18471,172,0.32,0.24
18472,190,0.59,0.31
18473,170,0.78,0.24
18474,77,0.25,0.32
18475,166,0.4,0.12
18476,49,0.24,0.37
18477,154,0.36,0.17
18478,76,0.27,0.24
18479,35,0.3,0.13
18480,99,0.64,0.32
18481,133,0.53,0.15
18482,195,0.48,0.12
18483,158,0.53,0.17
18484,132,0.64,0.14
18485,140,0.52,0.3
18486,31,0.22,0.3
18487,132,0.65,0.36
18488,105,0.67,0.25
18489,34,0.54,0.29
18490,61,0.52,0.18
18491,152,0.63,0.12
18492,86,0.23,0.31
18493,196,0.6,0.13
18494,154,0.68,0.32
18495,152,0.41,0.29
18496,140,0.74,0.22
18497,109,0.51,0.16
18498,197,0.53,0.21
18499,138,0.33,0.14
18500,184,0.51,0.37
18501,111,0.44,0.1
18502,121,0.8,0.22
18503,31,0.3,0.3
18504,115,0.63,0.39
18505,179,0.72,0.14
18506,99,0.56,0.26
18507,144,0.57,0.25
18508,179,0.52,0.33
18509,75,0.39,0.21
18510,154,0.59,0.21
18511,69,0.63,0.21
18512,168,0.52,0.28
18513,100,0.59,0.35
18514,194,0.68,0.1
18515,45,0.42,0.26
18516,65,0.59,0.39
18517,49,0.22,0.26
18518,72,0.55,0.27
18519,165,0.22,0.38
18520,86,0.27,0.22
18521,58,0.46,0.24
18522,114,0.62,0.21
18523,165,0.77,0.12
18524,137,0.72,0.19
18525,84,0.78,0.13
18526,88,0.68,0.15
18527,59,0.44,0.23
18528,25,0.67,0.19
18529,30,0.47,0.38
18530,74,0.39,0.18
18531,83,0.68,0.25
18532,102,0.46,0.34
18533,110,0.29,0.19
18534,134,0.28,0.22
18535,191,0.34,0.24
18536,38,0.54,0.33
18537,55,0.62,0.34
18538,98,0.58,0.28
18539,189,0.58,0.23
18540,86,0.52,0.34
18541,51,0.67,0.13
18542,162,0.43,0.35
18543,114,0.29,0.13
18544,119,0.33,0.21
18545,68,0.48,0.18
18546,76,0.58,0.38
18547,52,0.79,0.19
18548,120,0.44,0.18
18549,57,0.76,0.33
18550,107,0.61,0.17
18551,32,0.37,0.21
18552,104,0.66,0.37
18553,185,0.63,0.1
18554,24,0.58,0.38
18555,46,0.29,0.25
18556,89,0.47,0.29
18557,36,0.49,0.3
18558,166,0.62,0.14
18559,151,0.63,0.25
18560,63,0.45,0.3
18561,101,0.76,0.13
18562,134,0.67,0.4
18563,103,0.79,0.32
18564,140,0.76,0.35
18565,74,0.2,0.32
18566,132,0.7,0.15
18567,23,0.72,0.32
18568,45,0.28,0.16
18569,99,0.6,0.37
18570,83,0.47,0.32
18571,40,0.57,0.14
18572,188,0.58,0.22
18573,93,0.54,0.33
18574,62,0.36,0.2
18575,150,0.78,0.12
18576,69,0.33,0.3
18577,180,0.32,0.19
18578,133,0.55,0.32
18579,122,0.22,0.25
18580,42,0.72,0.38
18581,83,0.72,0.28
18582,69,0.21,0.27
18583,114,0.64,0.24
18584,183,0.48,0.34
18585,77,0.45,0.38
18586,67,0.79,0.31
18587,39,0.28,0.26
18588,76,0.49,0.16
18589,133,0.61,0.27
18590,104,0.38,0.28
18591,190,0.49,0.12
18592,104,0.29,0.36
18593,22,0.56,0.2
18594,144,0.37,0.24
18595,96,0.28,0.13
18596,158,0.25,0.27
18597,167,0.57,0.36
18598,76,0.48,0.16
18599,89,0.53,0.12
18600,91,0.8,0.17
18601,116,0.72,0.25
18602,145,0.62,0.37
18603,26,0.38,0.4
18604,174,0.32,0.37
18605,107,0.61,0.28
18606,132,0.7,0.22
18607,33,0.55,0.33
18608,124,0.64,0.39
18609,178,0.24,0.27
18610,150,0.32,0.13
18611,116,0.4,0.19
18612,87,0.5,0.3
18613,145,0.73,0.35
18614,187,0.26,0.29
18615,112,0.41,0.39
18616,150,0.34,0.19
18617,87,0.27,0.38
18618,68,0.58,0.18
18619,196,0.31,0.12
18620,46,0.5,0.16
18621,162,0.39,0.21
18622,78,0.54,0.38
18623,76,0.5,0.15
18624,116,0.63,0.23
18625,135,0.42,0.25
18626,174,0.68,0.31
18627,58,0.78,0.17
18628,179,0.44,0.17
18629,147,0.53,0.16
18630,150,0.3,0.15
18631,199,0.22,0.28
18632,99,0.3,0.28
18633,194,0.53,0.11
18634,72,0.22,0.38
18635,87,0.42,0.22
18636,79,0.26,0.3
18637,120,0.31,0.16
18638,135,0.68,0.38
18639,193,0.33,0.28
18640,121,0.35,0.32
18641,127,0.62,0.16
18642,170,0.54,0.38
18643,173,0.31,0.25
18644,113,0.71,0.31
18645,158,0.73,0.4
18646,170,0.38,0.33
18647,55,0.66,0.24
18648,83,0.74,0.1
18649,79,0.77,0.38
18650,45,0.77,0.32
18651,116,0.52,0.17
18652,181,0.76,0.21
18653,112,0.28,0.4
18654,194,0.23,0.27
18655,26,0.78,0.28
18656,112,0.45,0.14
18657,93,0.44,0.35
18658,139,0.32,0.18
18659,157,0.31,0.14
18660,171,0.54,0.36
18661,86,0.62,0.25
18662,180,0.23,0.28
18663,123,0.27,0.12
18664,63,0.26,0.23
18665,182,0.61,0.36
18666,35,0.34,0.12
18667,31,0.57,0.38
18668,151,0.58,0.26
18669,125,0.22,0.11
18670,170,0.72,0.39
18671,123,0.73,0.26
18672,49,0.74,0.36
18673,51,0.35,0.1
18674,72,0.76,0.17
18675,21,0.34,0.11
18676,167,0.3,0.3
18677,152,0.36,0.2
18678,26,0.4,0.35
18679,156,0.34,0.34
18680,179,0.66,0.12
18681,43,0.74,0.24
18682,155,0.39,0.12
18683,57,0.77,0.3
18684,181,0.76,0.38
18685,71,0.63,0.35
18686,100,0.39,0.36
18687,31,0.6,0.4
18688,154,0.44,0.35
18689,64,0.39,0.27
18690,168,0.77,0.24
18691,190,0.58,0.3
18692,115,0.76,0.19
18693,28,0.29,0.33
18694,39,0.29,0.36
18695,129,0.56,0.3
18696,200,0.39,0.12
18697,89,0.35,0.2
18698,58,0.71,0.26
18699,196,0.55,0.14
18700,42,0.42,0.16
18701,50,0.59,0.37
18702,184,0.5,0.23
18703,110,0.58,0.36
18704,35,0.41,0.13
18705,30,0.49,0.11
18706,143,0.25,0.36
18707,71,0.56,0.39
18708,24,0.53,0.14
18709,35,0.35,0.32
18710,56,0.36,0.37
18711,137,0.38,0.35
18712,105,0.71,0.2
18713,83,0.43,0.16
18714,58,0.63,0.23
18715,23,0.32,0.13
18716,56,0.62,0.38
18717,185,0.39,0.16
18718,142,0.47,0.13
18719,98,0.38,0.24
18720,86,0.42,0.35
18721,72,0.57,0.35
18722,70,0.57,0.39
18723,152,0.32,0.23
18724,195,0.57,0.34
18725,180,0.31,0.15
18726,154,0.75,0.23
18727,95,0.71,0.24
18728,43,0.6,0.11
18729,23,0.45,0.2
18730,67,0.5,0.12
18731,118,0.53,0.14
18732,73,0.44,0.29
18733,134,0.41,0.4
18734,52,0.37,0.28
18735,142,0.44,0.24
18736,126,0.63,0.22
18737,173,0.8,0.37
18738,68,0.69,0.39
18739,109,0.68,0.26
18740,131,0.8,0.36
18741,45,0.61,0.12
18742,147,0.51,0.27
18743,34,0.53,0.25
18744,192,0.23,0.12
18745,40,0.23,0.24
18746,177,0.32,0.26
18747,182,0.44,0.12
18748,72,0.35,0.39
18749,113,0.76,0.36
18750,56,0.39,0.23
18751,109,0.59,0.15
18752,29,0.73,0.17
18753,108,0.23,0.31
18754,175,0.71,0.19
18755,117,0.39,0.35
18756,93,0.72,0.35
18757,114,0.43,0.36
18758,117,0.54,0.12
18759,58,0.59,0.25
18760,124,0.57,0.1
18761,87,0.46,0.34
18762,90,0.43,0.1
18763,136,0.73,0.16
18764,100,0.52,0.11
18765,100,0.54,0.19
18766,85,0.46,0.29
18767,36,0.41,0.22
18768,35,0.67,0.11
18769,31,0.22,0.11
18770,105,0.45,0.27
18771,188,0.36,0.33
18772,93,0.36,0.28
18773,99,0.35,0.33
18774,200,0.63,0.13
18775,81,0.45,0.28
18776,178,0.26,0.2
18777,184,0.77,0.11
18778,191,0.63,0.39
18779,87,0.38,0.33
18780,132,0.53,0.31
18781,171,0.24,0.22
18782,66,0.38,0.17
18783,180,0.53,0.21
18784,44,0.23,0.18
18785,110,0.73,0.12
18786,172,0.76,0.11
18787,38,0.52,0.11
18788,36,0.39,0.34
18789,128,0.21,0.27
18790,118,0.69,0.33
18791,151,0.58,0.13
18792,182,0.68,0.21
18793,119,0.52,0.17
18794,21,0.43,0.17
18795,138,0.45,0.35
18796,128,0.42,0.14
18797,90,0.26,0.27
18798,36,0.67,0.39
18799,35,0.75,0.17
18800,114,0.53,0.34
18801,90,0.6,0.18
18802,179,0.33,0.19
18803,143,0.8,0.31
18804,167,0.66,0.25
18805,164,0.55,0.24
18806,192,0.72,0.19
18807,115,0.4,0.29
18808,145,0.37,0.37
18809,79,0.25,0.33
18810,132,0.54,0.38
18811,91,0.43,0.3
18812,91,0.7,0.38
18813,47,0.26,0.32
18814,68,0.36,0.17
18815,23,0.22,0.37
18816,133,0.67,0.29
18817,145,0.75,0.12
18818,85,0.21,0.39
18819,99,0.62,0.29
18820,146,0.76,0.37
18821,101,0.22,0.33
18822,28,0.65,0.17
18823,190,0.61,0.36
18824,193,0.57,0.25
18825,64,0.47,0.15
18826,27,0.32,0.39
18827,32,0.43,0.26
18828,106,0.58,0.19
18829,130,0.38,0.32
18830,53,0.28,0.23
18831,161,0.23,0.19
18832,20,0.27,0.11
18833,120,0.4,0.32
18834,166,0.77,0.27
18835,87,0.68,0.38
18836,109,0.25,0.15
18837,114,0.74,0.1
18838,184,0.5,0.25
18839,181,0.38,0.3
18840,81,0.42,0.12
18841,75,0.58,0.21
18842,44,0.36,0.3
18843,128,0.78,0.34
18844,128,0.49,0.18
18845,118,0.46,0.26
18846,197,0.56,0.26
18847,126,0.38,0.25
18848,82,0.64,0.31
18849,41,0.76,0.2
18850,67,0.57,0.31
18851,33,0.5,0.35
18852,107,0.59,0.34
18853,133,0.63,0.26
18854,109,0.42,0.29
18855,105,0.4,0.19
18856,100,0.45,0.19
18857,115,0.39,0.34
18858,34,0.25,0.26
18859,98,0.78,0.15
18860,38,0.75,0.22
18861,33,0.48,0.14
18862,131,0.44,0.18
18863,105,0.38,0.21
18864,151,0.24,0.15
18865,56,0.27,0.34
18866,168,0.73,0.14
18867,186,0.5,0.35
18868,75,0.75,0.28
18869,80,0.59,0.26
18870,163,0.39,0.32
18871,92,0.77,0.12
18872,82,0.69,0.26
18873,155,0.47,0.27
18874,91,0.73,0.12
18875,85,0.35,0.2
18876,26,0.72,0.17
18877,149,0.63,0.21
18878,103,0.46,0.25
18879,88,0.51,0.11
18880,96,0.35,0.31
18881,141,0.33,0.35
18882,137,0.48,0.3
18883,28,0.61,0.37
18884,67,0.64,0.4
18885,30,0.79,0.33
18886,118,0.68,0.19
18887,105,0.21,0.39
18888,152,0.79,0.31
18889,192,0.51,0.34
18890,75,0.36,0.28
18891,171,0.62,0.38
18892,100,0.71,0.37
18893,159,0.32,0.35
18894,98,0.36,0.19
18895,42,0.49,0.12
18896,134,0.42,0.12
18897,180,0.74,0.32
18898,67,0.28,0.23
18899,33,0.36,0.33
18900,59,0.48,0.32
18901,67,0.79,0.26
18902,39,0.59,0.32
18903,37,0.7,0.39
18904,177,0.5,0.21
18905,131,0.37,0.13
18906,148,0.69,0.23
18907,149,0.58,0.2
18908,152,0.76,0.23
18909,84,0.54,0.4
18910,137,0.49,0.34
18911,113,0.31,0.3
18912,132,0.45,0.21
18913,125,0.49,0.22
18914,62,0.42,0.22
18915,35,0.79,0.27
18916,72,0.55,0.21
18917,91,0.71,0.32
18918,83,0.62,0.25
18919,192,0.59,0.39
18920,79,0.72,0.17
18921,117,0.47,0.14
18922,110,0.33,0.14
18923,55,0.28,0.29
18924,88,0.71,0.15
18925,89,0.69,0.15
18926,62,0.58,0.21
18927,175,0.62,0.38
18928,176,0.59,0.12
18929,54,0.72,0.19
18930,121,0.37,0.11
18931,118,0.76,0.25
18932,99,0.71,0.16
18933,85,0.41,0.29
18934,132,0.34,0.3
18935,93,0.4,0.38
18936,131,0.27,0.11
18937,77,0.69,0.22
18938,39,0.27,0.22
18939,166,0.35,0.22
18940,101,0.74,0.11
18941,26,0.24,0.24
18942,55,0.67,0.15
18943,60,0.21,0.2
18944,115,0.65,0.3
18945,156,0.56,0.33
18946,34,0.53,0.23
18947,113,0.51,0.24
18948,153,0.21,0.23
18949,200,0.49,0.34
18950,199,0.72,0.16
18951,169,0.23,0.3
18952,72,0.38,0.18
18953,38,0.59,0.38
18954,133,0.72,0.14
18955,68,0.3,0.21
18956,80,0.56,0.16
18957,39,0.44,0.31
18958,42,0.29,0.2
18959,127,0.77,0.27
18960,57,0.46,0.28
18961,41,0.36,0.29
18962,161,0.37,0.38
18963,135,0.37,0.24
18964,193,0.49,0.3
18965,109,0.72,0.21
18966,64,0.31,0.31
18967,83,0.21,0.18
18968,56,0.37,0.13
18969,100,0.39,0.39
18970,31,0.39,0.34
18971,119,0.52,0.35
18972,50,0.64,0.16
18973,182,0.25,0.32
18974,43,0.3,0.21
18975,114,0.6,0.37
18976,127,0.47,0.13
18977,41,0.49,0.39
18978,175,0.3,0.37
18979,176,0.67,0.37
18980,69,0.53,0.23
18981,173,0.55,0.38
18982,51,0.35,0.33
18983,191,0.7,0.27
18984,180,0.23,0.28
18985,163,0.76,0.14
18986,89,0.48,0.31
18987,162,0.42,0.19
18988,51,0.68,0.11
18989,89,0.23,0.32
18990,78,0.75,0.33
18991,118,0.55,0.2
18992,32,0.64,0.25
18993,31,0.21,0.12
18994,79,0.75,0.22
18995,155,0.38,0.38
18996,52,0.21,0.1
18997,156,0.6,0.11
18998,74,0.64,0.3
18999,54,0.69,0.37
19000,176,0.47,0.28
19001,155,0.23,0.38
19002,197,0.75,0.25
19003,81,0.39,0.28
19004,38,0.29,0.27
19005,34,0.41,0.14
19006,85,0.74,0.18
19007,57,0.44,0.21
19008,68,0.37,0.32
19009,191,0.54,0.18
19010,20,0.46,0.14
19011,191,0.79,0.38
19012,47,0.6,0.26
19013,91,0.66,0.2
19014,190,0.34,0.37
19015,100,0.46,0.13
19016,113,0.71,0.12
19017,77,0.46,0.11
19018,53,0.75,0.11
19019,37,0.53,0.4
19020,33,0.64,0.34
19021,72,0.65,0.13
19022,162,0.5,0.32
19023,160,0.39,0.33
19024,182,0.57,0.21
19025,25,0.42,0.12
19026,86,0.65,0.34
19027,199,0.49,0.17
19028,28,0.65,0.23
19029,189,0.63,0.3
19030,35,0.53,0.18
19031,73,0.72,0.3
19032,21,0.24,0.17
19033,173,0.33,0.21
19034,108,0.71,0.11
19035,114,0.26,0.35
19036,140,0.7,0.2
19037,165,0.36,0.19
19038,158,0.28,0.32
19039,113,0.23,0.15
19040,157,0.79,0.36
19041,176,0.36,0.23
19042,27,0.33,0.37
19043,189,0.46,0.17
19044,45,0.72,0.26
19045,170,0.33,0.15
19046,25,0.32,0.39
19047,126,0.72,0.24
19048,140,0.75,0.25
19049,114,0.29,0.2
19050,89,0.49,0.11
19051,102,0.54,0.18
19052,68,0.76,0.11
19053,198,0.26,0.15
19054,103,0.46,0.32
19055,59,0.26,0.36
19056,189,0.38,0.13
19057,110,0.25,0.13
19058,95,0.45,0.23
19059,79,0.8,0.2
19060,167,0.24,0.22
19061,194,0.3,0.14
19062,167,0.25,0.12
19063,186,0.26,0.14
19064,87,0.67,0.31
19065,54,0.33,0.38
19066,50,0.46,0.37
19067,47,0.39,0.11
19068,109,0.6,0.37
19069,93,0.77,0.19
19070,29,0.45,0.31
19071,86,0.61,0.37
19072,154,0.78,0.14
19073,25,0.64,0.4
19074,146,0.38,0.32
19075,37,0.36,0.27
19076,51,0.68,0.18
19077,151,0.71,0.24
19078,195,0.32,0.35
19079,108,0.49,0.15
19080,85,0.43,0.18
19081,116,0.47,0.11
19082,39,0.51,0.32
19083,27,0.29,0.19
19084,33,0.25,0.13
19085,139,0.63,0.12
19086,85,0.68,0.24
19087,175,0.46,0.18
19088,39,0.78,0.31
19089,156,0.69,0.17
19090,25,0.77,0.26
19091,115,0.39,0.19
19092,49,0.54,0.23
19093,152,0.63,0.22
19094,117,0.64,0.21
19095,200,0.42,0.25
19096,35,0.42,0.15
19097,100,0.74,0.26
19098,85,0.42,0.38
19099,64,0.48,0.28
19100,160,0.54,0.26
19101,191,0.73,0.27
19102,113,0.75,0.31
19103,94,0.72,0.27
19104,153,0.29,0.26
19105,110,0.57,0.2
19106,79,0.73,0.16
19107,38,0.49,0.15
19108,86,0.54,0.33
19109,106,0.65,0.27
19110,42,0.56,0.29
19111,141,0.25,0.36
19112,173,0.25,0.22
19113,72,0.53,0.24
19114,137,0.21,0.31
19115,163,0.31,0.3
19116,163,0.7,0.25
19117,24,0.73,0.1
19118,30,0.51,0.38
19119,176,0.74,0.16
19120,168,0.37,0.34
19121,198,0.35,0.15
19122,187,0.37,0.31
19123,186,0.39,0.19
19124,165,0.27,0.11
19125,61,0.46,0.38
19126,26,0.35,0.33
19127,150,0.25,0.12
19128,191,0.76,0.13
19129,46,0.54,0.1
19130,25,0.21,0.36
19131,186,0.6,0.19
19132,77,0.47,0.16
19133,191,0.37,0.11
19134,81,0.44,0.15
19135,117,0.59,0.35
19136,176,0.25,0.11
19137,57,0.5,0.35
19138,174,0.7,0.31
19139,135,0.34,0.2
19140,43,0.73,0.35
19141,90,0.58,0.33
19142,75,0.55,0.13
19143,131,0.33,0.19
19144,161,0.75,0.15
19145,185,0.63,0.37
19146,63,0.52,0.31
19147,191,0.54,0.23
19148,108,0.63,0.11
19149,84,0.68,0.36
19150,117,0.38,0.26
19151,178,0.58,0.3
19152,51,0.65,0.32
19153,82,0.56,0.4
19154,87,0.25,0.27
19155,52,0.38,0.33
19156,190,0.69,0.35
19157,190,0.34,0.17
19158,105,0.61,0.11
19159,144,0.63,0.18
19160,189,0.58,0.18
19161,113,0.31,0.28
19162,154,0.56,0.37
19163,102,0.65,0.15
19164,53,0.34,0.13
19165,78,0.33,0.21
19166,57,0.65,0.4
19167,169,0.22,0.17
19168,40,0.54,0.24
19169,93,0.22,0.33
19170,107,0.57,0.16
19171,52,0.54,0.18
19172,130,0.7,0.18
19173,39,0.49,0.11
19174,191,0.22,0.37
19175,52,0.61,0.13
19176,70,0.75,0.14
19177,109,0.65,0.4
19178,147,0.53,0.1
19179,63,0.57,0.18
19180,173,0.57,0.16
19181,114,0.29,0.3
19182,164,0.68,0.15
19183,56,0.39,0.14
19184,172,0.33,0.22
19185,60,0.78,0.12
19186,115,0.33,0.13
19187,66,0.72,0.26
19188,190,0.31,0.39
19189,127,0.63,0.34
19190,159,0.73,0.29
19191,186,0.58,0.27
19192,144,0.62,0.14
19193,136,0.67,0.37
19194,181,0.57,0.21
19195,107,0.57,0.17
19196,165,0.39,0.16
19197,163,0.78,0.18
19198,38,0.73,0.26
19199,89,0.56,0.1
19200,78,0.6,0.31
19201,48,0.79,0.31
19202,43,0.8,0.2
19203,33,0.77,0.31
19204,61,0.47,0.16
19205,80,0.57,0.24
19206,194,0.39,0.16
19207,112,0.64,0.15
19208,114,0.78,0.24
19209,110,0.54,0.37
19210,25,0.61,0.33
19211,129,0.71,0.39
19212,95,0.21,0.12
19213,147,0.31,0.21
19214,130,0.27,0.14
19215,54,0.62,0.11
19216,25,0.79,0.16
19217,36,0.51,0.27
19218,73,0.45,0.14
19219,195,0.69,0.35
19220,193,0.34,0.32
19221,134,0.4,0.33
19222,198,0.23,0.24
19223,145,0.57,0.19
19224,188,0.3,0.13
19225,123,0.36,0.37
19226,41,0.25,0.11
19227,25,0.68,0.12
19228,33,0.7,0.34
19229,78,0.77,0.3
19230,56,0.69,0.29
19231,173,0.79,0.3
19232,91,0.74,0.21
19233,32,0.22,0.13
19234,62,0.77,0.13
19235,149,0.5,0.29
19236,122,0.79,0.31
19237,50,0.62,0.14
19238,154,0.77,0.24
19239,124,0.24,0.37
19240,21,0.38,0.36
19241,179,0.39,0.12
19242,196,0.75,0.34
19243,126,0.32,0.14
19244,165,0.53,0.27
19245,177,0.59,0.15
19246,26,0.64,0.33
19247,170,0.72,0.27
19248,151,0.57,0.36
19249,95,0.32,0.12
19250,113,0.39,0.26
19251,70,0.78,0.12
19252,56,0.45,0.19
19253,41,0.68,0.33
19254,89,0.71,0.33
19255,147,0.74,0.21
19256,71,0.34,0.19
19257,25,0.65,0.11
19258,60,0.78,0.11
19259,51,0.21,0.32
19260,134,0.34,0.35
19261,75,0.76,0.18
19262,51,0.36,0.16
19263,104,0.62,0.28
19264,147,0.75,0.34
19265,111,0.29,0.25
19266,58,0.62,0.14
19267,105,0.72,0.18
19268,129,0.65,0.33
19269,58,0.3,0.36
19270,101,0.77,0.38
19271,121,0.78,0.12
19272,154,0.5,0.21
19273,199,0.2,0.28
19274,178,0.48,0.29
19275,75,0.68,0.24
19276,50,0.57,0.4
19277,24,0.3,0.13
19278,74,0.71,0.18
19279,120,0.32,0.24
19280,175,0.64,0.15
19281,56,0.69,0.39
19282,71,0.73,0.19
19283,33,0.3,0.18
19284,87,0.71,0.37
19285,120,0.74,0.4
19286,58,0.64,0.11
19287,98,0.66,0.35
19288,49,0.56,0.23
19289,28,0.36,0.38
19290,32,0.72,0.21
19291,197,0.34,0.37
19292,30,0.23,0.3
19293,41,0.7,0.2
19294,58,0.31,0.18
19295,112,0.66,0.32
19296,170,0.25,0.13
19297,29,0.45,0.35
19298,68,0.37,0.34
19299,43,0.79,0.3
19300,32,0.51,0.13
19301,108,0.33,0.29
19302,67,0.62,0.22
19303,160,0.33,0.2
19304,91,0.49,0.11
19305,138,0.48,0.31
19306,183,0.27,0.33
19307,122,0.25,0.28
19308,149,0.48,0.15
19309,107,0.69,0.16
19310,151,0.27,0.37
19311,83,0.41,0.25
19312,76,0.38,0.11
19313,46,0.24,0.25
19314,157,0.22,0.34
19315,173,0.25,0.15
19316,85,0.44,0.11
19317,26,0.44,0.4
19318,130,0.7,0.19
19319,47,0.79,0.17
19320,48,0.79,0.17
19321,54,0.52,0.21
19322,138,0.64,0.36
19323,69,0.74,0.34
19324,100,0.78,0.36
19325,64,0.52,0.16
19326,182,0.64,0.34
19327,157,0.68,0.23
19328,55,0.54,0.14
19329,32,0.27,0.19
19330,26,0.69,0.36
19331,107,0.65,0.13
19332,131,0.6,0.33
19333,175,0.54,0.35
19334,86,0.57,0.12
19335,169,0.64,0.19
19336,62,0.24,0.2
19337,46,0.64,0.25
19338,91,0.51,0.33
19339,166,0.55,0.33
19340,53,0.37,0.14
19341,60,0.7,0.34
19342,132,0.21,0.14
19343,58,0.43,0.37
19344,112,0.49,0.22
19345,95,0.71,0.12
19346,76,0.75,0.11
19347,181,0.6,0.28
19348,48,0.52,0.39
19349,171,0.54,0.32
19350,89,0.57,0.21
19351,36,0.46,0.14
19352,30,0.38,0.16
19353,107,0.61,0.23
19354,187,0.39,0.22
19355,150,0.47,0.19
19356,54,0.2,0.21
19357,111,0.37,0.13
19358,23,0.62,0.37
19359,113,0.28,0.14
19360,22,0.8,0.33
19361,22,0.72,0.28
19362,188,0.33,0.4
19363,80,0.27,0.39
19364,164,0.74,0.3
19365,61,0.65,0.16
19366,191,0.65,0.22
19367,57,0.58,0.4
19368,29,0.52,0.34
19369,90,0.73,0.2
19370,167,0.39,0.17
19371,136,0.8,0.4
19372,164,0.61,0.3
19373,25,0.38,0.11
19374,55,0.64,0.11
19375,188,0.74,0.32
19376,127,0.22,0.2
19377,79,0.25,0.1
19378,149,0.47,0.36
19379,94,0.69,0.31
19380,44,0.47,0.25
19381,48,0.4,0.29
19382,162,0.72,0.33
19383,182,0.75,0.14
19384,119,0.33,0.19
19385,178,0.68,0.4
19386,74,0.76,0.32
19387,106,0.38,0.12
19388,126,0.73,0.31
19389,193,0.55,0.31
19390,57,0.36,0.16
19391,181,0.24,0.22
19392,156,0.46,0.12
19393,174,0.46,0.3
19394,162,0.3,0.23
19395,147,0.33,0.31
19396,188,0.6,0.34
19397,56,0.4,0.28
19398,48,0.33,0.29
19399,200,0.22,0.35
19400,61,0.62,0.2
19401,179,0.76,0.33
19402,136,0.39,0.12
19403,103,0.35,0.19
19404,188,0.65,0.3
19405,133,0.35,0.15
19406,59,0.26,0.26
19407,143,0.58,0.12
19408,156,0.44,0.27
19409,199,0.45,0.21
19410,30,0.27,0.21
19411,130,0.27,0.33
19412,80,0.76,0.31
19413,142,0.47,0.31
19414,27,0.45,0.36
19415,123,0.6,0.11
19416,56,0.22,0.39
19417,180,0.31,0.3
19418,163,0.41,0.19
19419,134,0.26,0.19
19420,86,0.44,0.22
19421,128,0.34,0.31
19422,61,0.67,0.17
19423,124,0.43,0.17
19424,48,0.62,0.3
19425,84,0.2,0.24
19426,46,0.38,0.37
19427,73,0.71,0.24
19428,39,0.41,0.18
19429,113,0.55,0.26
19430,91,0.55,0.39
19431,132,0.6,0.4
19432,79,0.37,0.39
19433,82,0.53,0.26
19434,77,0.69,0.14
19435,101,0.67,0.28
19436,129,0.67,0.35
19437,68,0.7,0.32
19438,111,0.48,0.33
19439,174,0.4,0.19
19440,75,0.32,0.14
19441,35,0.27,0.2
19442,48,0.46,0.25
19443,43,0.65,0.13
19444,131,0.21,0.16
19445,56,0.44,0.37
19446,95,0.2,0.27
19447,26,0.46,0.4
19448,170,0.34,0.26
19449,84,0.65,0.27
19450,61,0.5,0.36
19451,171,0.8,0.11
19452,94,0.65,0.3
19453,186,0.76,0.15
19454,39,0.22,0.34
19455,160,0.31,0.3
19456,190,0.24,0.3
19457,157,0.51,0.16
19458,196,0.68,0.11
19459,189,0.25,0.11
19460,172,0.52,0.11
19461,197,0.51,0.22
19462,130,0.63,0.26
19463,75,0.49,0.33
19464,155,0.29,0.35
19465,54,0.29,0.15
19466,139,0.41,0.35
19467,139,0.29,0.35
19468,110,0.23,0.23
19469,111,0.3,0.32
19470,95,0.65,0.31
19471,99,0.6,0.27
19472,97,0.51,0.16
19473,83,0.41,0.33
19474,37,0.64,0.37
19475,78,0.64,0.37
19476,76,0.51,0.38
19477,122,0.61,0.37
19478,61,0.69,0.14
19479,124,0.58,0.34
19480,191,0.32,0.25
19481,23,0.48,0.27
19482,110,0.34,0.15
19483,109,0.75,0.33
19484,181,0.56,0.26
19485,152,0.39,0.24
19486,29,0.34,0.37
19487,128,0.72,0.19
19488,85,0.41,0.15
19489,28,0.42,0.25
19490,56,0.53,0.38
19491,178,0.64,0.4
19492,36,0.49,0.19
19493,26,0.73,0.32
19494,194,0.27,0.36
19495,61,0.52,0.12
19496,30,0.53,0.21
19497,49,0.56,0.33
19498,27,0.58,0.16
19499,81,0.52,0.4
19500,166,0.54,0.38
19501,178,0.33,0.11
19502,149,0.78,0.12
19503,51,0.45,0.14
19504,35,0.6,0.24
19505,153,0.59,0.36
19506,69,0.48,0.37
19507,200,0.43,0.26
19508,87,0.35,0.17
19509,183,0.37,0.3
19510,158,0.65,0.25
19511,161,0.24,0.33
19512,41,0.33,0.32
19513,187,0.74,0.31
19514,169,0.28,0.34
19515,184,0.31,0.33
19516,137,0.69,0.21
19517,110,0.69,0.34
19518,40,0.33,0.11
19519,53,0.34,0.15
19520,39,0.51,0.36
19521,156,0.78,0.13
19522,100,0.49,0.38
19523,107,0.7,0.37
19524,70,0.77,0.24
19525,32,0.44,0.2
19526,116,0.39,0.11
19527,94,0.34,0.19
19528,52,0.6,0.33
19529,127,0.34,0.16
19530,53,0.24,0.39
19531,187,0.48,0.33
19532,183,0.35,0.31
19533,194,0.2,0.2
19534,121,0.7,0.21
19535,53,0.6,0.3
19536,92,0.69,0.27
19537,52,0.52,0.21
19538,157,0.3,0.4
19539,111,0.78,0.23
19540,59,0.78,0.1
19541,143,0.68,0.32
19542,122,0.76,0.39
19543,42,0.54,0.33
19544,158,0.3,0.16
19545,151,0.36,0.28
19546,43,0.69,0.26
19547,33,0.26,0.35
19548,82,0.65,0.24
19549,173,0.4,0.16
19550,182,0.59,0.14
19551,66,0.66,0.28
19552,52,0.64,0.24
19553,144,0.51,0.29
19554,151,0.77,0.21
19555,131,0.25,0.36
19556,55,0.65,0.17
19557,183,0.5,0.31
19558,178,0.52,0.14
19559,47,0.78,0.34
19560,88,0.52,0.11
19561,135,0.59,0.18
19562,64,0.31,0.28
19563,190,0.65,0.34
19564,30,0.73,0.19
19565,93,0.45,0.18
19566,172,0.68,0.1
19567,80,0.7,0.28
19568,90,0.59,0.34
19569,168,0.8,0.3
19570,85,0.34,0.23
19571,35,0.46,0.28
19572,172,0.28,0.29
19573,136,0.7,0.32
19574,155,0.39,0.17
19575,64,0.36,0.17
19576,51,0.75,0.31
19577,42,0.46,0.26
19578,164,0.29,0.36
19579,137,0.72,0.26
19580,142,0.28,0.15
19581,164,0.65,0.34
19582,193,0.55,0.11
19583,172,0.71,0.3
19584,79,0.3,0.17
19585,113,0.7,0.23
19586,104,0.61,0.19
19587,159,0.47,0.38
19588,31,0.5,0.2
19589,121,0.8,0.28
19590,151,0.75,0.22
19591,115,0.79,0.33
19592,77,0.69,0.19
19593,171,0.48,0.2
19594,86,0.24,0.37
19595,184,0.77,0.3
19596,158,0.5,0.38
19597,98,0.65,0.32
19598,119,0.32,0.13
19599,92,0.48,0.37
19600,53,0.45,0.15
19601,103,0.37,0.19
19602,121,0.22,0.37
19603,111,0.75,0.27
19604,48,0.73,0.33
19605,186,0.77,0.22
19606,190,0.44,0.14
19607,57,0.45,0.32
19608,171,0.46,0.36
19609,187,0.49,0.11
19610,124,0.6,0.32
19611,45,0.65,0.24
19612,21,0.27,0.15
19613,189,0.52,0.34
19614,74,0.4,0.38
19615,123,0.32,0.26
19616,168,0.4,0.18
19617,85,0.74,0.37
19618,195,0.36,0.22
19619,109,0.3,0.2
19620,157,0.35,0.11
19621,167,0.66,0.26
19622,36,0.49,0.36
19623,58,0.51,0.35
19624,65,0.6,0.13
19625,173,0.79,0.24
19626,159,0.46,0.15
19627,125,0.65,0.16
19628,171,0.7,0.26
19629,139,0.66,0.24
19630,82,0.26,0.12
19631,159,0.54,0.16
19632,164,0.72,0.21
19633,120,0.77,0.34
19634,64,0.42,0.29
19635,61,0.32,0.38
19636,127,0.21,0.26
19637,121,0.27,0.36
19638,62,0.78,0.4
19639,78,0.36,0.31
19640,29,0.35,0.17
19641,192,0.66,0.26
19642,23,0.62,0.11
19643,98,0.61,0.32
19644,138,0.47,0.38
19645,158,0.34,0.3
19646,148,0.49,0.39
19647,164,0.36,0.12
19648,187,0.54,0.32
19649,101,0.6,0.26
19650,96,0.44,0.21
19651,74,0.8,0.12
19652,59,0.79,0.12
19653,183,0.46,0.19
19654,35,0.78,0.3
19655,159,0.46,0.39
19656,101,0.74,0.2
19657,147,0.37,0.25
19658,150,0.39,0.21
19659,123,0.7,0.19
19660,56,0.75,0.2
19661,192,0.76,0.18
19662,57,0.79,0.11
19663,67,0.37,0.28
19664,38,0.22,0.19
19665,146,0.7,0.34
19666,161,0.24,0.31
19667,127,0.68,0.22
19668,47,0.62,0.15
19669,65,0.66,0.34
19670,35,0.68,0.16
19671,143,0.65,0.18
19672,133,0.25,0.31
19673,165,0.29,0.38
19674,195,0.74,0.37
19675,27,0.45,0.29
19676,56,0.57,0.28
19677,166,0.77,0.28
19678,86,0.59,0.1
19679,49,0.66,0.12
19680,63,0.67,0.35
19681,115,0.32,0.38
19682,130,0.49,0.36
19683,33,0.34,0.19
19684,34,0.23,0.14
19685,111,0.65,0.34
19686,73,0.4,0.28
19687,107,0.25,0.15
19688,25,0.2,0.17
19689,193,0.37,0.1
19690,179,0.71,0.14
19691,131,0.39,0.11
19692,89,0.64,0.27
19693,30,0.74,0.13
19694,100,0.77,0.36
19695,44,0.48,0.27
19696,183,0.39,0.39
19697,92,0.44,0.16
19698,197,0.3,0.22
19699,58,0.79,0.12
19700,35,0.48,0.27
19701,118,0.58,0.24
19702,46,0.32,0.3
19703,143,0.73,0.25
19704,154,0.7,0.12
19705,174,0.54,0.4
19706,191,0.37,0.35
19707,91,0.4,0.29
19708,195,0.28,0.19
19709,177,0.22,0.34
19710,141,0.65,0.21
19711,173,0.55,0.35
19712,161,0.34,0.28
19713,59,0.52,0.31
19714,26,0.32,0.17
19715,125,0.6,0.34
19716,42,0.54,0.19
19717,83,0.31,0.24
19718,136,0.37,0.2
19719,168,0.44,0.25
19720,113,0.41,0.4
19721,147,0.59,0.3
19722,58,0.35,0.18
19723,199,0.49,0.16
19724,107,0.49,0.35
19725,155,0.44,0.16
19726,23,0.54,0.29
19727,108,0.52,0.22
19728,115,0.22,0.38
19729,121,0.77,0.21
19730,96,0.37,0.38
19731,81,0.27,0.36
19732,102,0.59,0.11
19733,87,0.73,0.4
19734,58,0.48,0.33
19735,130,0.48,0.33
19736,164,0.73,0.37
19737,188,0.52,0.31
19738,192,0.36,0.38
19739,98,0.39,0.25
19740,83,0.48,0.3
19741,93,0.39,0.38
19742,131,0.23,0.32
19743,184,0.7,0.18
19744,187,0.6,0.22
19745,159,0.7,0.15
19746,112,0.29,0.32
19747,147,0.41,0.28
19748,93,0.39,0.36
19749,91,0.72,0.2
19750,60,0.24,0.34
19751,65,0.56,0.16
19752,186,0.63,0.39
19753,114,0.75,0.1
19754,61,0.53,0.33
19755,167,0.52,0.32
19756,81,0.69,0.13
19757,92,0.59,0.34
19758,191,0.33,0.38
19759,36,0.26,0.22
19760,162,0.22,0.27
19761,68,0.67,0.22
19762,91,0.29,0.2
19763,116,0.33,0.22
19764,200,0.31,0.1
19765,89,0.3,0.19
19766,116,0.38,0.3
19767,111,0.31,0.39
19768,199,0.28,0.29
19769,100,0.63,0.12
19770,30,0.33,0.13
19771,120,0.47,0.2
19772,90,0.8,0.25
19773,174,0.71,0.37
19774,59,0.73,0.17
19775,137,0.79,0.19
19776,149,0.67,0.13
19777,77,0.3,0.37
19778,42,0.66,0.25
19779,134,0.59,0.38
19780,127,0.26,0.35
19781,59,0.47,0.18
19782,126,0.26,0.3
19783,94,0.56,0.11
19784,180,0.49,0.14
19785,164,0.49,0.32
19786,156,0.47,0.13
19787,187,0.52,0.31
19788,73,0.27,0.34
19789,49,0.73,0.14
19790,135,0.74,0.37
19791,51,0.63,0.28
19792,103,0.22,0.22
19793,176,0.3,0.39
19794,131,0.27,0.27
19795,145,0.34,0.18
19796,147,0.72,0.13
19797,186,0.36,0.32
19798,66,0.67,0.35
19799,93,0.7,0.29
19800,125,0.22,0.18
19801,82,0.58,0.12
19802,37,0.7,0.31
19803,118,0.45,0.23
19804,139,0.68,0.13
19805,196,0.72,0.16
19806,84,0.54,0.19
19807,197,0.36,0.11
19808,90,0.64,0.24
19809,107,0.24,0.22
19810,72,0.52,0.21
19811,77,0.71,0.27
19812,104,0.61,0.14
19813,198,0.73,0.19
19814,139,0.23,0.37
19815,25,0.27,0.39
19816,123,0.35,0.15
19817,126,0.4,0.23
19818,190,0.21,0.4
19819,159,0.44,0.1
19820,194,0.27,0.31
19821,54,0.42,0.13
19822,165,0.79,0.21
19823,177,0.67,0.24
19824,121,0.41,0.2
19825,192,0.35,0.15
19826,91,0.33,0.11
19827,165,0.53,0.37
19828,164,0.5,0.21
19829,36,0.31,0.38
19830,20,0.75,0.36
19831,94,0.56,0.39
19832,161,0.62,0.17
19833,80,0.66,0.11
19834,25,0.64,0.29
19835,158,0.34,0.4
19836,125,0.35,0.21
19837,155,0.67,0.35
19838,94,0.73,0.21
19839,51,0.78,0.1
19840,68,0.56,0.1
19841,67,0.77,0.32
19842,24,0.35,0.14
19843,35,0.75,0.35
19844,179,0.21,0.18
19845,57,0.73,0.34
19846,46,0.41,0.15
19847,109,0.35,0.31
19848,59,0.36,0.15
19849,88,0.72,0.2
19850,183,0.26,0.17
19851,127,0.51,0.33
19852,125,0.5,0.18
19853,166,0.61,0.28
19854,192,0.52,0.2
19855,169,0.47,0.38
19856,98,0.52,0.21
19857,177,0.6,0.21
19858,35,0.45,0.18
19859,87,0.5,0.16
19860,120,0.57,0.25
19861,155,0.67,0.25
19862,179,0.78,0.21
19863,116,0.44,0.1
19864,30,0.38,0.21
19865,23,0.31,0.14
19866,186,0.68,0.35
19867,36,0.58,0.28
19868,84,0.27,0.31
19869,175,0.47,0.24
19870,138,0.61,0.14
19871,143,0.26,0.21
19872,130,0.27,0.17
19873,96,0.24,0.38
19874,38,0.32,0.12
19875,73,0.27,0.2
19876,161,0.31,0.21
19877,121,0.27,0.27
19878,106,0.24,0.32
19879,167,0.36,0.33
19880,74,0.32,0.33
19881,131,0.33,0.13
19882,104,0.73,0.1
19883,87,0.41,0.38
19884,134,0.27,0.33
19885,111,0.65,0.21
19886,28,0.55,0.33
19887,98,0.79,0.31
19888,95,0.23,0.16
19889,70,0.59,0.22
19890,161,0.48,0.36
19891,171,0.28,0.37
19892,157,0.67,0.33
19893,138,0.41,0.34
19894,78,0.29,0.12
19895,69,0.36,0.39
19896,140,0.58,0.25
19897,73,0.5,0.22
19898,139,0.35,0.13
19899,114,0.79,0.12
19900,48,0.24,0.22
19901,163,0.2,0.22
19902,177,0.38,0.2
19903,185,0.52,0.26
19904,185,0.56,0.19
19905,175,0.5,0.32
19906,44,0.53,0.35
19907,183,0.36,0.35
19908,82,0.44,0.16
19909,110,0.69,0.29
19910,92,0.31,0.36
19911,193,0.5,0.17
19912,44,0.24,0.2
19913,111,0.62,0.15
19914,113,0.71,0.24
19915,196,0.6,0.39
19916,126,0.32,0.23
19917,199,0.42,0.24
19918,170,0.4,0.1
19919,133,0.23,0.31
19920,166,0.51,0.16
19921,154,0.78,0.4
19922,118,0.79,0.29
19923,159,0.2,0.16
19924,174,0.68,0.29
19925,145,0.76,0.16
19926,115,0.3,0.31
19927,87,0.24,0.15
19928,101,0.54,0.21
19929,110,0.66,0.1
19930,177,0.31,0.34
19931,36,0.5,0.12
19932,49,0.66,0.26
19933,46,0.7,0.18
19934,124,0.32,0.23
19935,68,0.37,0.31
19936,91,0.74,0.3
19937,105,0.27,0.14
19938,108,0.61,0.37
19939,38,0.77,0.14
19940,79,0.63,0.38
19941,175,0.64,0.26
19942,127,0.51,0.24
19943,57,0.68,0.23
19944,167,0.57,0.36
19945,28,0.42,0.18
19946,70,0.28,0.39
19947,189,0.42,0.2
19948,77,0.78,0.27
19949,89,0.69,0.38
19950,130,0.53,0.27
19951,119,0.54,0.12
19952,83,0.68,0.15
19953,110,0.3,0.35
19954,71,0.23,0.29
19955,191,0.23,0.29
19956,178,0.6,0.17
19957,93,0.73,0.33
19958,97,0.51,0.33
19959,113,0.71,0.38
19960,137,0.39,0.14
19961,44,0.32,0.11
19962,51,0.58,0.34
19963,165,0.36,0.1
19964,107,0.29,0.34
19965,96,0.41,0.27
19966,158,0.42,0.27
19967,155,0.59,0.32
19968,199,0.54,0.35
19969,111,0.41,0.23
19970,113,0.67,0.25
19971,135,0.48,0.13
19972,165,0.29,0.13
19973,97,0.21,0.28
19974,100,0.63,0.25
19975,26,0.32,0.19
19976,30,0.38,0.18
19977,55,0.27,0.11
19978,169,0.66,0.29
19979,79,0.58,0.18
19980,106,0.28,0.2
19981,99,0.43,0.35
19982,56,0.48,0.2
19983,133,0.72,0.22
19984,142,0.44,0.2
19985,69,0.46,0.16
19986,185,0.58,0.25
19987,77,0.58,0.15
19988,29,0.3,0.19
19989,20,0.33,0.31
19990,77,0.46,0.24
19991,25,0.49,0.22
19992,165,0.73,0.26
19993,44,0.77,0.31
19994,28,0.32,0.12
19995,166,0.5,0.33
19996,22,0.26,0.32
19997,46,0.68,0.26
19998,137,0.63,0.18
19999,195,0.52,0.19
